
> backend@1.0.0 dev
> npx nodemon index.js

[33m[nodemon] 3.1.4[39m
[33m[nodemon] to restart at any time, enter `rs`[39m
[33m[nodemon] watching path(s): *.*[39m
[33m[nodemon] watching extensions: js,mjs,cjs,json[39m
[32m[nodemon] starting `node index.js`[39m
Executing (default): SELECT 1+1 AS result
Executing (default): SELECT table_name FROM information_schema.tables WHERE table_schema = 'public' AND table_name = 'Users'
Executing (default): SELECT t.typname enum_name, array_agg(e.enumlabel ORDER BY enumsortorder) enum_value FROM pg_type t JOIN pg_enum e ON t.oid = e.enumtypid JOIN pg_catalog.pg_namespace n ON n.oid = t.typnamespace WHERE n.nspname = 'public' AND t.typname='enum_Users_role' GROUP BY 1
Executing (default): SELECT pk.constraint_type as "Constraint",c.column_name as "Field", c.column_default as "Default",c.is_nullable as "Null", (CASE WHEN c.udt_name = 'hstore' THEN c.udt_name ELSE c.data_type END) || (CASE WHEN c.character_maximum_length IS NOT NULL THEN '(' || c.character_maximum_length || ')' ELSE '' END) as "Type", (SELECT array_agg(e.enumlabel) FROM pg_catalog.pg_type t JOIN pg_catalog.pg_enum e ON t.oid=e.enumtypid WHERE t.typname=c.udt_name) AS "special", (SELECT pgd.description FROM pg_catalog.pg_statio_all_tables AS st INNER JOIN pg_catalog.pg_description pgd on (pgd.objoid=st.relid) WHERE c.ordinal_position=pgd.objsubid AND c.table_name=st.relname) AS "Comment" FROM information_schema.columns c LEFT JOIN (SELECT tc.table_schema, tc.table_name, cu.column_name, tc.constraint_type FROM information_schema.TABLE_CONSTRAINTS tc JOIN information_schema.KEY_COLUMN_USAGE  cu ON tc.table_schema=cu.table_schema and tc.table_name=cu.table_name and tc.constraint_name=cu.constraint_name and tc.constraint_type='PRIMARY KEY') pk ON pk.table_schema=c.table_schema AND pk.table_name=c.table_name AND pk.column_name=c.column_name WHERE c.table_name = 'Users' AND c.table_schema = 'public'
Executing (default): SELECT DISTINCT tc.constraint_name as constraint_name, tc.constraint_schema as constraint_schema, tc.constraint_catalog as constraint_catalog, tc.table_name as table_name,tc.table_schema as table_schema,tc.table_catalog as table_catalog,tc.initially_deferred as initially_deferred,tc.is_deferrable as is_deferrable,kcu.column_name as column_name,ccu.table_schema  AS referenced_table_schema,ccu.table_catalog  AS referenced_table_catalog,ccu.table_name  AS referenced_table_name,ccu.column_name AS referenced_column_name FROM information_schema.table_constraints AS tc JOIN information_schema.key_column_usage AS kcu ON tc.constraint_name = kcu.constraint_name JOIN information_schema.constraint_column_usage AS ccu ON ccu.constraint_name = tc.constraint_name WHERE constraint_type = 'FOREIGN KEY' AND tc.table_name = 'Users' AND tc.table_catalog = 'KURGI_KP'
Executing (default): ALTER TABLE "Users" ALTER COLUMN "email" SET NOT NULL;ALTER TABLE "Users" ALTER COLUMN "email" DROP DEFAULT;ALTER TABLE "Users"  ADD UNIQUE ("email");ALTER TABLE "Users" ALTER COLUMN "email" TYPE VARCHAR(255)  ;
Executing (default): ALTER TABLE "Users" ALTER COLUMN "password" SET NOT NULL;ALTER TABLE "Users" ALTER COLUMN "password" DROP DEFAULT;ALTER TABLE "Users" ALTER COLUMN "password" TYPE VARCHAR(255);
Executing (default): ALTER TABLE "Users" ALTER COLUMN "name" SET NOT NULL;ALTER TABLE "Users" ALTER COLUMN "name" DROP DEFAULT;ALTER TABLE "Users" ALTER COLUMN "name" TYPE VARCHAR(255);
Executing (default): ALTER TABLE "Users" ALTER COLUMN "role" DROP NOT NULL;ALTER TABLE "Users" ALTER COLUMN "role" SET DEFAULT 'manager';DO 'BEGIN CREATE TYPE "public"."enum_Users_role" AS ENUM(''manager'', ''admin''); EXCEPTION WHEN duplicate_object THEN null; END';ALTER TABLE "Users" ALTER COLUMN "role" TYPE "public"."enum_Users_role" USING ("role"::"public"."enum_Users_role");
Executing (default): ALTER TABLE "Users" ALTER COLUMN "createdAt" SET NOT NULL;ALTER TABLE "Users" ALTER COLUMN "createdAt" DROP DEFAULT;ALTER TABLE "Users" ALTER COLUMN "createdAt" TYPE TIMESTAMP WITH TIME ZONE;
Executing (default): ALTER TABLE "Users" ALTER COLUMN "updatedAt" SET NOT NULL;ALTER TABLE "Users" ALTER COLUMN "updatedAt" DROP DEFAULT;ALTER TABLE "Users" ALTER COLUMN "updatedAt" TYPE TIMESTAMP WITH TIME ZONE;
Executing (default): ALTER TABLE "Users" ALTER COLUMN "job" DROP NOT NULL;ALTER TABLE "Users" ALTER COLUMN "job" DROP DEFAULT;ALTER TABLE "Users" ALTER COLUMN "job" TYPE VARCHAR(255);
Executing (default): ALTER TABLE "Users" ALTER COLUMN "tel" DROP NOT NULL;ALTER TABLE "Users" ALTER COLUMN "tel" DROP DEFAULT;ALTER TABLE "Users" ALTER COLUMN "tel" TYPE VARCHAR(255);
Executing (default): ALTER TABLE "Users" ALTER COLUMN "photo" DROP NOT NULL;ALTER TABLE "Users" ALTER COLUMN "photo" DROP DEFAULT;ALTER TABLE "Users" ALTER COLUMN "photo" TYPE VARCHAR(255);
Executing (default): SELECT i.relname AS name, ix.indisprimary AS primary, ix.indisunique AS unique, ix.indkey AS indkey, array_agg(a.attnum) as column_indexes, array_agg(a.attname) AS column_names, pg_get_indexdef(ix.indexrelid) AS definition FROM pg_class t, pg_class i, pg_index ix, pg_attribute a WHERE t.oid = ix.indrelid AND i.oid = ix.indexrelid AND a.attrelid = t.oid AND t.relkind = 'r' and t.relname = 'Users' GROUP BY i.relname, ix.indexrelid, ix.indisprimary, ix.indisunique, ix.indkey ORDER BY i.relname;
Executing (default): SELECT table_name FROM information_schema.tables WHERE table_schema = 'public' AND table_name = 'Contractors'
Executing (default): SELECT pk.constraint_type as "Constraint",c.column_name as "Field", c.column_default as "Default",c.is_nullable as "Null", (CASE WHEN c.udt_name = 'hstore' THEN c.udt_name ELSE c.data_type END) || (CASE WHEN c.character_maximum_length IS NOT NULL THEN '(' || c.character_maximum_length || ')' ELSE '' END) as "Type", (SELECT array_agg(e.enumlabel) FROM pg_catalog.pg_type t JOIN pg_catalog.pg_enum e ON t.oid=e.enumtypid WHERE t.typname=c.udt_name) AS "special", (SELECT pgd.description FROM pg_catalog.pg_statio_all_tables AS st INNER JOIN pg_catalog.pg_description pgd on (pgd.objoid=st.relid) WHERE c.ordinal_position=pgd.objsubid AND c.table_name=st.relname) AS "Comment" FROM information_schema.columns c LEFT JOIN (SELECT tc.table_schema, tc.table_name, cu.column_name, tc.constraint_type FROM information_schema.TABLE_CONSTRAINTS tc JOIN information_schema.KEY_COLUMN_USAGE  cu ON tc.table_schema=cu.table_schema and tc.table_name=cu.table_name and tc.constraint_name=cu.constraint_name and tc.constraint_type='PRIMARY KEY') pk ON pk.table_schema=c.table_schema AND pk.table_name=c.table_name AND pk.column_name=c.column_name WHERE c.table_name = 'Contractors' AND c.table_schema = 'public'
Executing (default): SELECT DISTINCT tc.constraint_name as constraint_name, tc.constraint_schema as constraint_schema, tc.constraint_catalog as constraint_catalog, tc.table_name as table_name,tc.table_schema as table_schema,tc.table_catalog as table_catalog,tc.initially_deferred as initially_deferred,tc.is_deferrable as is_deferrable,kcu.column_name as column_name,ccu.table_schema  AS referenced_table_schema,ccu.table_catalog  AS referenced_table_catalog,ccu.table_name  AS referenced_table_name,ccu.column_name AS referenced_column_name FROM information_schema.table_constraints AS tc JOIN information_schema.key_column_usage AS kcu ON tc.constraint_name = kcu.constraint_name JOIN information_schema.constraint_column_usage AS ccu ON ccu.constraint_name = tc.constraint_name WHERE constraint_type = 'FOREIGN KEY' AND tc.table_name = 'Contractors' AND tc.table_catalog = 'KURGI_KP'
Executing (default): ALTER TABLE "Contractors" ALTER COLUMN "companyName" SET NOT NULL;ALTER TABLE "Contractors" ALTER COLUMN "companyName" DROP DEFAULT;ALTER TABLE "Contractors" ALTER COLUMN "companyName" TYPE VARCHAR(255);
Executing (default): ALTER TABLE "Contractors" ALTER COLUMN "contactPerson" DROP NOT NULL;ALTER TABLE "Contractors" ALTER COLUMN "contactPerson" DROP DEFAULT;ALTER TABLE "Contractors" ALTER COLUMN "contactPerson" TYPE VARCHAR(255);
Executing (default): ALTER TABLE "Contractors" ALTER COLUMN "phone" DROP NOT NULL;ALTER TABLE "Contractors" ALTER COLUMN "phone" DROP DEFAULT;ALTER TABLE "Contractors" ALTER COLUMN "phone" TYPE VARCHAR(255);
Executing (default): ALTER TABLE "Contractors" ALTER COLUMN "email" DROP NOT NULL;ALTER TABLE "Contractors" ALTER COLUMN "email" DROP DEFAULT;ALTER TABLE "Contractors" ALTER COLUMN "email" TYPE VARCHAR(255);
Executing (default): ALTER TABLE "Contractors" ALTER COLUMN "notes" DROP NOT NULL;ALTER TABLE "Contractors" ALTER COLUMN "notes" DROP DEFAULT;ALTER TABLE "Contractors" ALTER COLUMN "notes" TYPE TEXT;
Executing (default): ALTER TABLE "Contractors" ALTER COLUMN "createdAt" SET NOT NULL;ALTER TABLE "Contractors" ALTER COLUMN "createdAt" DROP DEFAULT;ALTER TABLE "Contractors" ALTER COLUMN "createdAt" TYPE TIMESTAMP WITH TIME ZONE;
Executing (default): ALTER TABLE "Contractors" ALTER COLUMN "updatedAt" SET NOT NULL;ALTER TABLE "Contractors" ALTER COLUMN "updatedAt" DROP DEFAULT;ALTER TABLE "Contractors" ALTER COLUMN "updatedAt" TYPE TIMESTAMP WITH TIME ZONE;
Executing (default): SELECT i.relname AS name, ix.indisprimary AS primary, ix.indisunique AS unique, ix.indkey AS indkey, array_agg(a.attnum) as column_indexes, array_agg(a.attname) AS column_names, pg_get_indexdef(ix.indexrelid) AS definition FROM pg_class t, pg_class i, pg_index ix, pg_attribute a WHERE t.oid = ix.indrelid AND i.oid = ix.indexrelid AND a.attrelid = t.oid AND t.relkind = 'r' and t.relname = 'Contractors' GROUP BY i.relname, ix.indexrelid, ix.indisprimary, ix.indisunique, ix.indkey ORDER BY i.relname;
Executing (default): SELECT table_name FROM information_schema.tables WHERE table_schema = 'public' AND table_name = 'Events'
Executing (default): SELECT pk.constraint_type as "Constraint",c.column_name as "Field", c.column_default as "Default",c.is_nullable as "Null", (CASE WHEN c.udt_name = 'hstore' THEN c.udt_name ELSE c.data_type END) || (CASE WHEN c.character_maximum_length IS NOT NULL THEN '(' || c.character_maximum_length || ')' ELSE '' END) as "Type", (SELECT array_agg(e.enumlabel) FROM pg_catalog.pg_type t JOIN pg_catalog.pg_enum e ON t.oid=e.enumtypid WHERE t.typname=c.udt_name) AS "special", (SELECT pgd.description FROM pg_catalog.pg_statio_all_tables AS st INNER JOIN pg_catalog.pg_description pgd on (pgd.objoid=st.relid) WHERE c.ordinal_position=pgd.objsubid AND c.table_name=st.relname) AS "Comment" FROM information_schema.columns c LEFT JOIN (SELECT tc.table_schema, tc.table_name, cu.column_name, tc.constraint_type FROM information_schema.TABLE_CONSTRAINTS tc JOIN information_schema.KEY_COLUMN_USAGE  cu ON tc.table_schema=cu.table_schema and tc.table_name=cu.table_name and tc.constraint_name=cu.constraint_name and tc.constraint_type='PRIMARY KEY') pk ON pk.table_schema=c.table_schema AND pk.table_name=c.table_name AND pk.column_name=c.column_name WHERE c.table_name = 'Events' AND c.table_schema = 'public'
Executing (default): SELECT DISTINCT tc.constraint_name as constraint_name, tc.constraint_schema as constraint_schema, tc.constraint_catalog as constraint_catalog, tc.table_name as table_name,tc.table_schema as table_schema,tc.table_catalog as table_catalog,tc.initially_deferred as initially_deferred,tc.is_deferrable as is_deferrable,kcu.column_name as column_name,ccu.table_schema  AS referenced_table_schema,ccu.table_catalog  AS referenced_table_catalog,ccu.table_name  AS referenced_table_name,ccu.column_name AS referenced_column_name FROM information_schema.table_constraints AS tc JOIN information_schema.key_column_usage AS kcu ON tc.constraint_name = kcu.constraint_name JOIN information_schema.constraint_column_usage AS ccu ON ccu.constraint_name = tc.constraint_name WHERE constraint_type = 'FOREIGN KEY' AND tc.table_name = 'Events' AND tc.table_catalog = 'KURGI_KP'
Executing (default): ALTER TABLE "Events" ALTER COLUMN "title" SET NOT NULL;ALTER TABLE "Events" ALTER COLUMN "title" DROP DEFAULT;ALTER TABLE "Events" ALTER COLUMN "title" TYPE VARCHAR(255);
Executing (default): ALTER TABLE "Events" DROP CONSTRAINT "Events_contractorId_fkey"
Executing (default): ALTER TABLE "Events"  ADD FOREIGN KEY ("contractorId") REFERENCES "Contractors" ("id") ON DELETE SET NULL ON UPDATE CASCADE;
Executing (default): ALTER TABLE "Events" ALTER COLUMN "eventDate" DROP NOT NULL;ALTER TABLE "Events" ALTER COLUMN "eventDate" DROP DEFAULT;ALTER TABLE "Events" ALTER COLUMN "eventDate" TYPE DATE;
Executing (default): ALTER TABLE "Events" ALTER COLUMN "startTime" DROP NOT NULL;ALTER TABLE "Events" ALTER COLUMN "startTime" DROP DEFAULT;ALTER TABLE "Events" ALTER COLUMN "startTime" TYPE TIME;
Executing (default): ALTER TABLE "Events" ALTER COLUMN "endTime" DROP NOT NULL;ALTER TABLE "Events" ALTER COLUMN "endTime" DROP DEFAULT;ALTER TABLE "Events" ALTER COLUMN "endTime" TYPE TIME;
Executing (default): ALTER TABLE "Events" ALTER COLUMN "location" DROP NOT NULL;ALTER TABLE "Events" ALTER COLUMN "location" DROP DEFAULT;ALTER TABLE "Events" ALTER COLUMN "location" TYPE VARCHAR(255);
Executing (default): ALTER TABLE "Events" ALTER COLUMN "status" SET NOT NULL;ALTER TABLE "Events" ALTER COLUMN "status" SET DEFAULT 'Draft';ALTER TABLE "Events" ALTER COLUMN "status" TYPE VARCHAR(255);
Executing (default): ALTER TABLE "Events" ALTER COLUMN "notes" DROP NOT NULL;ALTER TABLE "Events" ALTER COLUMN "notes" DROP DEFAULT;ALTER TABLE "Events" ALTER COLUMN "notes" TYPE TEXT;
Executing (default): ALTER TABLE "Events" ALTER COLUMN "createdAt" SET NOT NULL;ALTER TABLE "Events" ALTER COLUMN "createdAt" DROP DEFAULT;ALTER TABLE "Events" ALTER COLUMN "createdAt" TYPE TIMESTAMP WITH TIME ZONE;
Executing (default): ALTER TABLE "Events" ALTER COLUMN "updatedAt" SET NOT NULL;ALTER TABLE "Events" ALTER COLUMN "updatedAt" DROP DEFAULT;ALTER TABLE "Events" ALTER COLUMN "updatedAt" TYPE TIMESTAMP WITH TIME ZONE;
Executing (default): ALTER TABLE "Events" ALTER COLUMN "startEvent" DROP NOT NULL;ALTER TABLE "Events" ALTER COLUMN "startEvent" DROP DEFAULT;ALTER TABLE "Events" ALTER COLUMN "startEvent" TYPE DATE;
Executing (default): ALTER TABLE "Events" ALTER COLUMN "endEvent" DROP NOT NULL;ALTER TABLE "Events" ALTER COLUMN "endEvent" DROP DEFAULT;ALTER TABLE "Events" ALTER COLUMN "endEvent" TYPE DATE;
Executing (default): ALTER TABLE "Events" ALTER COLUMN "startTimeStartEvent" DROP NOT NULL;ALTER TABLE "Events" ALTER COLUMN "startTimeStartEvent" DROP DEFAULT;ALTER TABLE "Events" ALTER COLUMN "startTimeStartEvent" TYPE TIME;
Executing (default): ALTER TABLE "Events" ALTER COLUMN "endTimeStartEvent" DROP NOT NULL;ALTER TABLE "Events" ALTER COLUMN "endTimeStartEvent" DROP DEFAULT;ALTER TABLE "Events" ALTER COLUMN "endTimeStartEvent" TYPE TIME;
Executing (default): ALTER TABLE "Events" ALTER COLUMN "startTimeEndEvent" DROP NOT NULL;ALTER TABLE "Events" ALTER COLUMN "startTimeEndEvent" DROP DEFAULT;ALTER TABLE "Events" ALTER COLUMN "startTimeEndEvent" TYPE TIME;
Executing (default): ALTER TABLE "Events" ALTER COLUMN "endTimeEndEvent" DROP NOT NULL;ALTER TABLE "Events" ALTER COLUMN "endTimeEndEvent" DROP DEFAULT;ALTER TABLE "Events" ALTER COLUMN "endTimeEndEvent" TYPE TIME;
Executing (default): ALTER TABLE "Events" ALTER COLUMN "countOfPerson" DROP NOT NULL;ALTER TABLE "Events" ALTER COLUMN "countOfPerson" DROP DEFAULT;ALTER TABLE "Events" ALTER COLUMN "countOfPerson" TYPE INTEGER;
Executing (default): SELECT i.relname AS name, ix.indisprimary AS primary, ix.indisunique AS unique, ix.indkey AS indkey, array_agg(a.attnum) as column_indexes, array_agg(a.attname) AS column_names, pg_get_indexdef(ix.indexrelid) AS definition FROM pg_class t, pg_class i, pg_index ix, pg_attribute a WHERE t.oid = ix.indrelid AND i.oid = ix.indexrelid AND a.attrelid = t.oid AND t.relkind = 'r' and t.relname = 'Events' GROUP BY i.relname, ix.indexrelid, ix.indisprimary, ix.indisunique, ix.indkey ORDER BY i.relname;
Executing (default): SELECT table_name FROM information_schema.tables WHERE table_schema = 'public' AND table_name = 'menuItems'
Executing (default): SELECT pk.constraint_type as "Constraint",c.column_name as "Field", c.column_default as "Default",c.is_nullable as "Null", (CASE WHEN c.udt_name = 'hstore' THEN c.udt_name ELSE c.data_type END) || (CASE WHEN c.character_maximum_length IS NOT NULL THEN '(' || c.character_maximum_length || ')' ELSE '' END) as "Type", (SELECT array_agg(e.enumlabel) FROM pg_catalog.pg_type t JOIN pg_catalog.pg_enum e ON t.oid=e.enumtypid WHERE t.typname=c.udt_name) AS "special", (SELECT pgd.description FROM pg_catalog.pg_statio_all_tables AS st INNER JOIN pg_catalog.pg_description pgd on (pgd.objoid=st.relid) WHERE c.ordinal_position=pgd.objsubid AND c.table_name=st.relname) AS "Comment" FROM information_schema.columns c LEFT JOIN (SELECT tc.table_schema, tc.table_name, cu.column_name, tc.constraint_type FROM information_schema.TABLE_CONSTRAINTS tc JOIN information_schema.KEY_COLUMN_USAGE  cu ON tc.table_schema=cu.table_schema and tc.table_name=cu.table_name and tc.constraint_name=cu.constraint_name and tc.constraint_type='PRIMARY KEY') pk ON pk.table_schema=c.table_schema AND pk.table_name=c.table_name AND pk.column_name=c.column_name WHERE c.table_name = 'menuItems' AND c.table_schema = 'public'
Executing (default): SELECT DISTINCT tc.constraint_name as constraint_name, tc.constraint_schema as constraint_schema, tc.constraint_catalog as constraint_catalog, tc.table_name as table_name,tc.table_schema as table_schema,tc.table_catalog as table_catalog,tc.initially_deferred as initially_deferred,tc.is_deferrable as is_deferrable,kcu.column_name as column_name,ccu.table_schema  AS referenced_table_schema,ccu.table_catalog  AS referenced_table_catalog,ccu.table_name  AS referenced_table_name,ccu.column_name AS referenced_column_name FROM information_schema.table_constraints AS tc JOIN information_schema.key_column_usage AS kcu ON tc.constraint_name = kcu.constraint_name JOIN information_schema.constraint_column_usage AS ccu ON ccu.constraint_name = tc.constraint_name WHERE constraint_type = 'FOREIGN KEY' AND tc.table_name = 'menuItems' AND tc.table_catalog = 'KURGI_KP'
Executing (default): ALTER TABLE "menuItems" ALTER COLUMN "title" SET NOT NULL;ALTER TABLE "menuItems" ALTER COLUMN "title" DROP DEFAULT;ALTER TABLE "menuItems" ALTER COLUMN "title" TYPE VARCHAR(255);
Executing (default): ALTER TABLE "menuItems" ALTER COLUMN "description" DROP NOT NULL;ALTER TABLE "menuItems" ALTER COLUMN "description" DROP DEFAULT;ALTER TABLE "menuItems" ALTER COLUMN "description" TYPE TEXT;
Executing (default): ALTER TABLE "menuItems" ALTER COLUMN "category" DROP NOT NULL;ALTER TABLE "menuItems" ALTER COLUMN "category" DROP DEFAULT;ALTER TABLE "menuItems" ALTER COLUMN "category" TYPE VARCHAR(255);
Executing (default): ALTER TABLE "menuItems" ALTER COLUMN "weight" DROP NOT NULL;ALTER TABLE "menuItems" ALTER COLUMN "weight" DROP DEFAULT;ALTER TABLE "menuItems" ALTER COLUMN "weight" TYPE INTEGER;
Executing (default): ALTER TABLE "menuItems" ALTER COLUMN "price" DROP NOT NULL;ALTER TABLE "menuItems" ALTER COLUMN "price" DROP DEFAULT;ALTER TABLE "menuItems" ALTER COLUMN "price" TYPE INTEGER;
Executing (default): ALTER TABLE "menuItems" ALTER COLUMN "active" DROP NOT NULL;ALTER TABLE "menuItems" ALTER COLUMN "active" SET DEFAULT true;ALTER TABLE "menuItems" ALTER COLUMN "active" TYPE BOOLEAN;
Executing (default): ALTER TABLE "menuItems" ALTER COLUMN "createdAt" SET NOT NULL;ALTER TABLE "menuItems" ALTER COLUMN "createdAt" DROP DEFAULT;ALTER TABLE "menuItems" ALTER COLUMN "createdAt" TYPE TIMESTAMP WITH TIME ZONE;
Executing (default): ALTER TABLE "menuItems" ALTER COLUMN "updatedAt" SET NOT NULL;ALTER TABLE "menuItems" ALTER COLUMN "updatedAt" DROP DEFAULT;ALTER TABLE "menuItems" ALTER COLUMN "updatedAt" TYPE TIMESTAMP WITH TIME ZONE;
Executing (default): SELECT i.relname AS name, ix.indisprimary AS primary, ix.indisunique AS unique, ix.indkey AS indkey, array_agg(a.attnum) as column_indexes, array_agg(a.attname) AS column_names, pg_get_indexdef(ix.indexrelid) AS definition FROM pg_class t, pg_class i, pg_index ix, pg_attribute a WHERE t.oid = ix.indrelid AND i.oid = ix.indexrelid AND a.attrelid = t.oid AND t.relkind = 'r' and t.relname = 'menuItems' GROUP BY i.relname, ix.indexrelid, ix.indisprimary, ix.indisunique, ix.indkey ORDER BY i.relname;
Executing (default): SELECT table_name FROM information_schema.tables WHERE table_schema = 'public' AND table_name = 'kps'
Executing (default): SELECT pk.constraint_type as "Constraint",c.column_name as "Field", c.column_default as "Default",c.is_nullable as "Null", (CASE WHEN c.udt_name = 'hstore' THEN c.udt_name ELSE c.data_type END) || (CASE WHEN c.character_maximum_length IS NOT NULL THEN '(' || c.character_maximum_length || ')' ELSE '' END) as "Type", (SELECT array_agg(e.enumlabel) FROM pg_catalog.pg_type t JOIN pg_catalog.pg_enum e ON t.oid=e.enumtypid WHERE t.typname=c.udt_name) AS "special", (SELECT pgd.description FROM pg_catalog.pg_statio_all_tables AS st INNER JOIN pg_catalog.pg_description pgd on (pgd.objoid=st.relid) WHERE c.ordinal_position=pgd.objsubid AND c.table_name=st.relname) AS "Comment" FROM information_schema.columns c LEFT JOIN (SELECT tc.table_schema, tc.table_name, cu.column_name, tc.constraint_type FROM information_schema.TABLE_CONSTRAINTS tc JOIN information_schema.KEY_COLUMN_USAGE  cu ON tc.table_schema=cu.table_schema and tc.table_name=cu.table_name and tc.constraint_name=cu.constraint_name and tc.constraint_type='PRIMARY KEY') pk ON pk.table_schema=c.table_schema AND pk.table_name=c.table_name AND pk.column_name=c.column_name WHERE c.table_name = 'kps' AND c.table_schema = 'public'
Executing (default): SELECT DISTINCT tc.constraint_name as constraint_name, tc.constraint_schema as constraint_schema, tc.constraint_catalog as constraint_catalog, tc.table_name as table_name,tc.table_schema as table_schema,tc.table_catalog as table_catalog,tc.initially_deferred as initially_deferred,tc.is_deferrable as is_deferrable,kcu.column_name as column_name,ccu.table_schema  AS referenced_table_schema,ccu.table_catalog  AS referenced_table_catalog,ccu.table_name  AS referenced_table_name,ccu.column_name AS referenced_column_name FROM information_schema.table_constraints AS tc JOIN information_schema.key_column_usage AS kcu ON tc.constraint_name = kcu.constraint_name JOIN information_schema.constraint_column_usage AS ccu ON ccu.constraint_name = tc.constraint_name WHERE constraint_type = 'FOREIGN KEY' AND tc.table_name = 'kps' AND tc.table_catalog = 'KURGI_KP'
Executing (default): ALTER TABLE "kps" ALTER COLUMN "kpNumber" DROP NOT NULL;ALTER TABLE "kps" ALTER COLUMN "kpNumber" DROP DEFAULT;ALTER TABLE "kps"  ADD UNIQUE ("kpNumber");ALTER TABLE "kps" ALTER COLUMN "kpNumber" TYPE VARCHAR(255) ;
Executing (default): ALTER TABLE "kps" ALTER COLUMN "kpDate" DROP NOT NULL;ALTER TABLE "kps" ALTER COLUMN "kpDate" DROP DEFAULT;ALTER TABLE "kps" ALTER COLUMN "kpDate" TYPE DATE;
Executing (default): ALTER TABLE "kps" ALTER COLUMN "contractNumber" DROP NOT NULL;ALTER TABLE "kps" ALTER COLUMN "contractNumber" DROP DEFAULT;ALTER TABLE "kps" ALTER COLUMN "contractNumber" TYPE VARCHAR(255);
Executing (default): ALTER TABLE "kps" ALTER COLUMN "contractDate" DROP NOT NULL;ALTER TABLE "kps" ALTER COLUMN "contractDate" DROP DEFAULT;ALTER TABLE "kps" ALTER COLUMN "contractDate" TYPE DATE;
Executing (default): ALTER TABLE "kps" ALTER COLUMN "startEvent" DROP NOT NULL;ALTER TABLE "kps" ALTER COLUMN "startEvent" DROP DEFAULT;ALTER TABLE "kps" ALTER COLUMN "startEvent" TYPE DATE;
Executing (default): ALTER TABLE "kps" ALTER COLUMN "endEvent" DROP NOT NULL;ALTER TABLE "kps" ALTER COLUMN "endEvent" DROP DEFAULT;ALTER TABLE "kps" ALTER COLUMN "endEvent" TYPE DATE;
Executing (default): ALTER TABLE "kps" ALTER COLUMN "eventPlace" DROP NOT NULL;ALTER TABLE "kps" ALTER COLUMN "eventPlace" DROP DEFAULT;ALTER TABLE "kps" ALTER COLUMN "eventPlace" TYPE VARCHAR(255);
Executing (default): ALTER TABLE "kps" ALTER COLUMN "countOfPerson" DROP NOT NULL;ALTER TABLE "kps" ALTER COLUMN "countOfPerson" DROP DEFAULT;ALTER TABLE "kps" ALTER COLUMN "countOfPerson" TYPE VARCHAR(255);
Executing (default): ALTER TABLE "kps" ALTER COLUMN "isWithinMkad" DROP NOT NULL;ALTER TABLE "kps" ALTER COLUMN "isWithinMkad" SET DEFAULT true;ALTER TABLE "kps" ALTER COLUMN "isWithinMkad" TYPE BOOLEAN;
Executing (default): ALTER TABLE "kps" ALTER COLUMN "logisticsCost" DROP NOT NULL;ALTER TABLE "kps" ALTER COLUMN "logisticsCost" DROP DEFAULT;ALTER TABLE "kps" ALTER COLUMN "logisticsCost" TYPE INTEGER;
Executing (default): ALTER TABLE "kps" ALTER COLUMN "listTitle" DROP NOT NULL;ALTER TABLE "kps" ALTER COLUMN "listTitle" DROP DEFAULT;ALTER TABLE "kps" ALTER COLUMN "listTitle" TYPE VARCHAR(255);
Executing (default): ALTER TABLE "kps" ALTER COLUMN "managerName" SET NOT NULL;ALTER TABLE "kps" ALTER COLUMN "managerName" DROP DEFAULT;ALTER TABLE "kps" ALTER COLUMN "managerName" TYPE VARCHAR(255);
Executing (default): ALTER TABLE "kps" ALTER COLUMN "createdAt" SET NOT NULL;ALTER TABLE "kps" ALTER COLUMN "createdAt" DROP DEFAULT;ALTER TABLE "kps" ALTER COLUMN "createdAt" TYPE TIMESTAMP WITH TIME ZONE;
Executing (default): ALTER TABLE "kps" ALTER COLUMN "updatedAt" SET NOT NULL;ALTER TABLE "kps" ALTER COLUMN "updatedAt" DROP DEFAULT;ALTER TABLE "kps" ALTER COLUMN "updatedAt" TYPE TIMESTAMP WITH TIME ZONE;
Executing (default): ALTER TABLE "kps" DROP CONSTRAINT "kps_managerId_fkey"
Executing (default): ALTER TABLE "kps"  ADD FOREIGN KEY ("managerId") REFERENCES "Users" ("id") ON DELETE SET NULL ON UPDATE CASCADE;
Executing (default): ALTER TABLE "kps" DROP CONSTRAINT "kps_contractorId_fkey"
Executing (default): ALTER TABLE "kps"  ADD FOREIGN KEY ("contractorId") REFERENCES "Contractors" ("id") ON DELETE SET NULL ON UPDATE CASCADE;
Executing (default): ALTER TABLE "kps" DROP CONSTRAINT "kps_eventId_fkey"
Executing (default): ALTER TABLE "kps"  ADD FOREIGN KEY ("eventId") REFERENCES "Events" ("id") ON DELETE SET NULL ON UPDATE CASCADE;
Executing (default): ALTER TABLE "kps" ALTER COLUMN "status" DROP NOT NULL;ALTER TABLE "kps" ALTER COLUMN "status" SET DEFAULT 'draft';ALTER TABLE "kps" ALTER COLUMN "status" TYPE VARCHAR(255);
Executing (default): ALTER TABLE "kps" ALTER COLUMN "totalAmount" DROP NOT NULL;ALTER TABLE "kps" ALTER COLUMN "totalAmount" DROP DEFAULT;ALTER TABLE "kps" ALTER COLUMN "totalAmount" TYPE INTEGER;
Executing (default): SELECT i.relname AS name, ix.indisprimary AS primary, ix.indisunique AS unique, ix.indkey AS indkey, array_agg(a.attnum) as column_indexes, array_agg(a.attname) AS column_names, pg_get_indexdef(ix.indexrelid) AS definition FROM pg_class t, pg_class i, pg_index ix, pg_attribute a WHERE t.oid = ix.indrelid AND i.oid = ix.indexrelid AND a.attrelid = t.oid AND t.relkind = 'r' and t.relname = 'kps' GROUP BY i.relname, ix.indexrelid, ix.indisprimary, ix.indisunique, ix.indkey ORDER BY i.relname;
Executing (default): SELECT table_name FROM information_schema.tables WHERE table_schema = 'public' AND table_name = 'lists'
Executing (default): SELECT pk.constraint_type as "Constraint",c.column_name as "Field", c.column_default as "Default",c.is_nullable as "Null", (CASE WHEN c.udt_name = 'hstore' THEN c.udt_name ELSE c.data_type END) || (CASE WHEN c.character_maximum_length IS NOT NULL THEN '(' || c.character_maximum_length || ')' ELSE '' END) as "Type", (SELECT array_agg(e.enumlabel) FROM pg_catalog.pg_type t JOIN pg_catalog.pg_enum e ON t.oid=e.enumtypid WHERE t.typname=c.udt_name) AS "special", (SELECT pgd.description FROM pg_catalog.pg_statio_all_tables AS st INNER JOIN pg_catalog.pg_description pgd on (pgd.objoid=st.relid) WHERE c.ordinal_position=pgd.objsubid AND c.table_name=st.relname) AS "Comment" FROM information_schema.columns c LEFT JOIN (SELECT tc.table_schema, tc.table_name, cu.column_name, tc.constraint_type FROM information_schema.TABLE_CONSTRAINTS tc JOIN information_schema.KEY_COLUMN_USAGE  cu ON tc.table_schema=cu.table_schema and tc.table_name=cu.table_name and tc.constraint_name=cu.constraint_name and tc.constraint_type='PRIMARY KEY') pk ON pk.table_schema=c.table_schema AND pk.table_name=c.table_name AND pk.column_name=c.column_name WHERE c.table_name = 'lists' AND c.table_schema = 'public'
Executing (default): SELECT DISTINCT tc.constraint_name as constraint_name, tc.constraint_schema as constraint_schema, tc.constraint_catalog as constraint_catalog, tc.table_name as table_name,tc.table_schema as table_schema,tc.table_catalog as table_catalog,tc.initially_deferred as initially_deferred,tc.is_deferrable as is_deferrable,kcu.column_name as column_name,ccu.table_schema  AS referenced_table_schema,ccu.table_catalog  AS referenced_table_catalog,ccu.table_name  AS referenced_table_name,ccu.column_name AS referenced_column_name FROM information_schema.table_constraints AS tc JOIN information_schema.key_column_usage AS kcu ON tc.constraint_name = kcu.constraint_name JOIN information_schema.constraint_column_usage AS ccu ON ccu.constraint_name = tc.constraint_name WHERE constraint_type = 'FOREIGN KEY' AND tc.table_name = 'lists' AND tc.table_catalog = 'KURGI_KP'
Executing (default): ALTER TABLE "lists" ALTER COLUMN "startEvent" SET NOT NULL;ALTER TABLE "lists" ALTER COLUMN "startEvent" DROP DEFAULT;ALTER TABLE "lists" ALTER COLUMN "startEvent" TYPE DATE;
Executing (default): ALTER TABLE "lists" ALTER COLUMN "endEvent" SET NOT NULL;ALTER TABLE "lists" ALTER COLUMN "endEvent" DROP DEFAULT;ALTER TABLE "lists" ALTER COLUMN "endEvent" TYPE DATE;
Executing (default): ALTER TABLE "lists" ALTER COLUMN "startTimeStartEvent" SET NOT NULL;ALTER TABLE "lists" ALTER COLUMN "startTimeStartEvent" DROP DEFAULT;ALTER TABLE "lists" ALTER COLUMN "startTimeStartEvent" TYPE TIME;
Executing (default): ALTER TABLE "lists" ALTER COLUMN "endTimeStartEvent" SET NOT NULL;ALTER TABLE "lists" ALTER COLUMN "endTimeStartEvent" DROP DEFAULT;ALTER TABLE "lists" ALTER COLUMN "endTimeStartEvent" TYPE TIME;
Executing (default): ALTER TABLE "lists" ALTER COLUMN "startTimeEndEvent" SET NOT NULL;ALTER TABLE "lists" ALTER COLUMN "startTimeEndEvent" DROP DEFAULT;ALTER TABLE "lists" ALTER COLUMN "startTimeEndEvent" TYPE TIME;
Executing (default): ALTER TABLE "lists" ALTER COLUMN "endTimeEndEvent" SET NOT NULL;ALTER TABLE "lists" ALTER COLUMN "endTimeEndEvent" DROP DEFAULT;ALTER TABLE "lists" ALTER COLUMN "endTimeEndEvent" TYPE TIME;
Executing (default): ALTER TABLE "lists" ALTER COLUMN "eventPlace" SET NOT NULL;ALTER TABLE "lists" ALTER COLUMN "eventPlace" DROP DEFAULT;ALTER TABLE "lists" ALTER COLUMN "eventPlace" TYPE VARCHAR(255);
Executing (default): ALTER TABLE "lists" ALTER COLUMN "countOfPerson" SET NOT NULL;ALTER TABLE "lists" ALTER COLUMN "countOfPerson" DROP DEFAULT;ALTER TABLE "lists" ALTER COLUMN "countOfPerson" TYPE VARCHAR(255);
Executing (default): ALTER TABLE "lists" ALTER COLUMN "listTitle" DROP NOT NULL;ALTER TABLE "lists" ALTER COLUMN "listTitle" DROP DEFAULT;ALTER TABLE "lists" ALTER COLUMN "listTitle" TYPE VARCHAR(255);
Executing (default): ALTER TABLE "lists" ALTER COLUMN "createdAt" SET NOT NULL;ALTER TABLE "lists" ALTER COLUMN "createdAt" DROP DEFAULT;ALTER TABLE "lists" ALTER COLUMN "createdAt" TYPE TIMESTAMP WITH TIME ZONE;
Executing (default): ALTER TABLE "lists" ALTER COLUMN "updatedAt" SET NOT NULL;ALTER TABLE "lists" ALTER COLUMN "updatedAt" DROP DEFAULT;ALTER TABLE "lists" ALTER COLUMN "updatedAt" TYPE TIMESTAMP WITH TIME ZONE;
Executing (default): ALTER TABLE "lists" DROP CONSTRAINT "lists_kpId_fkey"
Executing (default): ALTER TABLE "lists"  ADD FOREIGN KEY ("kpId") REFERENCES "kps" ("id") ON DELETE SET NULL ON UPDATE CASCADE;
Executing (default): SELECT i.relname AS name, ix.indisprimary AS primary, ix.indisunique AS unique, ix.indkey AS indkey, array_agg(a.attnum) as column_indexes, array_agg(a.attname) AS column_names, pg_get_indexdef(ix.indexrelid) AS definition FROM pg_class t, pg_class i, pg_index ix, pg_attribute a WHERE t.oid = ix.indrelid AND i.oid = ix.indexrelid AND a.attrelid = t.oid AND t.relkind = 'r' and t.relname = 'lists' GROUP BY i.relname, ix.indexrelid, ix.indisprimary, ix.indisunique, ix.indkey ORDER BY i.relname;
Executing (default): SELECT table_name FROM information_schema.tables WHERE table_schema = 'public' AND table_name = 'rows'
Executing (default): SELECT pk.constraint_type as "Constraint",c.column_name as "Field", c.column_default as "Default",c.is_nullable as "Null", (CASE WHEN c.udt_name = 'hstore' THEN c.udt_name ELSE c.data_type END) || (CASE WHEN c.character_maximum_length IS NOT NULL THEN '(' || c.character_maximum_length || ')' ELSE '' END) as "Type", (SELECT array_agg(e.enumlabel) FROM pg_catalog.pg_type t JOIN pg_catalog.pg_enum e ON t.oid=e.enumtypid WHERE t.typname=c.udt_name) AS "special", (SELECT pgd.description FROM pg_catalog.pg_statio_all_tables AS st INNER JOIN pg_catalog.pg_description pgd on (pgd.objoid=st.relid) WHERE c.ordinal_position=pgd.objsubid AND c.table_name=st.relname) AS "Comment" FROM information_schema.columns c LEFT JOIN (SELECT tc.table_schema, tc.table_name, cu.column_name, tc.constraint_type FROM information_schema.TABLE_CONSTRAINTS tc JOIN information_schema.KEY_COLUMN_USAGE  cu ON tc.table_schema=cu.table_schema and tc.table_name=cu.table_name and tc.constraint_name=cu.constraint_name and tc.constraint_type='PRIMARY KEY') pk ON pk.table_schema=c.table_schema AND pk.table_name=c.table_name AND pk.column_name=c.column_name WHERE c.table_name = 'rows' AND c.table_schema = 'public'
Executing (default): SELECT DISTINCT tc.constraint_name as constraint_name, tc.constraint_schema as constraint_schema, tc.constraint_catalog as constraint_catalog, tc.table_name as table_name,tc.table_schema as table_schema,tc.table_catalog as table_catalog,tc.initially_deferred as initially_deferred,tc.is_deferrable as is_deferrable,kcu.column_name as column_name,ccu.table_schema  AS referenced_table_schema,ccu.table_catalog  AS referenced_table_catalog,ccu.table_name  AS referenced_table_name,ccu.column_name AS referenced_column_name FROM information_schema.table_constraints AS tc JOIN information_schema.key_column_usage AS kcu ON tc.constraint_name = kcu.constraint_name JOIN information_schema.constraint_column_usage AS ccu ON ccu.constraint_name = tc.constraint_name WHERE constraint_type = 'FOREIGN KEY' AND tc.table_name = 'rows' AND tc.table_catalog = 'KURGI_KP'
Executing (default): ALTER TABLE "rows" ALTER COLUMN "product" SET NOT NULL;ALTER TABLE "rows" ALTER COLUMN "product" DROP DEFAULT;ALTER TABLE "rows" ALTER COLUMN "product" TYPE VARCHAR(255);
Executing (default): ALTER TABLE "rows" ALTER COLUMN "composition" DROP NOT NULL;ALTER TABLE "rows" ALTER COLUMN "composition" DROP DEFAULT;ALTER TABLE "rows" ALTER COLUMN "composition" TYPE VARCHAR(255);
Executing (default): ALTER TABLE "rows" ALTER COLUMN "productWeight" DROP NOT NULL;ALTER TABLE "rows" ALTER COLUMN "productWeight" DROP DEFAULT;ALTER TABLE "rows" ALTER COLUMN "productWeight" TYPE INTEGER;
Executing (default): ALTER TABLE "rows" ALTER COLUMN "countOfProduct" SET NOT NULL;ALTER TABLE "rows" ALTER COLUMN "countOfProduct" DROP DEFAULT;ALTER TABLE "rows" ALTER COLUMN "countOfProduct" TYPE INTEGER;
Executing (default): ALTER TABLE "rows" ALTER COLUMN "priceOfProduct" SET NOT NULL;ALTER TABLE "rows" ALTER COLUMN "priceOfProduct" DROP DEFAULT;ALTER TABLE "rows" ALTER COLUMN "priceOfProduct" TYPE INTEGER;
Executing (default): ALTER TABLE "rows" ALTER COLUMN "createdAt" SET NOT NULL;ALTER TABLE "rows" ALTER COLUMN "createdAt" DROP DEFAULT;ALTER TABLE "rows" ALTER COLUMN "createdAt" TYPE TIMESTAMP WITH TIME ZONE;
Executing (default): ALTER TABLE "rows" ALTER COLUMN "updatedAt" SET NOT NULL;ALTER TABLE "rows" ALTER COLUMN "updatedAt" DROP DEFAULT;ALTER TABLE "rows" ALTER COLUMN "updatedAt" TYPE TIMESTAMP WITH TIME ZONE;
Executing (default): ALTER TABLE "rows" DROP CONSTRAINT "rows_listId_fkey"
Executing (default): ALTER TABLE "rows"  ADD FOREIGN KEY ("listId") REFERENCES "lists" ("id") ON DELETE SET NULL ON UPDATE CASCADE;
Executing (default): ALTER TABLE "rows" ALTER COLUMN "typeOfProduct" DROP NOT NULL;ALTER TABLE "rows" ALTER COLUMN "typeOfProduct" DROP DEFAULT;ALTER TABLE "rows" ALTER COLUMN "typeOfProduct" TYPE VARCHAR(255);
Executing (default): ALTER TABLE "rows" ALTER COLUMN "order" SET NOT NULL;ALTER TABLE "rows" ALTER COLUMN "order" SET DEFAULT 0;ALTER TABLE "rows" ALTER COLUMN "order" TYPE INTEGER;
Executing (default): SELECT i.relname AS name, ix.indisprimary AS primary, ix.indisunique AS unique, ix.indkey AS indkey, array_agg(a.attnum) as column_indexes, array_agg(a.attname) AS column_names, pg_get_indexdef(ix.indexrelid) AS definition FROM pg_class t, pg_class i, pg_index ix, pg_attribute a WHERE t.oid = ix.indrelid AND i.oid = ix.indexrelid AND a.attrelid = t.oid AND t.relkind = 'r' and t.relname = 'rows' GROUP BY i.relname, ix.indexrelid, ix.indisprimary, ix.indisunique, ix.indkey ORDER BY i.relname;
server started on port 3000
[32m[nodemon] restarting due to changes...[39m
[32m[nodemon] starting `node index.js`[39m
Executing (default): SELECT 1+1 AS result
Executing (default): SELECT table_name FROM information_schema.tables WHERE table_schema = 'public' AND table_name = 'Users'
Executing (default): SELECT t.typname enum_name, array_agg(e.enumlabel ORDER BY enumsortorder) enum_value FROM pg_type t JOIN pg_enum e ON t.oid = e.enumtypid JOIN pg_catalog.pg_namespace n ON n.oid = t.typnamespace WHERE n.nspname = 'public' AND t.typname='enum_Users_role' GROUP BY 1
Executing (default): SELECT pk.constraint_type as "Constraint",c.column_name as "Field", c.column_default as "Default",c.is_nullable as "Null", (CASE WHEN c.udt_name = 'hstore' THEN c.udt_name ELSE c.data_type END) || (CASE WHEN c.character_maximum_length IS NOT NULL THEN '(' || c.character_maximum_length || ')' ELSE '' END) as "Type", (SELECT array_agg(e.enumlabel) FROM pg_catalog.pg_type t JOIN pg_catalog.pg_enum e ON t.oid=e.enumtypid WHERE t.typname=c.udt_name) AS "special", (SELECT pgd.description FROM pg_catalog.pg_statio_all_tables AS st INNER JOIN pg_catalog.pg_description pgd on (pgd.objoid=st.relid) WHERE c.ordinal_position=pgd.objsubid AND c.table_name=st.relname) AS "Comment" FROM information_schema.columns c LEFT JOIN (SELECT tc.table_schema, tc.table_name, cu.column_name, tc.constraint_type FROM information_schema.TABLE_CONSTRAINTS tc JOIN information_schema.KEY_COLUMN_USAGE  cu ON tc.table_schema=cu.table_schema and tc.table_name=cu.table_name and tc.constraint_name=cu.constraint_name and tc.constraint_type='PRIMARY KEY') pk ON pk.table_schema=c.table_schema AND pk.table_name=c.table_name AND pk.column_name=c.column_name WHERE c.table_name = 'Users' AND c.table_schema = 'public'
Executing (default): SELECT DISTINCT tc.constraint_name as constraint_name, tc.constraint_schema as constraint_schema, tc.constraint_catalog as constraint_catalog, tc.table_name as table_name,tc.table_schema as table_schema,tc.table_catalog as table_catalog,tc.initially_deferred as initially_deferred,tc.is_deferrable as is_deferrable,kcu.column_name as column_name,ccu.table_schema  AS referenced_table_schema,ccu.table_catalog  AS referenced_table_catalog,ccu.table_name  AS referenced_table_name,ccu.column_name AS referenced_column_name FROM information_schema.table_constraints AS tc JOIN information_schema.key_column_usage AS kcu ON tc.constraint_name = kcu.constraint_name JOIN information_schema.constraint_column_usage AS ccu ON ccu.constraint_name = tc.constraint_name WHERE constraint_type = 'FOREIGN KEY' AND tc.table_name = 'Users' AND tc.table_catalog = 'KURGI_KP'
Executing (default): ALTER TABLE "Users" ALTER COLUMN "email" SET NOT NULL;ALTER TABLE "Users" ALTER COLUMN "email" DROP DEFAULT;ALTER TABLE "Users"  ADD UNIQUE ("email");ALTER TABLE "Users" ALTER COLUMN "email" TYPE VARCHAR(255)  ;
Executing (default): ALTER TABLE "Users" ALTER COLUMN "password" SET NOT NULL;ALTER TABLE "Users" ALTER COLUMN "password" DROP DEFAULT;ALTER TABLE "Users" ALTER COLUMN "password" TYPE VARCHAR(255);
Executing (default): ALTER TABLE "Users" ALTER COLUMN "name" SET NOT NULL;ALTER TABLE "Users" ALTER COLUMN "name" DROP DEFAULT;ALTER TABLE "Users" ALTER COLUMN "name" TYPE VARCHAR(255);
Executing (default): ALTER TABLE "Users" ALTER COLUMN "role" DROP NOT NULL;ALTER TABLE "Users" ALTER COLUMN "role" SET DEFAULT 'manager';DO 'BEGIN CREATE TYPE "public"."enum_Users_role" AS ENUM(''manager'', ''admin''); EXCEPTION WHEN duplicate_object THEN null; END';ALTER TABLE "Users" ALTER COLUMN "role" TYPE "public"."enum_Users_role" USING ("role"::"public"."enum_Users_role");
Executing (default): ALTER TABLE "Users" ALTER COLUMN "createdAt" SET NOT NULL;ALTER TABLE "Users" ALTER COLUMN "createdAt" DROP DEFAULT;ALTER TABLE "Users" ALTER COLUMN "createdAt" TYPE TIMESTAMP WITH TIME ZONE;
Executing (default): ALTER TABLE "Users" ALTER COLUMN "updatedAt" SET NOT NULL;ALTER TABLE "Users" ALTER COLUMN "updatedAt" DROP DEFAULT;ALTER TABLE "Users" ALTER COLUMN "updatedAt" TYPE TIMESTAMP WITH TIME ZONE;
Executing (default): ALTER TABLE "Users" ALTER COLUMN "job" DROP NOT NULL;ALTER TABLE "Users" ALTER COLUMN "job" DROP DEFAULT;ALTER TABLE "Users" ALTER COLUMN "job" TYPE VARCHAR(255);
Executing (default): ALTER TABLE "Users" ALTER COLUMN "tel" DROP NOT NULL;ALTER TABLE "Users" ALTER COLUMN "tel" DROP DEFAULT;ALTER TABLE "Users" ALTER COLUMN "tel" TYPE VARCHAR(255);
Executing (default): ALTER TABLE "Users" ALTER COLUMN "photo" DROP NOT NULL;ALTER TABLE "Users" ALTER COLUMN "photo" DROP DEFAULT;ALTER TABLE "Users" ALTER COLUMN "photo" TYPE VARCHAR(255);
Executing (default): SELECT i.relname AS name, ix.indisprimary AS primary, ix.indisunique AS unique, ix.indkey AS indkey, array_agg(a.attnum) as column_indexes, array_agg(a.attname) AS column_names, pg_get_indexdef(ix.indexrelid) AS definition FROM pg_class t, pg_class i, pg_index ix, pg_attribute a WHERE t.oid = ix.indrelid AND i.oid = ix.indexrelid AND a.attrelid = t.oid AND t.relkind = 'r' and t.relname = 'Users' GROUP BY i.relname, ix.indexrelid, ix.indisprimary, ix.indisunique, ix.indkey ORDER BY i.relname;
Executing (default): SELECT table_name FROM information_schema.tables WHERE table_schema = 'public' AND table_name = 'Contractors'
Executing (default): SELECT pk.constraint_type as "Constraint",c.column_name as "Field", c.column_default as "Default",c.is_nullable as "Null", (CASE WHEN c.udt_name = 'hstore' THEN c.udt_name ELSE c.data_type END) || (CASE WHEN c.character_maximum_length IS NOT NULL THEN '(' || c.character_maximum_length || ')' ELSE '' END) as "Type", (SELECT array_agg(e.enumlabel) FROM pg_catalog.pg_type t JOIN pg_catalog.pg_enum e ON t.oid=e.enumtypid WHERE t.typname=c.udt_name) AS "special", (SELECT pgd.description FROM pg_catalog.pg_statio_all_tables AS st INNER JOIN pg_catalog.pg_description pgd on (pgd.objoid=st.relid) WHERE c.ordinal_position=pgd.objsubid AND c.table_name=st.relname) AS "Comment" FROM information_schema.columns c LEFT JOIN (SELECT tc.table_schema, tc.table_name, cu.column_name, tc.constraint_type FROM information_schema.TABLE_CONSTRAINTS tc JOIN information_schema.KEY_COLUMN_USAGE  cu ON tc.table_schema=cu.table_schema and tc.table_name=cu.table_name and tc.constraint_name=cu.constraint_name and tc.constraint_type='PRIMARY KEY') pk ON pk.table_schema=c.table_schema AND pk.table_name=c.table_name AND pk.column_name=c.column_name WHERE c.table_name = 'Contractors' AND c.table_schema = 'public'
Executing (default): SELECT DISTINCT tc.constraint_name as constraint_name, tc.constraint_schema as constraint_schema, tc.constraint_catalog as constraint_catalog, tc.table_name as table_name,tc.table_schema as table_schema,tc.table_catalog as table_catalog,tc.initially_deferred as initially_deferred,tc.is_deferrable as is_deferrable,kcu.column_name as column_name,ccu.table_schema  AS referenced_table_schema,ccu.table_catalog  AS referenced_table_catalog,ccu.table_name  AS referenced_table_name,ccu.column_name AS referenced_column_name FROM information_schema.table_constraints AS tc JOIN information_schema.key_column_usage AS kcu ON tc.constraint_name = kcu.constraint_name JOIN information_schema.constraint_column_usage AS ccu ON ccu.constraint_name = tc.constraint_name WHERE constraint_type = 'FOREIGN KEY' AND tc.table_name = 'Contractors' AND tc.table_catalog = 'KURGI_KP'
Executing (default): ALTER TABLE "Contractors" ALTER COLUMN "companyName" SET NOT NULL;ALTER TABLE "Contractors" ALTER COLUMN "companyName" DROP DEFAULT;ALTER TABLE "Contractors" ALTER COLUMN "companyName" TYPE VARCHAR(255);
Executing (default): ALTER TABLE "Contractors" ALTER COLUMN "contactPerson" DROP NOT NULL;ALTER TABLE "Contractors" ALTER COLUMN "contactPerson" DROP DEFAULT;ALTER TABLE "Contractors" ALTER COLUMN "contactPerson" TYPE VARCHAR(255);
Executing (default): ALTER TABLE "Contractors" ALTER COLUMN "phone" DROP NOT NULL;ALTER TABLE "Contractors" ALTER COLUMN "phone" DROP DEFAULT;ALTER TABLE "Contractors" ALTER COLUMN "phone" TYPE VARCHAR(255);
Executing (default): ALTER TABLE "Contractors" ALTER COLUMN "email" DROP NOT NULL;ALTER TABLE "Contractors" ALTER COLUMN "email" DROP DEFAULT;ALTER TABLE "Contractors" ALTER COLUMN "email" TYPE VARCHAR(255);
Executing (default): ALTER TABLE "Contractors" ALTER COLUMN "notes" DROP NOT NULL;ALTER TABLE "Contractors" ALTER COLUMN "notes" DROP DEFAULT;ALTER TABLE "Contractors" ALTER COLUMN "notes" TYPE TEXT;
Executing (default): ALTER TABLE "Contractors" ALTER COLUMN "createdAt" SET NOT NULL;ALTER TABLE "Contractors" ALTER COLUMN "createdAt" DROP DEFAULT;ALTER TABLE "Contractors" ALTER COLUMN "createdAt" TYPE TIMESTAMP WITH TIME ZONE;
Executing (default): ALTER TABLE "Contractors" ALTER COLUMN "updatedAt" SET NOT NULL;ALTER TABLE "Contractors" ALTER COLUMN "updatedAt" DROP DEFAULT;ALTER TABLE "Contractors" ALTER COLUMN "updatedAt" TYPE TIMESTAMP WITH TIME ZONE;
Executing (default): SELECT i.relname AS name, ix.indisprimary AS primary, ix.indisunique AS unique, ix.indkey AS indkey, array_agg(a.attnum) as column_indexes, array_agg(a.attname) AS column_names, pg_get_indexdef(ix.indexrelid) AS definition FROM pg_class t, pg_class i, pg_index ix, pg_attribute a WHERE t.oid = ix.indrelid AND i.oid = ix.indexrelid AND a.attrelid = t.oid AND t.relkind = 'r' and t.relname = 'Contractors' GROUP BY i.relname, ix.indexrelid, ix.indisprimary, ix.indisunique, ix.indkey ORDER BY i.relname;
Executing (default): SELECT table_name FROM information_schema.tables WHERE table_schema = 'public' AND table_name = 'Events'
Executing (default): SELECT pk.constraint_type as "Constraint",c.column_name as "Field", c.column_default as "Default",c.is_nullable as "Null", (CASE WHEN c.udt_name = 'hstore' THEN c.udt_name ELSE c.data_type END) || (CASE WHEN c.character_maximum_length IS NOT NULL THEN '(' || c.character_maximum_length || ')' ELSE '' END) as "Type", (SELECT array_agg(e.enumlabel) FROM pg_catalog.pg_type t JOIN pg_catalog.pg_enum e ON t.oid=e.enumtypid WHERE t.typname=c.udt_name) AS "special", (SELECT pgd.description FROM pg_catalog.pg_statio_all_tables AS st INNER JOIN pg_catalog.pg_description pgd on (pgd.objoid=st.relid) WHERE c.ordinal_position=pgd.objsubid AND c.table_name=st.relname) AS "Comment" FROM information_schema.columns c LEFT JOIN (SELECT tc.table_schema, tc.table_name, cu.column_name, tc.constraint_type FROM information_schema.TABLE_CONSTRAINTS tc JOIN information_schema.KEY_COLUMN_USAGE  cu ON tc.table_schema=cu.table_schema and tc.table_name=cu.table_name and tc.constraint_name=cu.constraint_name and tc.constraint_type='PRIMARY KEY') pk ON pk.table_schema=c.table_schema AND pk.table_name=c.table_name AND pk.column_name=c.column_name WHERE c.table_name = 'Events' AND c.table_schema = 'public'
Executing (default): SELECT DISTINCT tc.constraint_name as constraint_name, tc.constraint_schema as constraint_schema, tc.constraint_catalog as constraint_catalog, tc.table_name as table_name,tc.table_schema as table_schema,tc.table_catalog as table_catalog,tc.initially_deferred as initially_deferred,tc.is_deferrable as is_deferrable,kcu.column_name as column_name,ccu.table_schema  AS referenced_table_schema,ccu.table_catalog  AS referenced_table_catalog,ccu.table_name  AS referenced_table_name,ccu.column_name AS referenced_column_name FROM information_schema.table_constraints AS tc JOIN information_schema.key_column_usage AS kcu ON tc.constraint_name = kcu.constraint_name JOIN information_schema.constraint_column_usage AS ccu ON ccu.constraint_name = tc.constraint_name WHERE constraint_type = 'FOREIGN KEY' AND tc.table_name = 'Events' AND tc.table_catalog = 'KURGI_KP'
Executing (default): ALTER TABLE "Events" ALTER COLUMN "title" SET NOT NULL;ALTER TABLE "Events" ALTER COLUMN "title" DROP DEFAULT;ALTER TABLE "Events" ALTER COLUMN "title" TYPE VARCHAR(255);
Executing (default): ALTER TABLE "Events" DROP CONSTRAINT "Events_contractorId_fkey"
Executing (default): ALTER TABLE "Events"  ADD FOREIGN KEY ("contractorId") REFERENCES "Contractors" ("id") ON DELETE SET NULL ON UPDATE CASCADE;
Executing (default): ALTER TABLE "Events" ALTER COLUMN "eventDate" DROP NOT NULL;ALTER TABLE "Events" ALTER COLUMN "eventDate" DROP DEFAULT;ALTER TABLE "Events" ALTER COLUMN "eventDate" TYPE DATE;
Executing (default): ALTER TABLE "Events" ALTER COLUMN "startTime" DROP NOT NULL;ALTER TABLE "Events" ALTER COLUMN "startTime" DROP DEFAULT;ALTER TABLE "Events" ALTER COLUMN "startTime" TYPE TIME;
Executing (default): ALTER TABLE "Events" ALTER COLUMN "endTime" DROP NOT NULL;ALTER TABLE "Events" ALTER COLUMN "endTime" DROP DEFAULT;ALTER TABLE "Events" ALTER COLUMN "endTime" TYPE TIME;
Executing (default): ALTER TABLE "Events" ALTER COLUMN "location" DROP NOT NULL;ALTER TABLE "Events" ALTER COLUMN "location" DROP DEFAULT;ALTER TABLE "Events" ALTER COLUMN "location" TYPE VARCHAR(255);
Executing (default): ALTER TABLE "Events" ALTER COLUMN "status" SET NOT NULL;ALTER TABLE "Events" ALTER COLUMN "status" SET DEFAULT 'Draft';ALTER TABLE "Events" ALTER COLUMN "status" TYPE VARCHAR(255);
Executing (default): ALTER TABLE "Events" ALTER COLUMN "notes" DROP NOT NULL;ALTER TABLE "Events" ALTER COLUMN "notes" DROP DEFAULT;ALTER TABLE "Events" ALTER COLUMN "notes" TYPE TEXT;
Executing (default): ALTER TABLE "Events" ALTER COLUMN "createdAt" SET NOT NULL;ALTER TABLE "Events" ALTER COLUMN "createdAt" DROP DEFAULT;ALTER TABLE "Events" ALTER COLUMN "createdAt" TYPE TIMESTAMP WITH TIME ZONE;
Executing (default): ALTER TABLE "Events" ALTER COLUMN "updatedAt" SET NOT NULL;ALTER TABLE "Events" ALTER COLUMN "updatedAt" DROP DEFAULT;ALTER TABLE "Events" ALTER COLUMN "updatedAt" TYPE TIMESTAMP WITH TIME ZONE;
Executing (default): ALTER TABLE "Events" ALTER COLUMN "startEvent" DROP NOT NULL;ALTER TABLE "Events" ALTER COLUMN "startEvent" DROP DEFAULT;ALTER TABLE "Events" ALTER COLUMN "startEvent" TYPE DATE;
Executing (default): ALTER TABLE "Events" ALTER COLUMN "endEvent" DROP NOT NULL;ALTER TABLE "Events" ALTER COLUMN "endEvent" DROP DEFAULT;ALTER TABLE "Events" ALTER COLUMN "endEvent" TYPE DATE;
Executing (default): ALTER TABLE "Events" ALTER COLUMN "startTimeStartEvent" DROP NOT NULL;ALTER TABLE "Events" ALTER COLUMN "startTimeStartEvent" DROP DEFAULT;ALTER TABLE "Events" ALTER COLUMN "startTimeStartEvent" TYPE TIME;
Executing (default): ALTER TABLE "Events" ALTER COLUMN "endTimeStartEvent" DROP NOT NULL;ALTER TABLE "Events" ALTER COLUMN "endTimeStartEvent" DROP DEFAULT;ALTER TABLE "Events" ALTER COLUMN "endTimeStartEvent" TYPE TIME;
Executing (default): ALTER TABLE "Events" ALTER COLUMN "startTimeEndEvent" DROP NOT NULL;ALTER TABLE "Events" ALTER COLUMN "startTimeEndEvent" DROP DEFAULT;ALTER TABLE "Events" ALTER COLUMN "startTimeEndEvent" TYPE TIME;
Executing (default): ALTER TABLE "Events" ALTER COLUMN "endTimeEndEvent" DROP NOT NULL;ALTER TABLE "Events" ALTER COLUMN "endTimeEndEvent" DROP DEFAULT;ALTER TABLE "Events" ALTER COLUMN "endTimeEndEvent" TYPE TIME;
Executing (default): ALTER TABLE "Events" ALTER COLUMN "countOfPerson" DROP NOT NULL;ALTER TABLE "Events" ALTER COLUMN "countOfPerson" DROP DEFAULT;ALTER TABLE "Events" ALTER COLUMN "countOfPerson" TYPE INTEGER;
Executing (default): SELECT i.relname AS name, ix.indisprimary AS primary, ix.indisunique AS unique, ix.indkey AS indkey, array_agg(a.attnum) as column_indexes, array_agg(a.attname) AS column_names, pg_get_indexdef(ix.indexrelid) AS definition FROM pg_class t, pg_class i, pg_index ix, pg_attribute a WHERE t.oid = ix.indrelid AND i.oid = ix.indexrelid AND a.attrelid = t.oid AND t.relkind = 'r' and t.relname = 'Events' GROUP BY i.relname, ix.indexrelid, ix.indisprimary, ix.indisunique, ix.indkey ORDER BY i.relname;
Executing (default): SELECT table_name FROM information_schema.tables WHERE table_schema = 'public' AND table_name = 'menuItems'
Executing (default): SELECT pk.constraint_type as "Constraint",c.column_name as "Field", c.column_default as "Default",c.is_nullable as "Null", (CASE WHEN c.udt_name = 'hstore' THEN c.udt_name ELSE c.data_type END) || (CASE WHEN c.character_maximum_length IS NOT NULL THEN '(' || c.character_maximum_length || ')' ELSE '' END) as "Type", (SELECT array_agg(e.enumlabel) FROM pg_catalog.pg_type t JOIN pg_catalog.pg_enum e ON t.oid=e.enumtypid WHERE t.typname=c.udt_name) AS "special", (SELECT pgd.description FROM pg_catalog.pg_statio_all_tables AS st INNER JOIN pg_catalog.pg_description pgd on (pgd.objoid=st.relid) WHERE c.ordinal_position=pgd.objsubid AND c.table_name=st.relname) AS "Comment" FROM information_schema.columns c LEFT JOIN (SELECT tc.table_schema, tc.table_name, cu.column_name, tc.constraint_type FROM information_schema.TABLE_CONSTRAINTS tc JOIN information_schema.KEY_COLUMN_USAGE  cu ON tc.table_schema=cu.table_schema and tc.table_name=cu.table_name and tc.constraint_name=cu.constraint_name and tc.constraint_type='PRIMARY KEY') pk ON pk.table_schema=c.table_schema AND pk.table_name=c.table_name AND pk.column_name=c.column_name WHERE c.table_name = 'menuItems' AND c.table_schema = 'public'
Executing (default): SELECT DISTINCT tc.constraint_name as constraint_name, tc.constraint_schema as constraint_schema, tc.constraint_catalog as constraint_catalog, tc.table_name as table_name,tc.table_schema as table_schema,tc.table_catalog as table_catalog,tc.initially_deferred as initially_deferred,tc.is_deferrable as is_deferrable,kcu.column_name as column_name,ccu.table_schema  AS referenced_table_schema,ccu.table_catalog  AS referenced_table_catalog,ccu.table_name  AS referenced_table_name,ccu.column_name AS referenced_column_name FROM information_schema.table_constraints AS tc JOIN information_schema.key_column_usage AS kcu ON tc.constraint_name = kcu.constraint_name JOIN information_schema.constraint_column_usage AS ccu ON ccu.constraint_name = tc.constraint_name WHERE constraint_type = 'FOREIGN KEY' AND tc.table_name = 'menuItems' AND tc.table_catalog = 'KURGI_KP'
Executing (default): ALTER TABLE "menuItems" ALTER COLUMN "title" SET NOT NULL;ALTER TABLE "menuItems" ALTER COLUMN "title" DROP DEFAULT;ALTER TABLE "menuItems" ALTER COLUMN "title" TYPE VARCHAR(255);
Executing (default): ALTER TABLE "menuItems" ALTER COLUMN "description" DROP NOT NULL;ALTER TABLE "menuItems" ALTER COLUMN "description" DROP DEFAULT;ALTER TABLE "menuItems" ALTER COLUMN "description" TYPE TEXT;
Executing (default): ALTER TABLE "menuItems" ALTER COLUMN "category" DROP NOT NULL;ALTER TABLE "menuItems" ALTER COLUMN "category" DROP DEFAULT;ALTER TABLE "menuItems" ALTER COLUMN "category" TYPE VARCHAR(255);
Executing (default): ALTER TABLE "menuItems" ALTER COLUMN "weight" DROP NOT NULL;ALTER TABLE "menuItems" ALTER COLUMN "weight" DROP DEFAULT;ALTER TABLE "menuItems" ALTER COLUMN "weight" TYPE INTEGER;
Executing (default): ALTER TABLE "menuItems" ALTER COLUMN "price" DROP NOT NULL;ALTER TABLE "menuItems" ALTER COLUMN "price" DROP DEFAULT;ALTER TABLE "menuItems" ALTER COLUMN "price" TYPE INTEGER;
Executing (default): ALTER TABLE "menuItems" ALTER COLUMN "active" DROP NOT NULL;ALTER TABLE "menuItems" ALTER COLUMN "active" SET DEFAULT true;ALTER TABLE "menuItems" ALTER COLUMN "active" TYPE BOOLEAN;
Executing (default): ALTER TABLE "menuItems" ALTER COLUMN "createdAt" SET NOT NULL;ALTER TABLE "menuItems" ALTER COLUMN "createdAt" DROP DEFAULT;ALTER TABLE "menuItems" ALTER COLUMN "createdAt" TYPE TIMESTAMP WITH TIME ZONE;
Executing (default): ALTER TABLE "menuItems" ALTER COLUMN "updatedAt" SET NOT NULL;ALTER TABLE "menuItems" ALTER COLUMN "updatedAt" DROP DEFAULT;ALTER TABLE "menuItems" ALTER COLUMN "updatedAt" TYPE TIMESTAMP WITH TIME ZONE;
Executing (default): SELECT i.relname AS name, ix.indisprimary AS primary, ix.indisunique AS unique, ix.indkey AS indkey, array_agg(a.attnum) as column_indexes, array_agg(a.attname) AS column_names, pg_get_indexdef(ix.indexrelid) AS definition FROM pg_class t, pg_class i, pg_index ix, pg_attribute a WHERE t.oid = ix.indrelid AND i.oid = ix.indexrelid AND a.attrelid = t.oid AND t.relkind = 'r' and t.relname = 'menuItems' GROUP BY i.relname, ix.indexrelid, ix.indisprimary, ix.indisunique, ix.indkey ORDER BY i.relname;
Executing (default): SELECT table_name FROM information_schema.tables WHERE table_schema = 'public' AND table_name = 'kps'
Executing (default): SELECT pk.constraint_type as "Constraint",c.column_name as "Field", c.column_default as "Default",c.is_nullable as "Null", (CASE WHEN c.udt_name = 'hstore' THEN c.udt_name ELSE c.data_type END) || (CASE WHEN c.character_maximum_length IS NOT NULL THEN '(' || c.character_maximum_length || ')' ELSE '' END) as "Type", (SELECT array_agg(e.enumlabel) FROM pg_catalog.pg_type t JOIN pg_catalog.pg_enum e ON t.oid=e.enumtypid WHERE t.typname=c.udt_name) AS "special", (SELECT pgd.description FROM pg_catalog.pg_statio_all_tables AS st INNER JOIN pg_catalog.pg_description pgd on (pgd.objoid=st.relid) WHERE c.ordinal_position=pgd.objsubid AND c.table_name=st.relname) AS "Comment" FROM information_schema.columns c LEFT JOIN (SELECT tc.table_schema, tc.table_name, cu.column_name, tc.constraint_type FROM information_schema.TABLE_CONSTRAINTS tc JOIN information_schema.KEY_COLUMN_USAGE  cu ON tc.table_schema=cu.table_schema and tc.table_name=cu.table_name and tc.constraint_name=cu.constraint_name and tc.constraint_type='PRIMARY KEY') pk ON pk.table_schema=c.table_schema AND pk.table_name=c.table_name AND pk.column_name=c.column_name WHERE c.table_name = 'kps' AND c.table_schema = 'public'
Executing (default): SELECT DISTINCT tc.constraint_name as constraint_name, tc.constraint_schema as constraint_schema, tc.constraint_catalog as constraint_catalog, tc.table_name as table_name,tc.table_schema as table_schema,tc.table_catalog as table_catalog,tc.initially_deferred as initially_deferred,tc.is_deferrable as is_deferrable,kcu.column_name as column_name,ccu.table_schema  AS referenced_table_schema,ccu.table_catalog  AS referenced_table_catalog,ccu.table_name  AS referenced_table_name,ccu.column_name AS referenced_column_name FROM information_schema.table_constraints AS tc JOIN information_schema.key_column_usage AS kcu ON tc.constraint_name = kcu.constraint_name JOIN information_schema.constraint_column_usage AS ccu ON ccu.constraint_name = tc.constraint_name WHERE constraint_type = 'FOREIGN KEY' AND tc.table_name = 'kps' AND tc.table_catalog = 'KURGI_KP'
Executing (default): ALTER TABLE "kps" ALTER COLUMN "kpNumber" DROP NOT NULL;ALTER TABLE "kps" ALTER COLUMN "kpNumber" DROP DEFAULT;ALTER TABLE "kps"  ADD UNIQUE ("kpNumber");ALTER TABLE "kps" ALTER COLUMN "kpNumber" TYPE VARCHAR(255) ;
Executing (default): ALTER TABLE "kps" ALTER COLUMN "kpDate" DROP NOT NULL;ALTER TABLE "kps" ALTER COLUMN "kpDate" DROP DEFAULT;ALTER TABLE "kps" ALTER COLUMN "kpDate" TYPE DATE;
Executing (default): ALTER TABLE "kps" ALTER COLUMN "contractNumber" DROP NOT NULL;ALTER TABLE "kps" ALTER COLUMN "contractNumber" DROP DEFAULT;ALTER TABLE "kps" ALTER COLUMN "contractNumber" TYPE VARCHAR(255);
Executing (default): ALTER TABLE "kps" ALTER COLUMN "contractDate" DROP NOT NULL;ALTER TABLE "kps" ALTER COLUMN "contractDate" DROP DEFAULT;ALTER TABLE "kps" ALTER COLUMN "contractDate" TYPE DATE;
Executing (default): ALTER TABLE "kps" ALTER COLUMN "startEvent" DROP NOT NULL;ALTER TABLE "kps" ALTER COLUMN "startEvent" DROP DEFAULT;ALTER TABLE "kps" ALTER COLUMN "startEvent" TYPE DATE;
Executing (default): ALTER TABLE "kps" ALTER COLUMN "endEvent" DROP NOT NULL;ALTER TABLE "kps" ALTER COLUMN "endEvent" DROP DEFAULT;ALTER TABLE "kps" ALTER COLUMN "endEvent" TYPE DATE;
Executing (default): ALTER TABLE "kps" ALTER COLUMN "eventPlace" DROP NOT NULL;ALTER TABLE "kps" ALTER COLUMN "eventPlace" DROP DEFAULT;ALTER TABLE "kps" ALTER COLUMN "eventPlace" TYPE VARCHAR(255);
Executing (default): ALTER TABLE "kps" ALTER COLUMN "countOfPerson" DROP NOT NULL;ALTER TABLE "kps" ALTER COLUMN "countOfPerson" DROP DEFAULT;ALTER TABLE "kps" ALTER COLUMN "countOfPerson" TYPE VARCHAR(255);
Executing (default): ALTER TABLE "kps" ALTER COLUMN "isWithinMkad" DROP NOT NULL;ALTER TABLE "kps" ALTER COLUMN "isWithinMkad" SET DEFAULT true;ALTER TABLE "kps" ALTER COLUMN "isWithinMkad" TYPE BOOLEAN;
Executing (default): ALTER TABLE "kps" ALTER COLUMN "logisticsCost" DROP NOT NULL;ALTER TABLE "kps" ALTER COLUMN "logisticsCost" DROP DEFAULT;ALTER TABLE "kps" ALTER COLUMN "logisticsCost" TYPE INTEGER;
Executing (default): ALTER TABLE "kps" ALTER COLUMN "listTitle" DROP NOT NULL;ALTER TABLE "kps" ALTER COLUMN "listTitle" DROP DEFAULT;ALTER TABLE "kps" ALTER COLUMN "listTitle" TYPE VARCHAR(255);
Executing (default): ALTER TABLE "kps" ALTER COLUMN "managerName" SET NOT NULL;ALTER TABLE "kps" ALTER COLUMN "managerName" DROP DEFAULT;ALTER TABLE "kps" ALTER COLUMN "managerName" TYPE VARCHAR(255);
Executing (default): ALTER TABLE "kps" ALTER COLUMN "createdAt" SET NOT NULL;ALTER TABLE "kps" ALTER COLUMN "createdAt" DROP DEFAULT;ALTER TABLE "kps" ALTER COLUMN "createdAt" TYPE TIMESTAMP WITH TIME ZONE;
Executing (default): ALTER TABLE "kps" ALTER COLUMN "updatedAt" SET NOT NULL;ALTER TABLE "kps" ALTER COLUMN "updatedAt" DROP DEFAULT;ALTER TABLE "kps" ALTER COLUMN "updatedAt" TYPE TIMESTAMP WITH TIME ZONE;
Executing (default): ALTER TABLE "kps" DROP CONSTRAINT "kps_managerId_fkey"
Executing (default): ALTER TABLE "kps"  ADD FOREIGN KEY ("managerId") REFERENCES "Users" ("id") ON DELETE SET NULL ON UPDATE CASCADE;
Executing (default): ALTER TABLE "kps" DROP CONSTRAINT "kps_contractorId_fkey"
Executing (default): ALTER TABLE "kps"  ADD FOREIGN KEY ("contractorId") REFERENCES "Contractors" ("id") ON DELETE SET NULL ON UPDATE CASCADE;
Executing (default): ALTER TABLE "kps" DROP CONSTRAINT "kps_eventId_fkey"
Executing (default): ALTER TABLE "kps"  ADD FOREIGN KEY ("eventId") REFERENCES "Events" ("id") ON DELETE SET NULL ON UPDATE CASCADE;
Executing (default): ALTER TABLE "kps" ALTER COLUMN "status" DROP NOT NULL;ALTER TABLE "kps" ALTER COLUMN "status" SET DEFAULT 'draft';ALTER TABLE "kps" ALTER COLUMN "status" TYPE VARCHAR(255);
Executing (default): ALTER TABLE "kps" ALTER COLUMN "totalAmount" DROP NOT NULL;ALTER TABLE "kps" ALTER COLUMN "totalAmount" DROP DEFAULT;ALTER TABLE "kps" ALTER COLUMN "totalAmount" TYPE INTEGER;
Executing (default): SELECT i.relname AS name, ix.indisprimary AS primary, ix.indisunique AS unique, ix.indkey AS indkey, array_agg(a.attnum) as column_indexes, array_agg(a.attname) AS column_names, pg_get_indexdef(ix.indexrelid) AS definition FROM pg_class t, pg_class i, pg_index ix, pg_attribute a WHERE t.oid = ix.indrelid AND i.oid = ix.indexrelid AND a.attrelid = t.oid AND t.relkind = 'r' and t.relname = 'kps' GROUP BY i.relname, ix.indexrelid, ix.indisprimary, ix.indisunique, ix.indkey ORDER BY i.relname;
Executing (default): SELECT table_name FROM information_schema.tables WHERE table_schema = 'public' AND table_name = 'lists'
Executing (default): SELECT pk.constraint_type as "Constraint",c.column_name as "Field", c.column_default as "Default",c.is_nullable as "Null", (CASE WHEN c.udt_name = 'hstore' THEN c.udt_name ELSE c.data_type END) || (CASE WHEN c.character_maximum_length IS NOT NULL THEN '(' || c.character_maximum_length || ')' ELSE '' END) as "Type", (SELECT array_agg(e.enumlabel) FROM pg_catalog.pg_type t JOIN pg_catalog.pg_enum e ON t.oid=e.enumtypid WHERE t.typname=c.udt_name) AS "special", (SELECT pgd.description FROM pg_catalog.pg_statio_all_tables AS st INNER JOIN pg_catalog.pg_description pgd on (pgd.objoid=st.relid) WHERE c.ordinal_position=pgd.objsubid AND c.table_name=st.relname) AS "Comment" FROM information_schema.columns c LEFT JOIN (SELECT tc.table_schema, tc.table_name, cu.column_name, tc.constraint_type FROM information_schema.TABLE_CONSTRAINTS tc JOIN information_schema.KEY_COLUMN_USAGE  cu ON tc.table_schema=cu.table_schema and tc.table_name=cu.table_name and tc.constraint_name=cu.constraint_name and tc.constraint_type='PRIMARY KEY') pk ON pk.table_schema=c.table_schema AND pk.table_name=c.table_name AND pk.column_name=c.column_name WHERE c.table_name = 'lists' AND c.table_schema = 'public'
Executing (default): SELECT DISTINCT tc.constraint_name as constraint_name, tc.constraint_schema as constraint_schema, tc.constraint_catalog as constraint_catalog, tc.table_name as table_name,tc.table_schema as table_schema,tc.table_catalog as table_catalog,tc.initially_deferred as initially_deferred,tc.is_deferrable as is_deferrable,kcu.column_name as column_name,ccu.table_schema  AS referenced_table_schema,ccu.table_catalog  AS referenced_table_catalog,ccu.table_name  AS referenced_table_name,ccu.column_name AS referenced_column_name FROM information_schema.table_constraints AS tc JOIN information_schema.key_column_usage AS kcu ON tc.constraint_name = kcu.constraint_name JOIN information_schema.constraint_column_usage AS ccu ON ccu.constraint_name = tc.constraint_name WHERE constraint_type = 'FOREIGN KEY' AND tc.table_name = 'lists' AND tc.table_catalog = 'KURGI_KP'
Executing (default): ALTER TABLE "lists" ALTER COLUMN "startEvent" SET NOT NULL;ALTER TABLE "lists" ALTER COLUMN "startEvent" DROP DEFAULT;ALTER TABLE "lists" ALTER COLUMN "startEvent" TYPE DATE;
Executing (default): ALTER TABLE "lists" ALTER COLUMN "endEvent" SET NOT NULL;ALTER TABLE "lists" ALTER COLUMN "endEvent" DROP DEFAULT;ALTER TABLE "lists" ALTER COLUMN "endEvent" TYPE DATE;
Executing (default): ALTER TABLE "lists" ALTER COLUMN "startTimeStartEvent" SET NOT NULL;ALTER TABLE "lists" ALTER COLUMN "startTimeStartEvent" DROP DEFAULT;ALTER TABLE "lists" ALTER COLUMN "startTimeStartEvent" TYPE TIME;
Executing (default): ALTER TABLE "lists" ALTER COLUMN "endTimeStartEvent" SET NOT NULL;ALTER TABLE "lists" ALTER COLUMN "endTimeStartEvent" DROP DEFAULT;ALTER TABLE "lists" ALTER COLUMN "endTimeStartEvent" TYPE TIME;
Executing (default): ALTER TABLE "lists" ALTER COLUMN "startTimeEndEvent" SET NOT NULL;ALTER TABLE "lists" ALTER COLUMN "startTimeEndEvent" DROP DEFAULT;ALTER TABLE "lists" ALTER COLUMN "startTimeEndEvent" TYPE TIME;
Executing (default): ALTER TABLE "lists" ALTER COLUMN "endTimeEndEvent" SET NOT NULL;ALTER TABLE "lists" ALTER COLUMN "endTimeEndEvent" DROP DEFAULT;ALTER TABLE "lists" ALTER COLUMN "endTimeEndEvent" TYPE TIME;
Executing (default): ALTER TABLE "lists" ALTER COLUMN "eventPlace" SET NOT NULL;ALTER TABLE "lists" ALTER COLUMN "eventPlace" DROP DEFAULT;ALTER TABLE "lists" ALTER COLUMN "eventPlace" TYPE VARCHAR(255);
Executing (default): ALTER TABLE "lists" ALTER COLUMN "countOfPerson" SET NOT NULL;ALTER TABLE "lists" ALTER COLUMN "countOfPerson" DROP DEFAULT;ALTER TABLE "lists" ALTER COLUMN "countOfPerson" TYPE VARCHAR(255);
Executing (default): ALTER TABLE "lists" ALTER COLUMN "listTitle" DROP NOT NULL;ALTER TABLE "lists" ALTER COLUMN "listTitle" DROP DEFAULT;ALTER TABLE "lists" ALTER COLUMN "listTitle" TYPE VARCHAR(255);
Executing (default): ALTER TABLE "lists" ALTER COLUMN "createdAt" SET NOT NULL;ALTER TABLE "lists" ALTER COLUMN "createdAt" DROP DEFAULT;ALTER TABLE "lists" ALTER COLUMN "createdAt" TYPE TIMESTAMP WITH TIME ZONE;
Executing (default): ALTER TABLE "lists" ALTER COLUMN "updatedAt" SET NOT NULL;ALTER TABLE "lists" ALTER COLUMN "updatedAt" DROP DEFAULT;ALTER TABLE "lists" ALTER COLUMN "updatedAt" TYPE TIMESTAMP WITH TIME ZONE;
Executing (default): ALTER TABLE "lists" DROP CONSTRAINT "lists_kpId_fkey"
Executing (default): ALTER TABLE "lists"  ADD FOREIGN KEY ("kpId") REFERENCES "kps" ("id") ON DELETE SET NULL ON UPDATE CASCADE;
Executing (default): SELECT i.relname AS name, ix.indisprimary AS primary, ix.indisunique AS unique, ix.indkey AS indkey, array_agg(a.attnum) as column_indexes, array_agg(a.attname) AS column_names, pg_get_indexdef(ix.indexrelid) AS definition FROM pg_class t, pg_class i, pg_index ix, pg_attribute a WHERE t.oid = ix.indrelid AND i.oid = ix.indexrelid AND a.attrelid = t.oid AND t.relkind = 'r' and t.relname = 'lists' GROUP BY i.relname, ix.indexrelid, ix.indisprimary, ix.indisunique, ix.indkey ORDER BY i.relname;
Executing (default): SELECT table_name FROM information_schema.tables WHERE table_schema = 'public' AND table_name = 'rows'
Executing (default): SELECT pk.constraint_type as "Constraint",c.column_name as "Field", c.column_default as "Default",c.is_nullable as "Null", (CASE WHEN c.udt_name = 'hstore' THEN c.udt_name ELSE c.data_type END) || (CASE WHEN c.character_maximum_length IS NOT NULL THEN '(' || c.character_maximum_length || ')' ELSE '' END) as "Type", (SELECT array_agg(e.enumlabel) FROM pg_catalog.pg_type t JOIN pg_catalog.pg_enum e ON t.oid=e.enumtypid WHERE t.typname=c.udt_name) AS "special", (SELECT pgd.description FROM pg_catalog.pg_statio_all_tables AS st INNER JOIN pg_catalog.pg_description pgd on (pgd.objoid=st.relid) WHERE c.ordinal_position=pgd.objsubid AND c.table_name=st.relname) AS "Comment" FROM information_schema.columns c LEFT JOIN (SELECT tc.table_schema, tc.table_name, cu.column_name, tc.constraint_type FROM information_schema.TABLE_CONSTRAINTS tc JOIN information_schema.KEY_COLUMN_USAGE  cu ON tc.table_schema=cu.table_schema and tc.table_name=cu.table_name and tc.constraint_name=cu.constraint_name and tc.constraint_type='PRIMARY KEY') pk ON pk.table_schema=c.table_schema AND pk.table_name=c.table_name AND pk.column_name=c.column_name WHERE c.table_name = 'rows' AND c.table_schema = 'public'
Executing (default): SELECT DISTINCT tc.constraint_name as constraint_name, tc.constraint_schema as constraint_schema, tc.constraint_catalog as constraint_catalog, tc.table_name as table_name,tc.table_schema as table_schema,tc.table_catalog as table_catalog,tc.initially_deferred as initially_deferred,tc.is_deferrable as is_deferrable,kcu.column_name as column_name,ccu.table_schema  AS referenced_table_schema,ccu.table_catalog  AS referenced_table_catalog,ccu.table_name  AS referenced_table_name,ccu.column_name AS referenced_column_name FROM information_schema.table_constraints AS tc JOIN information_schema.key_column_usage AS kcu ON tc.constraint_name = kcu.constraint_name JOIN information_schema.constraint_column_usage AS ccu ON ccu.constraint_name = tc.constraint_name WHERE constraint_type = 'FOREIGN KEY' AND tc.table_name = 'rows' AND tc.table_catalog = 'KURGI_KP'
Executing (default): ALTER TABLE "rows" ALTER COLUMN "product" SET NOT NULL;ALTER TABLE "rows" ALTER COLUMN "product" DROP DEFAULT;ALTER TABLE "rows" ALTER COLUMN "product" TYPE VARCHAR(255);
Executing (default): ALTER TABLE "rows" ALTER COLUMN "composition" DROP NOT NULL;ALTER TABLE "rows" ALTER COLUMN "composition" DROP DEFAULT;ALTER TABLE "rows" ALTER COLUMN "composition" TYPE VARCHAR(255);
Executing (default): ALTER TABLE "rows" ALTER COLUMN "productWeight" DROP NOT NULL;ALTER TABLE "rows" ALTER COLUMN "productWeight" DROP DEFAULT;ALTER TABLE "rows" ALTER COLUMN "productWeight" TYPE INTEGER;
Executing (default): ALTER TABLE "rows" ALTER COLUMN "countOfProduct" SET NOT NULL;ALTER TABLE "rows" ALTER COLUMN "countOfProduct" DROP DEFAULT;ALTER TABLE "rows" ALTER COLUMN "countOfProduct" TYPE INTEGER;
Executing (default): ALTER TABLE "rows" ALTER COLUMN "priceOfProduct" SET NOT NULL;ALTER TABLE "rows" ALTER COLUMN "priceOfProduct" DROP DEFAULT;ALTER TABLE "rows" ALTER COLUMN "priceOfProduct" TYPE INTEGER;
Executing (default): ALTER TABLE "rows" ALTER COLUMN "createdAt" SET NOT NULL;ALTER TABLE "rows" ALTER COLUMN "createdAt" DROP DEFAULT;ALTER TABLE "rows" ALTER COLUMN "createdAt" TYPE TIMESTAMP WITH TIME ZONE;
Executing (default): ALTER TABLE "rows" ALTER COLUMN "updatedAt" SET NOT NULL;ALTER TABLE "rows" ALTER COLUMN "updatedAt" DROP DEFAULT;ALTER TABLE "rows" ALTER COLUMN "updatedAt" TYPE TIMESTAMP WITH TIME ZONE;
Executing (default): ALTER TABLE "rows" DROP CONSTRAINT "rows_listId_fkey"
Executing (default): ALTER TABLE "rows"  ADD FOREIGN KEY ("listId") REFERENCES "lists" ("id") ON DELETE SET NULL ON UPDATE CASCADE;
Executing (default): ALTER TABLE "rows" ALTER COLUMN "typeOfProduct" DROP NOT NULL;ALTER TABLE "rows" ALTER COLUMN "typeOfProduct" DROP DEFAULT;ALTER TABLE "rows" ALTER COLUMN "typeOfProduct" TYPE VARCHAR(255);
Executing (default): ALTER TABLE "rows" ALTER COLUMN "order" SET NOT NULL;ALTER TABLE "rows" ALTER COLUMN "order" SET DEFAULT 0;ALTER TABLE "rows" ALTER COLUMN "order" TYPE INTEGER;
Executing (default): SELECT i.relname AS name, ix.indisprimary AS primary, ix.indisunique AS unique, ix.indkey AS indkey, array_agg(a.attnum) as column_indexes, array_agg(a.attname) AS column_names, pg_get_indexdef(ix.indexrelid) AS definition FROM pg_class t, pg_class i, pg_index ix, pg_attribute a WHERE t.oid = ix.indrelid AND i.oid = ix.indexrelid AND a.attrelid = t.oid AND t.relkind = 'r' and t.relname = 'rows' GROUP BY i.relname, ix.indexrelid, ix.indisprimary, ix.indisunique, ix.indkey ORDER BY i.relname;
server started on port 3000
[32m[nodemon] restarting due to changes...[39m
[32m[nodemon] starting `node index.js`[39m
Executing (default): SELECT 1+1 AS result
Executing (default): SELECT table_name FROM information_schema.tables WHERE table_schema = 'public' AND table_name = 'Users'
Executing (default): SELECT t.typname enum_name, array_agg(e.enumlabel ORDER BY enumsortorder) enum_value FROM pg_type t JOIN pg_enum e ON t.oid = e.enumtypid JOIN pg_catalog.pg_namespace n ON n.oid = t.typnamespace WHERE n.nspname = 'public' AND t.typname='enum_Users_role' GROUP BY 1
Executing (default): SELECT pk.constraint_type as "Constraint",c.column_name as "Field", c.column_default as "Default",c.is_nullable as "Null", (CASE WHEN c.udt_name = 'hstore' THEN c.udt_name ELSE c.data_type END) || (CASE WHEN c.character_maximum_length IS NOT NULL THEN '(' || c.character_maximum_length || ')' ELSE '' END) as "Type", (SELECT array_agg(e.enumlabel) FROM pg_catalog.pg_type t JOIN pg_catalog.pg_enum e ON t.oid=e.enumtypid WHERE t.typname=c.udt_name) AS "special", (SELECT pgd.description FROM pg_catalog.pg_statio_all_tables AS st INNER JOIN pg_catalog.pg_description pgd on (pgd.objoid=st.relid) WHERE c.ordinal_position=pgd.objsubid AND c.table_name=st.relname) AS "Comment" FROM information_schema.columns c LEFT JOIN (SELECT tc.table_schema, tc.table_name, cu.column_name, tc.constraint_type FROM information_schema.TABLE_CONSTRAINTS tc JOIN information_schema.KEY_COLUMN_USAGE  cu ON tc.table_schema=cu.table_schema and tc.table_name=cu.table_name and tc.constraint_name=cu.constraint_name and tc.constraint_type='PRIMARY KEY') pk ON pk.table_schema=c.table_schema AND pk.table_name=c.table_name AND pk.column_name=c.column_name WHERE c.table_name = 'Users' AND c.table_schema = 'public'
Executing (default): SELECT DISTINCT tc.constraint_name as constraint_name, tc.constraint_schema as constraint_schema, tc.constraint_catalog as constraint_catalog, tc.table_name as table_name,tc.table_schema as table_schema,tc.table_catalog as table_catalog,tc.initially_deferred as initially_deferred,tc.is_deferrable as is_deferrable,kcu.column_name as column_name,ccu.table_schema  AS referenced_table_schema,ccu.table_catalog  AS referenced_table_catalog,ccu.table_name  AS referenced_table_name,ccu.column_name AS referenced_column_name FROM information_schema.table_constraints AS tc JOIN information_schema.key_column_usage AS kcu ON tc.constraint_name = kcu.constraint_name JOIN information_schema.constraint_column_usage AS ccu ON ccu.constraint_name = tc.constraint_name WHERE constraint_type = 'FOREIGN KEY' AND tc.table_name = 'Users' AND tc.table_catalog = 'KURGI_KP'
Executing (default): ALTER TABLE "Users" ALTER COLUMN "email" SET NOT NULL;ALTER TABLE "Users" ALTER COLUMN "email" DROP DEFAULT;ALTER TABLE "Users"  ADD UNIQUE ("email");ALTER TABLE "Users" ALTER COLUMN "email" TYPE VARCHAR(255)  ;
Executing (default): ALTER TABLE "Users" ALTER COLUMN "password" SET NOT NULL;ALTER TABLE "Users" ALTER COLUMN "password" DROP DEFAULT;ALTER TABLE "Users" ALTER COLUMN "password" TYPE VARCHAR(255);
Executing (default): ALTER TABLE "Users" ALTER COLUMN "name" SET NOT NULL;ALTER TABLE "Users" ALTER COLUMN "name" DROP DEFAULT;ALTER TABLE "Users" ALTER COLUMN "name" TYPE VARCHAR(255);
Executing (default): ALTER TABLE "Users" ALTER COLUMN "role" DROP NOT NULL;ALTER TABLE "Users" ALTER COLUMN "role" SET DEFAULT 'manager';DO 'BEGIN CREATE TYPE "public"."enum_Users_role" AS ENUM(''manager'', ''admin''); EXCEPTION WHEN duplicate_object THEN null; END';ALTER TABLE "Users" ALTER COLUMN "role" TYPE "public"."enum_Users_role" USING ("role"::"public"."enum_Users_role");
Executing (default): ALTER TABLE "Users" ALTER COLUMN "createdAt" SET NOT NULL;ALTER TABLE "Users" ALTER COLUMN "createdAt" DROP DEFAULT;ALTER TABLE "Users" ALTER COLUMN "createdAt" TYPE TIMESTAMP WITH TIME ZONE;
Executing (default): ALTER TABLE "Users" ALTER COLUMN "updatedAt" SET NOT NULL;ALTER TABLE "Users" ALTER COLUMN "updatedAt" DROP DEFAULT;ALTER TABLE "Users" ALTER COLUMN "updatedAt" TYPE TIMESTAMP WITH TIME ZONE;
Executing (default): ALTER TABLE "Users" ALTER COLUMN "job" DROP NOT NULL;ALTER TABLE "Users" ALTER COLUMN "job" DROP DEFAULT;ALTER TABLE "Users" ALTER COLUMN "job" TYPE VARCHAR(255);
Executing (default): ALTER TABLE "Users" ALTER COLUMN "tel" DROP NOT NULL;ALTER TABLE "Users" ALTER COLUMN "tel" DROP DEFAULT;ALTER TABLE "Users" ALTER COLUMN "tel" TYPE VARCHAR(255);
Executing (default): ALTER TABLE "Users" ALTER COLUMN "photo" DROP NOT NULL;ALTER TABLE "Users" ALTER COLUMN "photo" DROP DEFAULT;ALTER TABLE "Users" ALTER COLUMN "photo" TYPE VARCHAR(255);
Executing (default): SELECT i.relname AS name, ix.indisprimary AS primary, ix.indisunique AS unique, ix.indkey AS indkey, array_agg(a.attnum) as column_indexes, array_agg(a.attname) AS column_names, pg_get_indexdef(ix.indexrelid) AS definition FROM pg_class t, pg_class i, pg_index ix, pg_attribute a WHERE t.oid = ix.indrelid AND i.oid = ix.indexrelid AND a.attrelid = t.oid AND t.relkind = 'r' and t.relname = 'Users' GROUP BY i.relname, ix.indexrelid, ix.indisprimary, ix.indisunique, ix.indkey ORDER BY i.relname;
Executing (default): SELECT table_name FROM information_schema.tables WHERE table_schema = 'public' AND table_name = 'Contractors'
Executing (default): SELECT pk.constraint_type as "Constraint",c.column_name as "Field", c.column_default as "Default",c.is_nullable as "Null", (CASE WHEN c.udt_name = 'hstore' THEN c.udt_name ELSE c.data_type END) || (CASE WHEN c.character_maximum_length IS NOT NULL THEN '(' || c.character_maximum_length || ')' ELSE '' END) as "Type", (SELECT array_agg(e.enumlabel) FROM pg_catalog.pg_type t JOIN pg_catalog.pg_enum e ON t.oid=e.enumtypid WHERE t.typname=c.udt_name) AS "special", (SELECT pgd.description FROM pg_catalog.pg_statio_all_tables AS st INNER JOIN pg_catalog.pg_description pgd on (pgd.objoid=st.relid) WHERE c.ordinal_position=pgd.objsubid AND c.table_name=st.relname) AS "Comment" FROM information_schema.columns c LEFT JOIN (SELECT tc.table_schema, tc.table_name, cu.column_name, tc.constraint_type FROM information_schema.TABLE_CONSTRAINTS tc JOIN information_schema.KEY_COLUMN_USAGE  cu ON tc.table_schema=cu.table_schema and tc.table_name=cu.table_name and tc.constraint_name=cu.constraint_name and tc.constraint_type='PRIMARY KEY') pk ON pk.table_schema=c.table_schema AND pk.table_name=c.table_name AND pk.column_name=c.column_name WHERE c.table_name = 'Contractors' AND c.table_schema = 'public'
Executing (default): SELECT DISTINCT tc.constraint_name as constraint_name, tc.constraint_schema as constraint_schema, tc.constraint_catalog as constraint_catalog, tc.table_name as table_name,tc.table_schema as table_schema,tc.table_catalog as table_catalog,tc.initially_deferred as initially_deferred,tc.is_deferrable as is_deferrable,kcu.column_name as column_name,ccu.table_schema  AS referenced_table_schema,ccu.table_catalog  AS referenced_table_catalog,ccu.table_name  AS referenced_table_name,ccu.column_name AS referenced_column_name FROM information_schema.table_constraints AS tc JOIN information_schema.key_column_usage AS kcu ON tc.constraint_name = kcu.constraint_name JOIN information_schema.constraint_column_usage AS ccu ON ccu.constraint_name = tc.constraint_name WHERE constraint_type = 'FOREIGN KEY' AND tc.table_name = 'Contractors' AND tc.table_catalog = 'KURGI_KP'
Executing (default): ALTER TABLE "Contractors" ALTER COLUMN "companyName" SET NOT NULL;ALTER TABLE "Contractors" ALTER COLUMN "companyName" DROP DEFAULT;ALTER TABLE "Contractors" ALTER COLUMN "companyName" TYPE VARCHAR(255);
Executing (default): ALTER TABLE "Contractors" ALTER COLUMN "contactPerson" DROP NOT NULL;ALTER TABLE "Contractors" ALTER COLUMN "contactPerson" DROP DEFAULT;ALTER TABLE "Contractors" ALTER COLUMN "contactPerson" TYPE VARCHAR(255);
Executing (default): ALTER TABLE "Contractors" ALTER COLUMN "phone" DROP NOT NULL;ALTER TABLE "Contractors" ALTER COLUMN "phone" DROP DEFAULT;ALTER TABLE "Contractors" ALTER COLUMN "phone" TYPE VARCHAR(255);
Executing (default): ALTER TABLE "Contractors" ALTER COLUMN "email" DROP NOT NULL;ALTER TABLE "Contractors" ALTER COLUMN "email" DROP DEFAULT;ALTER TABLE "Contractors" ALTER COLUMN "email" TYPE VARCHAR(255);
Executing (default): ALTER TABLE "Contractors" ALTER COLUMN "notes" DROP NOT NULL;ALTER TABLE "Contractors" ALTER COLUMN "notes" DROP DEFAULT;ALTER TABLE "Contractors" ALTER COLUMN "notes" TYPE TEXT;
Executing (default): ALTER TABLE "Contractors" ALTER COLUMN "createdAt" SET NOT NULL;ALTER TABLE "Contractors" ALTER COLUMN "createdAt" DROP DEFAULT;ALTER TABLE "Contractors" ALTER COLUMN "createdAt" TYPE TIMESTAMP WITH TIME ZONE;
Executing (default): ALTER TABLE "Contractors" ALTER COLUMN "updatedAt" SET NOT NULL;ALTER TABLE "Contractors" ALTER COLUMN "updatedAt" DROP DEFAULT;ALTER TABLE "Contractors" ALTER COLUMN "updatedAt" TYPE TIMESTAMP WITH TIME ZONE;
Executing (default): SELECT i.relname AS name, ix.indisprimary AS primary, ix.indisunique AS unique, ix.indkey AS indkey, array_agg(a.attnum) as column_indexes, array_agg(a.attname) AS column_names, pg_get_indexdef(ix.indexrelid) AS definition FROM pg_class t, pg_class i, pg_index ix, pg_attribute a WHERE t.oid = ix.indrelid AND i.oid = ix.indexrelid AND a.attrelid = t.oid AND t.relkind = 'r' and t.relname = 'Contractors' GROUP BY i.relname, ix.indexrelid, ix.indisprimary, ix.indisunique, ix.indkey ORDER BY i.relname;
Executing (default): SELECT table_name FROM information_schema.tables WHERE table_schema = 'public' AND table_name = 'Events'
Executing (default): SELECT pk.constraint_type as "Constraint",c.column_name as "Field", c.column_default as "Default",c.is_nullable as "Null", (CASE WHEN c.udt_name = 'hstore' THEN c.udt_name ELSE c.data_type END) || (CASE WHEN c.character_maximum_length IS NOT NULL THEN '(' || c.character_maximum_length || ')' ELSE '' END) as "Type", (SELECT array_agg(e.enumlabel) FROM pg_catalog.pg_type t JOIN pg_catalog.pg_enum e ON t.oid=e.enumtypid WHERE t.typname=c.udt_name) AS "special", (SELECT pgd.description FROM pg_catalog.pg_statio_all_tables AS st INNER JOIN pg_catalog.pg_description pgd on (pgd.objoid=st.relid) WHERE c.ordinal_position=pgd.objsubid AND c.table_name=st.relname) AS "Comment" FROM information_schema.columns c LEFT JOIN (SELECT tc.table_schema, tc.table_name, cu.column_name, tc.constraint_type FROM information_schema.TABLE_CONSTRAINTS tc JOIN information_schema.KEY_COLUMN_USAGE  cu ON tc.table_schema=cu.table_schema and tc.table_name=cu.table_name and tc.constraint_name=cu.constraint_name and tc.constraint_type='PRIMARY KEY') pk ON pk.table_schema=c.table_schema AND pk.table_name=c.table_name AND pk.column_name=c.column_name WHERE c.table_name = 'Events' AND c.table_schema = 'public'
Executing (default): SELECT DISTINCT tc.constraint_name as constraint_name, tc.constraint_schema as constraint_schema, tc.constraint_catalog as constraint_catalog, tc.table_name as table_name,tc.table_schema as table_schema,tc.table_catalog as table_catalog,tc.initially_deferred as initially_deferred,tc.is_deferrable as is_deferrable,kcu.column_name as column_name,ccu.table_schema  AS referenced_table_schema,ccu.table_catalog  AS referenced_table_catalog,ccu.table_name  AS referenced_table_name,ccu.column_name AS referenced_column_name FROM information_schema.table_constraints AS tc JOIN information_schema.key_column_usage AS kcu ON tc.constraint_name = kcu.constraint_name JOIN information_schema.constraint_column_usage AS ccu ON ccu.constraint_name = tc.constraint_name WHERE constraint_type = 'FOREIGN KEY' AND tc.table_name = 'Events' AND tc.table_catalog = 'KURGI_KP'
Executing (default): ALTER TABLE "Events" ALTER COLUMN "title" SET NOT NULL;ALTER TABLE "Events" ALTER COLUMN "title" DROP DEFAULT;ALTER TABLE "Events" ALTER COLUMN "title" TYPE VARCHAR(255);
Executing (default): ALTER TABLE "Events" DROP CONSTRAINT "Events_contractorId_fkey"
Executing (default): ALTER TABLE "Events"  ADD FOREIGN KEY ("contractorId") REFERENCES "Contractors" ("id") ON DELETE SET NULL ON UPDATE CASCADE;
Executing (default): ALTER TABLE "Events" ALTER COLUMN "eventDate" DROP NOT NULL;ALTER TABLE "Events" ALTER COLUMN "eventDate" DROP DEFAULT;ALTER TABLE "Events" ALTER COLUMN "eventDate" TYPE DATE;
Executing (default): ALTER TABLE "Events" ALTER COLUMN "startTime" DROP NOT NULL;ALTER TABLE "Events" ALTER COLUMN "startTime" DROP DEFAULT;ALTER TABLE "Events" ALTER COLUMN "startTime" TYPE TIME;
Executing (default): ALTER TABLE "Events" ALTER COLUMN "endTime" DROP NOT NULL;ALTER TABLE "Events" ALTER COLUMN "endTime" DROP DEFAULT;ALTER TABLE "Events" ALTER COLUMN "endTime" TYPE TIME;
Executing (default): ALTER TABLE "Events" ALTER COLUMN "location" DROP NOT NULL;ALTER TABLE "Events" ALTER COLUMN "location" DROP DEFAULT;ALTER TABLE "Events" ALTER COLUMN "location" TYPE VARCHAR(255);
Executing (default): ALTER TABLE "Events" ALTER COLUMN "status" SET NOT NULL;ALTER TABLE "Events" ALTER COLUMN "status" SET DEFAULT 'Draft';ALTER TABLE "Events" ALTER COLUMN "status" TYPE VARCHAR(255);
Executing (default): ALTER TABLE "Events" ALTER COLUMN "notes" DROP NOT NULL;ALTER TABLE "Events" ALTER COLUMN "notes" DROP DEFAULT;ALTER TABLE "Events" ALTER COLUMN "notes" TYPE TEXT;
Executing (default): ALTER TABLE "Events" ALTER COLUMN "createdAt" SET NOT NULL;ALTER TABLE "Events" ALTER COLUMN "createdAt" DROP DEFAULT;ALTER TABLE "Events" ALTER COLUMN "createdAt" TYPE TIMESTAMP WITH TIME ZONE;
Executing (default): ALTER TABLE "Events" ALTER COLUMN "updatedAt" SET NOT NULL;ALTER TABLE "Events" ALTER COLUMN "updatedAt" DROP DEFAULT;ALTER TABLE "Events" ALTER COLUMN "updatedAt" TYPE TIMESTAMP WITH TIME ZONE;
Executing (default): ALTER TABLE "Events" ALTER COLUMN "startEvent" DROP NOT NULL;ALTER TABLE "Events" ALTER COLUMN "startEvent" DROP DEFAULT;ALTER TABLE "Events" ALTER COLUMN "startEvent" TYPE DATE;
Executing (default): ALTER TABLE "Events" ALTER COLUMN "endEvent" DROP NOT NULL;ALTER TABLE "Events" ALTER COLUMN "endEvent" DROP DEFAULT;ALTER TABLE "Events" ALTER COLUMN "endEvent" TYPE DATE;
Executing (default): ALTER TABLE "Events" ALTER COLUMN "startTimeStartEvent" DROP NOT NULL;ALTER TABLE "Events" ALTER COLUMN "startTimeStartEvent" DROP DEFAULT;ALTER TABLE "Events" ALTER COLUMN "startTimeStartEvent" TYPE TIME;
Executing (default): ALTER TABLE "Events" ALTER COLUMN "endTimeStartEvent" DROP NOT NULL;ALTER TABLE "Events" ALTER COLUMN "endTimeStartEvent" DROP DEFAULT;ALTER TABLE "Events" ALTER COLUMN "endTimeStartEvent" TYPE TIME;
Executing (default): ALTER TABLE "Events" ALTER COLUMN "startTimeEndEvent" DROP NOT NULL;ALTER TABLE "Events" ALTER COLUMN "startTimeEndEvent" DROP DEFAULT;ALTER TABLE "Events" ALTER COLUMN "startTimeEndEvent" TYPE TIME;
Executing (default): ALTER TABLE "Events" ALTER COLUMN "endTimeEndEvent" DROP NOT NULL;ALTER TABLE "Events" ALTER COLUMN "endTimeEndEvent" DROP DEFAULT;ALTER TABLE "Events" ALTER COLUMN "endTimeEndEvent" TYPE TIME;
Executing (default): ALTER TABLE "Events" ALTER COLUMN "countOfPerson" DROP NOT NULL;ALTER TABLE "Events" ALTER COLUMN "countOfPerson" DROP DEFAULT;ALTER TABLE "Events" ALTER COLUMN "countOfPerson" TYPE INTEGER;
Executing (default): SELECT i.relname AS name, ix.indisprimary AS primary, ix.indisunique AS unique, ix.indkey AS indkey, array_agg(a.attnum) as column_indexes, array_agg(a.attname) AS column_names, pg_get_indexdef(ix.indexrelid) AS definition FROM pg_class t, pg_class i, pg_index ix, pg_attribute a WHERE t.oid = ix.indrelid AND i.oid = ix.indexrelid AND a.attrelid = t.oid AND t.relkind = 'r' and t.relname = 'Events' GROUP BY i.relname, ix.indexrelid, ix.indisprimary, ix.indisunique, ix.indkey ORDER BY i.relname;
Executing (default): SELECT table_name FROM information_schema.tables WHERE table_schema = 'public' AND table_name = 'menuItems'
Executing (default): SELECT pk.constraint_type as "Constraint",c.column_name as "Field", c.column_default as "Default",c.is_nullable as "Null", (CASE WHEN c.udt_name = 'hstore' THEN c.udt_name ELSE c.data_type END) || (CASE WHEN c.character_maximum_length IS NOT NULL THEN '(' || c.character_maximum_length || ')' ELSE '' END) as "Type", (SELECT array_agg(e.enumlabel) FROM pg_catalog.pg_type t JOIN pg_catalog.pg_enum e ON t.oid=e.enumtypid WHERE t.typname=c.udt_name) AS "special", (SELECT pgd.description FROM pg_catalog.pg_statio_all_tables AS st INNER JOIN pg_catalog.pg_description pgd on (pgd.objoid=st.relid) WHERE c.ordinal_position=pgd.objsubid AND c.table_name=st.relname) AS "Comment" FROM information_schema.columns c LEFT JOIN (SELECT tc.table_schema, tc.table_name, cu.column_name, tc.constraint_type FROM information_schema.TABLE_CONSTRAINTS tc JOIN information_schema.KEY_COLUMN_USAGE  cu ON tc.table_schema=cu.table_schema and tc.table_name=cu.table_name and tc.constraint_name=cu.constraint_name and tc.constraint_type='PRIMARY KEY') pk ON pk.table_schema=c.table_schema AND pk.table_name=c.table_name AND pk.column_name=c.column_name WHERE c.table_name = 'menuItems' AND c.table_schema = 'public'
Executing (default): SELECT DISTINCT tc.constraint_name as constraint_name, tc.constraint_schema as constraint_schema, tc.constraint_catalog as constraint_catalog, tc.table_name as table_name,tc.table_schema as table_schema,tc.table_catalog as table_catalog,tc.initially_deferred as initially_deferred,tc.is_deferrable as is_deferrable,kcu.column_name as column_name,ccu.table_schema  AS referenced_table_schema,ccu.table_catalog  AS referenced_table_catalog,ccu.table_name  AS referenced_table_name,ccu.column_name AS referenced_column_name FROM information_schema.table_constraints AS tc JOIN information_schema.key_column_usage AS kcu ON tc.constraint_name = kcu.constraint_name JOIN information_schema.constraint_column_usage AS ccu ON ccu.constraint_name = tc.constraint_name WHERE constraint_type = 'FOREIGN KEY' AND tc.table_name = 'menuItems' AND tc.table_catalog = 'KURGI_KP'
Executing (default): ALTER TABLE "menuItems" ALTER COLUMN "title" SET NOT NULL;ALTER TABLE "menuItems" ALTER COLUMN "title" DROP DEFAULT;ALTER TABLE "menuItems" ALTER COLUMN "title" TYPE VARCHAR(255);
Executing (default): ALTER TABLE "menuItems" ALTER COLUMN "description" DROP NOT NULL;ALTER TABLE "menuItems" ALTER COLUMN "description" DROP DEFAULT;ALTER TABLE "menuItems" ALTER COLUMN "description" TYPE TEXT;
Executing (default): ALTER TABLE "menuItems" ALTER COLUMN "category" DROP NOT NULL;ALTER TABLE "menuItems" ALTER COLUMN "category" DROP DEFAULT;ALTER TABLE "menuItems" ALTER COLUMN "category" TYPE VARCHAR(255);
Executing (default): ALTER TABLE "menuItems" ALTER COLUMN "weight" DROP NOT NULL;ALTER TABLE "menuItems" ALTER COLUMN "weight" DROP DEFAULT;ALTER TABLE "menuItems" ALTER COLUMN "weight" TYPE INTEGER;
Executing (default): ALTER TABLE "menuItems" ALTER COLUMN "price" DROP NOT NULL;ALTER TABLE "menuItems" ALTER COLUMN "price" DROP DEFAULT;ALTER TABLE "menuItems" ALTER COLUMN "price" TYPE INTEGER;
Executing (default): ALTER TABLE "menuItems" ALTER COLUMN "active" DROP NOT NULL;ALTER TABLE "menuItems" ALTER COLUMN "active" SET DEFAULT true;ALTER TABLE "menuItems" ALTER COLUMN "active" TYPE BOOLEAN;
Executing (default): ALTER TABLE "menuItems" ALTER COLUMN "createdAt" SET NOT NULL;ALTER TABLE "menuItems" ALTER COLUMN "createdAt" DROP DEFAULT;ALTER TABLE "menuItems" ALTER COLUMN "createdAt" TYPE TIMESTAMP WITH TIME ZONE;
Executing (default): ALTER TABLE "menuItems" ALTER COLUMN "updatedAt" SET NOT NULL;ALTER TABLE "menuItems" ALTER COLUMN "updatedAt" DROP DEFAULT;ALTER TABLE "menuItems" ALTER COLUMN "updatedAt" TYPE TIMESTAMP WITH TIME ZONE;
Executing (default): SELECT i.relname AS name, ix.indisprimary AS primary, ix.indisunique AS unique, ix.indkey AS indkey, array_agg(a.attnum) as column_indexes, array_agg(a.attname) AS column_names, pg_get_indexdef(ix.indexrelid) AS definition FROM pg_class t, pg_class i, pg_index ix, pg_attribute a WHERE t.oid = ix.indrelid AND i.oid = ix.indexrelid AND a.attrelid = t.oid AND t.relkind = 'r' and t.relname = 'menuItems' GROUP BY i.relname, ix.indexrelid, ix.indisprimary, ix.indisunique, ix.indkey ORDER BY i.relname;
Executing (default): SELECT table_name FROM information_schema.tables WHERE table_schema = 'public' AND table_name = 'kps'
Executing (default): SELECT pk.constraint_type as "Constraint",c.column_name as "Field", c.column_default as "Default",c.is_nullable as "Null", (CASE WHEN c.udt_name = 'hstore' THEN c.udt_name ELSE c.data_type END) || (CASE WHEN c.character_maximum_length IS NOT NULL THEN '(' || c.character_maximum_length || ')' ELSE '' END) as "Type", (SELECT array_agg(e.enumlabel) FROM pg_catalog.pg_type t JOIN pg_catalog.pg_enum e ON t.oid=e.enumtypid WHERE t.typname=c.udt_name) AS "special", (SELECT pgd.description FROM pg_catalog.pg_statio_all_tables AS st INNER JOIN pg_catalog.pg_description pgd on (pgd.objoid=st.relid) WHERE c.ordinal_position=pgd.objsubid AND c.table_name=st.relname) AS "Comment" FROM information_schema.columns c LEFT JOIN (SELECT tc.table_schema, tc.table_name, cu.column_name, tc.constraint_type FROM information_schema.TABLE_CONSTRAINTS tc JOIN information_schema.KEY_COLUMN_USAGE  cu ON tc.table_schema=cu.table_schema and tc.table_name=cu.table_name and tc.constraint_name=cu.constraint_name and tc.constraint_type='PRIMARY KEY') pk ON pk.table_schema=c.table_schema AND pk.table_name=c.table_name AND pk.column_name=c.column_name WHERE c.table_name = 'kps' AND c.table_schema = 'public'
Executing (default): SELECT DISTINCT tc.constraint_name as constraint_name, tc.constraint_schema as constraint_schema, tc.constraint_catalog as constraint_catalog, tc.table_name as table_name,tc.table_schema as table_schema,tc.table_catalog as table_catalog,tc.initially_deferred as initially_deferred,tc.is_deferrable as is_deferrable,kcu.column_name as column_name,ccu.table_schema  AS referenced_table_schema,ccu.table_catalog  AS referenced_table_catalog,ccu.table_name  AS referenced_table_name,ccu.column_name AS referenced_column_name FROM information_schema.table_constraints AS tc JOIN information_schema.key_column_usage AS kcu ON tc.constraint_name = kcu.constraint_name JOIN information_schema.constraint_column_usage AS ccu ON ccu.constraint_name = tc.constraint_name WHERE constraint_type = 'FOREIGN KEY' AND tc.table_name = 'kps' AND tc.table_catalog = 'KURGI_KP'
Executing (default): ALTER TABLE "kps" ALTER COLUMN "kpNumber" DROP NOT NULL;ALTER TABLE "kps" ALTER COLUMN "kpNumber" DROP DEFAULT;ALTER TABLE "kps"  ADD UNIQUE ("kpNumber");ALTER TABLE "kps" ALTER COLUMN "kpNumber" TYPE VARCHAR(255) ;
Executing (default): ALTER TABLE "kps" ALTER COLUMN "kpDate" DROP NOT NULL;ALTER TABLE "kps" ALTER COLUMN "kpDate" DROP DEFAULT;ALTER TABLE "kps" ALTER COLUMN "kpDate" TYPE DATE;
Executing (default): ALTER TABLE "kps" ALTER COLUMN "contractNumber" DROP NOT NULL;ALTER TABLE "kps" ALTER COLUMN "contractNumber" DROP DEFAULT;ALTER TABLE "kps" ALTER COLUMN "contractNumber" TYPE VARCHAR(255);
Executing (default): ALTER TABLE "kps" ALTER COLUMN "contractDate" DROP NOT NULL;ALTER TABLE "kps" ALTER COLUMN "contractDate" DROP DEFAULT;ALTER TABLE "kps" ALTER COLUMN "contractDate" TYPE DATE;
Executing (default): ALTER TABLE "kps" ALTER COLUMN "startEvent" DROP NOT NULL;ALTER TABLE "kps" ALTER COLUMN "startEvent" DROP DEFAULT;ALTER TABLE "kps" ALTER COLUMN "startEvent" TYPE DATE;
Executing (default): ALTER TABLE "kps" ALTER COLUMN "endEvent" DROP NOT NULL;ALTER TABLE "kps" ALTER COLUMN "endEvent" DROP DEFAULT;ALTER TABLE "kps" ALTER COLUMN "endEvent" TYPE DATE;
Executing (default): ALTER TABLE "kps" ALTER COLUMN "eventPlace" DROP NOT NULL;ALTER TABLE "kps" ALTER COLUMN "eventPlace" DROP DEFAULT;ALTER TABLE "kps" ALTER COLUMN "eventPlace" TYPE VARCHAR(255);
Executing (default): ALTER TABLE "kps" ALTER COLUMN "countOfPerson" DROP NOT NULL;ALTER TABLE "kps" ALTER COLUMN "countOfPerson" DROP DEFAULT;ALTER TABLE "kps" ALTER COLUMN "countOfPerson" TYPE VARCHAR(255);
Executing (default): ALTER TABLE "kps" ALTER COLUMN "isWithinMkad" DROP NOT NULL;ALTER TABLE "kps" ALTER COLUMN "isWithinMkad" SET DEFAULT true;ALTER TABLE "kps" ALTER COLUMN "isWithinMkad" TYPE BOOLEAN;
Executing (default): ALTER TABLE "kps" ALTER COLUMN "logisticsCost" DROP NOT NULL;ALTER TABLE "kps" ALTER COLUMN "logisticsCost" DROP DEFAULT;ALTER TABLE "kps" ALTER COLUMN "logisticsCost" TYPE INTEGER;
Executing (default): ALTER TABLE "kps" ALTER COLUMN "listTitle" DROP NOT NULL;ALTER TABLE "kps" ALTER COLUMN "listTitle" DROP DEFAULT;ALTER TABLE "kps" ALTER COLUMN "listTitle" TYPE VARCHAR(255);
Executing (default): ALTER TABLE "kps" ALTER COLUMN "managerName" SET NOT NULL;ALTER TABLE "kps" ALTER COLUMN "managerName" DROP DEFAULT;ALTER TABLE "kps" ALTER COLUMN "managerName" TYPE VARCHAR(255);
Executing (default): ALTER TABLE "kps" ALTER COLUMN "createdAt" SET NOT NULL;ALTER TABLE "kps" ALTER COLUMN "createdAt" DROP DEFAULT;ALTER TABLE "kps" ALTER COLUMN "createdAt" TYPE TIMESTAMP WITH TIME ZONE;
Executing (default): ALTER TABLE "kps" ALTER COLUMN "updatedAt" SET NOT NULL;ALTER TABLE "kps" ALTER COLUMN "updatedAt" DROP DEFAULT;ALTER TABLE "kps" ALTER COLUMN "updatedAt" TYPE TIMESTAMP WITH TIME ZONE;
Executing (default): ALTER TABLE "kps" DROP CONSTRAINT "kps_managerId_fkey"
Executing (default): ALTER TABLE "kps"  ADD FOREIGN KEY ("managerId") REFERENCES "Users" ("id") ON DELETE SET NULL ON UPDATE CASCADE;
Executing (default): ALTER TABLE "kps" DROP CONSTRAINT "kps_contractorId_fkey"
Executing (default): ALTER TABLE "kps"  ADD FOREIGN KEY ("contractorId") REFERENCES "Contractors" ("id") ON DELETE SET NULL ON UPDATE CASCADE;
Executing (default): ALTER TABLE "kps" DROP CONSTRAINT "kps_eventId_fkey"
Executing (default): ALTER TABLE "kps"  ADD FOREIGN KEY ("eventId") REFERENCES "Events" ("id") ON DELETE SET NULL ON UPDATE CASCADE;
Executing (default): ALTER TABLE "kps" ALTER COLUMN "status" DROP NOT NULL;ALTER TABLE "kps" ALTER COLUMN "status" SET DEFAULT 'draft';ALTER TABLE "kps" ALTER COLUMN "status" TYPE VARCHAR(255);
Executing (default): ALTER TABLE "kps" ALTER COLUMN "totalAmount" DROP NOT NULL;ALTER TABLE "kps" ALTER COLUMN "totalAmount" DROP DEFAULT;ALTER TABLE "kps" ALTER COLUMN "totalAmount" TYPE INTEGER;
Executing (default): SELECT i.relname AS name, ix.indisprimary AS primary, ix.indisunique AS unique, ix.indkey AS indkey, array_agg(a.attnum) as column_indexes, array_agg(a.attname) AS column_names, pg_get_indexdef(ix.indexrelid) AS definition FROM pg_class t, pg_class i, pg_index ix, pg_attribute a WHERE t.oid = ix.indrelid AND i.oid = ix.indexrelid AND a.attrelid = t.oid AND t.relkind = 'r' and t.relname = 'kps' GROUP BY i.relname, ix.indexrelid, ix.indisprimary, ix.indisunique, ix.indkey ORDER BY i.relname;
Executing (default): SELECT table_name FROM information_schema.tables WHERE table_schema = 'public' AND table_name = 'lists'
Executing (default): SELECT pk.constraint_type as "Constraint",c.column_name as "Field", c.column_default as "Default",c.is_nullable as "Null", (CASE WHEN c.udt_name = 'hstore' THEN c.udt_name ELSE c.data_type END) || (CASE WHEN c.character_maximum_length IS NOT NULL THEN '(' || c.character_maximum_length || ')' ELSE '' END) as "Type", (SELECT array_agg(e.enumlabel) FROM pg_catalog.pg_type t JOIN pg_catalog.pg_enum e ON t.oid=e.enumtypid WHERE t.typname=c.udt_name) AS "special", (SELECT pgd.description FROM pg_catalog.pg_statio_all_tables AS st INNER JOIN pg_catalog.pg_description pgd on (pgd.objoid=st.relid) WHERE c.ordinal_position=pgd.objsubid AND c.table_name=st.relname) AS "Comment" FROM information_schema.columns c LEFT JOIN (SELECT tc.table_schema, tc.table_name, cu.column_name, tc.constraint_type FROM information_schema.TABLE_CONSTRAINTS tc JOIN information_schema.KEY_COLUMN_USAGE  cu ON tc.table_schema=cu.table_schema and tc.table_name=cu.table_name and tc.constraint_name=cu.constraint_name and tc.constraint_type='PRIMARY KEY') pk ON pk.table_schema=c.table_schema AND pk.table_name=c.table_name AND pk.column_name=c.column_name WHERE c.table_name = 'lists' AND c.table_schema = 'public'
Executing (default): SELECT DISTINCT tc.constraint_name as constraint_name, tc.constraint_schema as constraint_schema, tc.constraint_catalog as constraint_catalog, tc.table_name as table_name,tc.table_schema as table_schema,tc.table_catalog as table_catalog,tc.initially_deferred as initially_deferred,tc.is_deferrable as is_deferrable,kcu.column_name as column_name,ccu.table_schema  AS referenced_table_schema,ccu.table_catalog  AS referenced_table_catalog,ccu.table_name  AS referenced_table_name,ccu.column_name AS referenced_column_name FROM information_schema.table_constraints AS tc JOIN information_schema.key_column_usage AS kcu ON tc.constraint_name = kcu.constraint_name JOIN information_schema.constraint_column_usage AS ccu ON ccu.constraint_name = tc.constraint_name WHERE constraint_type = 'FOREIGN KEY' AND tc.table_name = 'lists' AND tc.table_catalog = 'KURGI_KP'
Executing (default): ALTER TABLE "lists" ALTER COLUMN "startEvent" SET NOT NULL;ALTER TABLE "lists" ALTER COLUMN "startEvent" DROP DEFAULT;ALTER TABLE "lists" ALTER COLUMN "startEvent" TYPE DATE;
Executing (default): ALTER TABLE "lists" ALTER COLUMN "endEvent" SET NOT NULL;ALTER TABLE "lists" ALTER COLUMN "endEvent" DROP DEFAULT;ALTER TABLE "lists" ALTER COLUMN "endEvent" TYPE DATE;
Executing (default): ALTER TABLE "lists" ALTER COLUMN "startTimeStartEvent" SET NOT NULL;ALTER TABLE "lists" ALTER COLUMN "startTimeStartEvent" DROP DEFAULT;ALTER TABLE "lists" ALTER COLUMN "startTimeStartEvent" TYPE TIME;
Executing (default): ALTER TABLE "lists" ALTER COLUMN "endTimeStartEvent" SET NOT NULL;ALTER TABLE "lists" ALTER COLUMN "endTimeStartEvent" DROP DEFAULT;ALTER TABLE "lists" ALTER COLUMN "endTimeStartEvent" TYPE TIME;
Executing (default): ALTER TABLE "lists" ALTER COLUMN "startTimeEndEvent" SET NOT NULL;ALTER TABLE "lists" ALTER COLUMN "startTimeEndEvent" DROP DEFAULT;ALTER TABLE "lists" ALTER COLUMN "startTimeEndEvent" TYPE TIME;
Executing (default): ALTER TABLE "lists" ALTER COLUMN "endTimeEndEvent" SET NOT NULL;ALTER TABLE "lists" ALTER COLUMN "endTimeEndEvent" DROP DEFAULT;ALTER TABLE "lists" ALTER COLUMN "endTimeEndEvent" TYPE TIME;
Executing (default): ALTER TABLE "lists" ALTER COLUMN "eventPlace" SET NOT NULL;ALTER TABLE "lists" ALTER COLUMN "eventPlace" DROP DEFAULT;ALTER TABLE "lists" ALTER COLUMN "eventPlace" TYPE VARCHAR(255);
Executing (default): ALTER TABLE "lists" ALTER COLUMN "countOfPerson" SET NOT NULL;ALTER TABLE "lists" ALTER COLUMN "countOfPerson" DROP DEFAULT;ALTER TABLE "lists" ALTER COLUMN "countOfPerson" TYPE VARCHAR(255);
Executing (default): ALTER TABLE "lists" ALTER COLUMN "listTitle" DROP NOT NULL;ALTER TABLE "lists" ALTER COLUMN "listTitle" DROP DEFAULT;ALTER TABLE "lists" ALTER COLUMN "listTitle" TYPE VARCHAR(255);
Executing (default): ALTER TABLE "lists" ALTER COLUMN "createdAt" SET NOT NULL;ALTER TABLE "lists" ALTER COLUMN "createdAt" DROP DEFAULT;ALTER TABLE "lists" ALTER COLUMN "createdAt" TYPE TIMESTAMP WITH TIME ZONE;
Executing (default): ALTER TABLE "lists" ALTER COLUMN "updatedAt" SET NOT NULL;ALTER TABLE "lists" ALTER COLUMN "updatedAt" DROP DEFAULT;ALTER TABLE "lists" ALTER COLUMN "updatedAt" TYPE TIMESTAMP WITH TIME ZONE;
Executing (default): ALTER TABLE "lists" DROP CONSTRAINT "lists_kpId_fkey"
Executing (default): ALTER TABLE "lists"  ADD FOREIGN KEY ("kpId") REFERENCES "kps" ("id") ON DELETE SET NULL ON UPDATE CASCADE;
Executing (default): SELECT i.relname AS name, ix.indisprimary AS primary, ix.indisunique AS unique, ix.indkey AS indkey, array_agg(a.attnum) as column_indexes, array_agg(a.attname) AS column_names, pg_get_indexdef(ix.indexrelid) AS definition FROM pg_class t, pg_class i, pg_index ix, pg_attribute a WHERE t.oid = ix.indrelid AND i.oid = ix.indexrelid AND a.attrelid = t.oid AND t.relkind = 'r' and t.relname = 'lists' GROUP BY i.relname, ix.indexrelid, ix.indisprimary, ix.indisunique, ix.indkey ORDER BY i.relname;
Executing (default): SELECT table_name FROM information_schema.tables WHERE table_schema = 'public' AND table_name = 'rows'
Executing (default): SELECT pk.constraint_type as "Constraint",c.column_name as "Field", c.column_default as "Default",c.is_nullable as "Null", (CASE WHEN c.udt_name = 'hstore' THEN c.udt_name ELSE c.data_type END) || (CASE WHEN c.character_maximum_length IS NOT NULL THEN '(' || c.character_maximum_length || ')' ELSE '' END) as "Type", (SELECT array_agg(e.enumlabel) FROM pg_catalog.pg_type t JOIN pg_catalog.pg_enum e ON t.oid=e.enumtypid WHERE t.typname=c.udt_name) AS "special", (SELECT pgd.description FROM pg_catalog.pg_statio_all_tables AS st INNER JOIN pg_catalog.pg_description pgd on (pgd.objoid=st.relid) WHERE c.ordinal_position=pgd.objsubid AND c.table_name=st.relname) AS "Comment" FROM information_schema.columns c LEFT JOIN (SELECT tc.table_schema, tc.table_name, cu.column_name, tc.constraint_type FROM information_schema.TABLE_CONSTRAINTS tc JOIN information_schema.KEY_COLUMN_USAGE  cu ON tc.table_schema=cu.table_schema and tc.table_name=cu.table_name and tc.constraint_name=cu.constraint_name and tc.constraint_type='PRIMARY KEY') pk ON pk.table_schema=c.table_schema AND pk.table_name=c.table_name AND pk.column_name=c.column_name WHERE c.table_name = 'rows' AND c.table_schema = 'public'
Executing (default): SELECT DISTINCT tc.constraint_name as constraint_name, tc.constraint_schema as constraint_schema, tc.constraint_catalog as constraint_catalog, tc.table_name as table_name,tc.table_schema as table_schema,tc.table_catalog as table_catalog,tc.initially_deferred as initially_deferred,tc.is_deferrable as is_deferrable,kcu.column_name as column_name,ccu.table_schema  AS referenced_table_schema,ccu.table_catalog  AS referenced_table_catalog,ccu.table_name  AS referenced_table_name,ccu.column_name AS referenced_column_name FROM information_schema.table_constraints AS tc JOIN information_schema.key_column_usage AS kcu ON tc.constraint_name = kcu.constraint_name JOIN information_schema.constraint_column_usage AS ccu ON ccu.constraint_name = tc.constraint_name WHERE constraint_type = 'FOREIGN KEY' AND tc.table_name = 'rows' AND tc.table_catalog = 'KURGI_KP'
Executing (default): ALTER TABLE "rows" ALTER COLUMN "product" SET NOT NULL;ALTER TABLE "rows" ALTER COLUMN "product" DROP DEFAULT;ALTER TABLE "rows" ALTER COLUMN "product" TYPE VARCHAR(255);
Executing (default): ALTER TABLE "rows" ALTER COLUMN "composition" DROP NOT NULL;ALTER TABLE "rows" ALTER COLUMN "composition" DROP DEFAULT;ALTER TABLE "rows" ALTER COLUMN "composition" TYPE VARCHAR(255);
Executing (default): ALTER TABLE "rows" ALTER COLUMN "productWeight" DROP NOT NULL;ALTER TABLE "rows" ALTER COLUMN "productWeight" DROP DEFAULT;ALTER TABLE "rows" ALTER COLUMN "productWeight" TYPE INTEGER;
Executing (default): ALTER TABLE "rows" ALTER COLUMN "countOfProduct" SET NOT NULL;ALTER TABLE "rows" ALTER COLUMN "countOfProduct" DROP DEFAULT;ALTER TABLE "rows" ALTER COLUMN "countOfProduct" TYPE INTEGER;
Executing (default): ALTER TABLE "rows" ALTER COLUMN "priceOfProduct" SET NOT NULL;ALTER TABLE "rows" ALTER COLUMN "priceOfProduct" DROP DEFAULT;ALTER TABLE "rows" ALTER COLUMN "priceOfProduct" TYPE INTEGER;
Executing (default): ALTER TABLE "rows" ALTER COLUMN "createdAt" SET NOT NULL;ALTER TABLE "rows" ALTER COLUMN "createdAt" DROP DEFAULT;ALTER TABLE "rows" ALTER COLUMN "createdAt" TYPE TIMESTAMP WITH TIME ZONE;
Executing (default): ALTER TABLE "rows" ALTER COLUMN "updatedAt" SET NOT NULL;ALTER TABLE "rows" ALTER COLUMN "updatedAt" DROP DEFAULT;ALTER TABLE "rows" ALTER COLUMN "updatedAt" TYPE TIMESTAMP WITH TIME ZONE;
Executing (default): ALTER TABLE "rows" DROP CONSTRAINT "rows_listId_fkey"
Executing (default): ALTER TABLE "rows"  ADD FOREIGN KEY ("listId") REFERENCES "lists" ("id") ON DELETE SET NULL ON UPDATE CASCADE;
Executing (default): ALTER TABLE "rows" ALTER COLUMN "typeOfProduct" DROP NOT NULL;ALTER TABLE "rows" ALTER COLUMN "typeOfProduct" DROP DEFAULT;ALTER TABLE "rows" ALTER COLUMN "typeOfProduct" TYPE VARCHAR(255);
Executing (default): ALTER TABLE "rows" ALTER COLUMN "order" SET NOT NULL;ALTER TABLE "rows" ALTER COLUMN "order" SET DEFAULT 0;ALTER TABLE "rows" ALTER COLUMN "order" TYPE INTEGER;
Executing (default): SELECT i.relname AS name, ix.indisprimary AS primary, ix.indisunique AS unique, ix.indkey AS indkey, array_agg(a.attnum) as column_indexes, array_agg(a.attname) AS column_names, pg_get_indexdef(ix.indexrelid) AS definition FROM pg_class t, pg_class i, pg_index ix, pg_attribute a WHERE t.oid = ix.indrelid AND i.oid = ix.indexrelid AND a.attrelid = t.oid AND t.relkind = 'r' and t.relname = 'rows' GROUP BY i.relname, ix.indexrelid, ix.indisprimary, ix.indisunique, ix.indkey ORDER BY i.relname;
server started on port 3000
[32m[nodemon] restarting due to changes...[39m
[32m[nodemon] starting `node index.js`[39m
Executing (default): SELECT 1+1 AS result
Executing (default): SELECT table_name FROM information_schema.tables WHERE table_schema = 'public' AND table_name = 'Users'
Executing (default): SELECT t.typname enum_name, array_agg(e.enumlabel ORDER BY enumsortorder) enum_value FROM pg_type t JOIN pg_enum e ON t.oid = e.enumtypid JOIN pg_catalog.pg_namespace n ON n.oid = t.typnamespace WHERE n.nspname = 'public' AND t.typname='enum_Users_role' GROUP BY 1
Executing (default): SELECT pk.constraint_type as "Constraint",c.column_name as "Field", c.column_default as "Default",c.is_nullable as "Null", (CASE WHEN c.udt_name = 'hstore' THEN c.udt_name ELSE c.data_type END) || (CASE WHEN c.character_maximum_length IS NOT NULL THEN '(' || c.character_maximum_length || ')' ELSE '' END) as "Type", (SELECT array_agg(e.enumlabel) FROM pg_catalog.pg_type t JOIN pg_catalog.pg_enum e ON t.oid=e.enumtypid WHERE t.typname=c.udt_name) AS "special", (SELECT pgd.description FROM pg_catalog.pg_statio_all_tables AS st INNER JOIN pg_catalog.pg_description pgd on (pgd.objoid=st.relid) WHERE c.ordinal_position=pgd.objsubid AND c.table_name=st.relname) AS "Comment" FROM information_schema.columns c LEFT JOIN (SELECT tc.table_schema, tc.table_name, cu.column_name, tc.constraint_type FROM information_schema.TABLE_CONSTRAINTS tc JOIN information_schema.KEY_COLUMN_USAGE  cu ON tc.table_schema=cu.table_schema and tc.table_name=cu.table_name and tc.constraint_name=cu.constraint_name and tc.constraint_type='PRIMARY KEY') pk ON pk.table_schema=c.table_schema AND pk.table_name=c.table_name AND pk.column_name=c.column_name WHERE c.table_name = 'Users' AND c.table_schema = 'public'
Executing (default): SELECT DISTINCT tc.constraint_name as constraint_name, tc.constraint_schema as constraint_schema, tc.constraint_catalog as constraint_catalog, tc.table_name as table_name,tc.table_schema as table_schema,tc.table_catalog as table_catalog,tc.initially_deferred as initially_deferred,tc.is_deferrable as is_deferrable,kcu.column_name as column_name,ccu.table_schema  AS referenced_table_schema,ccu.table_catalog  AS referenced_table_catalog,ccu.table_name  AS referenced_table_name,ccu.column_name AS referenced_column_name FROM information_schema.table_constraints AS tc JOIN information_schema.key_column_usage AS kcu ON tc.constraint_name = kcu.constraint_name JOIN information_schema.constraint_column_usage AS ccu ON ccu.constraint_name = tc.constraint_name WHERE constraint_type = 'FOREIGN KEY' AND tc.table_name = 'Users' AND tc.table_catalog = 'KURGI_KP'
Executing (default): ALTER TABLE "Users" ALTER COLUMN "email" SET NOT NULL;ALTER TABLE "Users" ALTER COLUMN "email" DROP DEFAULT;ALTER TABLE "Users"  ADD UNIQUE ("email");ALTER TABLE "Users" ALTER COLUMN "email" TYPE VARCHAR(255)  ;
Executing (default): ALTER TABLE "Users" ALTER COLUMN "password" SET NOT NULL;ALTER TABLE "Users" ALTER COLUMN "password" DROP DEFAULT;ALTER TABLE "Users" ALTER COLUMN "password" TYPE VARCHAR(255);
Executing (default): ALTER TABLE "Users" ALTER COLUMN "name" SET NOT NULL;ALTER TABLE "Users" ALTER COLUMN "name" DROP DEFAULT;ALTER TABLE "Users" ALTER COLUMN "name" TYPE VARCHAR(255);
Executing (default): ALTER TABLE "Users" ALTER COLUMN "role" DROP NOT NULL;ALTER TABLE "Users" ALTER COLUMN "role" SET DEFAULT 'manager';DO 'BEGIN CREATE TYPE "public"."enum_Users_role" AS ENUM(''manager'', ''admin''); EXCEPTION WHEN duplicate_object THEN null; END';ALTER TABLE "Users" ALTER COLUMN "role" TYPE "public"."enum_Users_role" USING ("role"::"public"."enum_Users_role");
Executing (default): ALTER TABLE "Users" ALTER COLUMN "createdAt" SET NOT NULL;ALTER TABLE "Users" ALTER COLUMN "createdAt" DROP DEFAULT;ALTER TABLE "Users" ALTER COLUMN "createdAt" TYPE TIMESTAMP WITH TIME ZONE;
Executing (default): ALTER TABLE "Users" ALTER COLUMN "updatedAt" SET NOT NULL;ALTER TABLE "Users" ALTER COLUMN "updatedAt" DROP DEFAULT;ALTER TABLE "Users" ALTER COLUMN "updatedAt" TYPE TIMESTAMP WITH TIME ZONE;
Executing (default): ALTER TABLE "Users" ALTER COLUMN "job" DROP NOT NULL;ALTER TABLE "Users" ALTER COLUMN "job" DROP DEFAULT;ALTER TABLE "Users" ALTER COLUMN "job" TYPE VARCHAR(255);
Executing (default): ALTER TABLE "Users" ALTER COLUMN "tel" DROP NOT NULL;ALTER TABLE "Users" ALTER COLUMN "tel" DROP DEFAULT;ALTER TABLE "Users" ALTER COLUMN "tel" TYPE VARCHAR(255);
Executing (default): ALTER TABLE "Users" ALTER COLUMN "photo" DROP NOT NULL;ALTER TABLE "Users" ALTER COLUMN "photo" DROP DEFAULT;ALTER TABLE "Users" ALTER COLUMN "photo" TYPE VARCHAR(255);
Executing (default): SELECT i.relname AS name, ix.indisprimary AS primary, ix.indisunique AS unique, ix.indkey AS indkey, array_agg(a.attnum) as column_indexes, array_agg(a.attname) AS column_names, pg_get_indexdef(ix.indexrelid) AS definition FROM pg_class t, pg_class i, pg_index ix, pg_attribute a WHERE t.oid = ix.indrelid AND i.oid = ix.indexrelid AND a.attrelid = t.oid AND t.relkind = 'r' and t.relname = 'Users' GROUP BY i.relname, ix.indexrelid, ix.indisprimary, ix.indisunique, ix.indkey ORDER BY i.relname;
Executing (default): SELECT table_name FROM information_schema.tables WHERE table_schema = 'public' AND table_name = 'Contractors'
Executing (default): SELECT pk.constraint_type as "Constraint",c.column_name as "Field", c.column_default as "Default",c.is_nullable as "Null", (CASE WHEN c.udt_name = 'hstore' THEN c.udt_name ELSE c.data_type END) || (CASE WHEN c.character_maximum_length IS NOT NULL THEN '(' || c.character_maximum_length || ')' ELSE '' END) as "Type", (SELECT array_agg(e.enumlabel) FROM pg_catalog.pg_type t JOIN pg_catalog.pg_enum e ON t.oid=e.enumtypid WHERE t.typname=c.udt_name) AS "special", (SELECT pgd.description FROM pg_catalog.pg_statio_all_tables AS st INNER JOIN pg_catalog.pg_description pgd on (pgd.objoid=st.relid) WHERE c.ordinal_position=pgd.objsubid AND c.table_name=st.relname) AS "Comment" FROM information_schema.columns c LEFT JOIN (SELECT tc.table_schema, tc.table_name, cu.column_name, tc.constraint_type FROM information_schema.TABLE_CONSTRAINTS tc JOIN information_schema.KEY_COLUMN_USAGE  cu ON tc.table_schema=cu.table_schema and tc.table_name=cu.table_name and tc.constraint_name=cu.constraint_name and tc.constraint_type='PRIMARY KEY') pk ON pk.table_schema=c.table_schema AND pk.table_name=c.table_name AND pk.column_name=c.column_name WHERE c.table_name = 'Contractors' AND c.table_schema = 'public'
Executing (default): SELECT DISTINCT tc.constraint_name as constraint_name, tc.constraint_schema as constraint_schema, tc.constraint_catalog as constraint_catalog, tc.table_name as table_name,tc.table_schema as table_schema,tc.table_catalog as table_catalog,tc.initially_deferred as initially_deferred,tc.is_deferrable as is_deferrable,kcu.column_name as column_name,ccu.table_schema  AS referenced_table_schema,ccu.table_catalog  AS referenced_table_catalog,ccu.table_name  AS referenced_table_name,ccu.column_name AS referenced_column_name FROM information_schema.table_constraints AS tc JOIN information_schema.key_column_usage AS kcu ON tc.constraint_name = kcu.constraint_name JOIN information_schema.constraint_column_usage AS ccu ON ccu.constraint_name = tc.constraint_name WHERE constraint_type = 'FOREIGN KEY' AND tc.table_name = 'Contractors' AND tc.table_catalog = 'KURGI_KP'
Executing (default): ALTER TABLE "Contractors" ALTER COLUMN "companyName" SET NOT NULL;ALTER TABLE "Contractors" ALTER COLUMN "companyName" DROP DEFAULT;ALTER TABLE "Contractors" ALTER COLUMN "companyName" TYPE VARCHAR(255);
Executing (default): ALTER TABLE "Contractors" ALTER COLUMN "contactPerson" DROP NOT NULL;ALTER TABLE "Contractors" ALTER COLUMN "contactPerson" DROP DEFAULT;ALTER TABLE "Contractors" ALTER COLUMN "contactPerson" TYPE VARCHAR(255);
Executing (default): ALTER TABLE "Contractors" ALTER COLUMN "phone" DROP NOT NULL;ALTER TABLE "Contractors" ALTER COLUMN "phone" DROP DEFAULT;ALTER TABLE "Contractors" ALTER COLUMN "phone" TYPE VARCHAR(255);
Executing (default): ALTER TABLE "Contractors" ALTER COLUMN "email" DROP NOT NULL;ALTER TABLE "Contractors" ALTER COLUMN "email" DROP DEFAULT;ALTER TABLE "Contractors" ALTER COLUMN "email" TYPE VARCHAR(255);
Executing (default): ALTER TABLE "Contractors" ALTER COLUMN "notes" DROP NOT NULL;ALTER TABLE "Contractors" ALTER COLUMN "notes" DROP DEFAULT;ALTER TABLE "Contractors" ALTER COLUMN "notes" TYPE TEXT;
Executing (default): ALTER TABLE "Contractors" ALTER COLUMN "createdAt" SET NOT NULL;ALTER TABLE "Contractors" ALTER COLUMN "createdAt" DROP DEFAULT;ALTER TABLE "Contractors" ALTER COLUMN "createdAt" TYPE TIMESTAMP WITH TIME ZONE;
Executing (default): ALTER TABLE "Contractors" ALTER COLUMN "updatedAt" SET NOT NULL;ALTER TABLE "Contractors" ALTER COLUMN "updatedAt" DROP DEFAULT;ALTER TABLE "Contractors" ALTER COLUMN "updatedAt" TYPE TIMESTAMP WITH TIME ZONE;
Executing (default): SELECT i.relname AS name, ix.indisprimary AS primary, ix.indisunique AS unique, ix.indkey AS indkey, array_agg(a.attnum) as column_indexes, array_agg(a.attname) AS column_names, pg_get_indexdef(ix.indexrelid) AS definition FROM pg_class t, pg_class i, pg_index ix, pg_attribute a WHERE t.oid = ix.indrelid AND i.oid = ix.indexrelid AND a.attrelid = t.oid AND t.relkind = 'r' and t.relname = 'Contractors' GROUP BY i.relname, ix.indexrelid, ix.indisprimary, ix.indisunique, ix.indkey ORDER BY i.relname;
Executing (default): SELECT table_name FROM information_schema.tables WHERE table_schema = 'public' AND table_name = 'Events'
Executing (default): SELECT pk.constraint_type as "Constraint",c.column_name as "Field", c.column_default as "Default",c.is_nullable as "Null", (CASE WHEN c.udt_name = 'hstore' THEN c.udt_name ELSE c.data_type END) || (CASE WHEN c.character_maximum_length IS NOT NULL THEN '(' || c.character_maximum_length || ')' ELSE '' END) as "Type", (SELECT array_agg(e.enumlabel) FROM pg_catalog.pg_type t JOIN pg_catalog.pg_enum e ON t.oid=e.enumtypid WHERE t.typname=c.udt_name) AS "special", (SELECT pgd.description FROM pg_catalog.pg_statio_all_tables AS st INNER JOIN pg_catalog.pg_description pgd on (pgd.objoid=st.relid) WHERE c.ordinal_position=pgd.objsubid AND c.table_name=st.relname) AS "Comment" FROM information_schema.columns c LEFT JOIN (SELECT tc.table_schema, tc.table_name, cu.column_name, tc.constraint_type FROM information_schema.TABLE_CONSTRAINTS tc JOIN information_schema.KEY_COLUMN_USAGE  cu ON tc.table_schema=cu.table_schema and tc.table_name=cu.table_name and tc.constraint_name=cu.constraint_name and tc.constraint_type='PRIMARY KEY') pk ON pk.table_schema=c.table_schema AND pk.table_name=c.table_name AND pk.column_name=c.column_name WHERE c.table_name = 'Events' AND c.table_schema = 'public'
Executing (default): SELECT DISTINCT tc.constraint_name as constraint_name, tc.constraint_schema as constraint_schema, tc.constraint_catalog as constraint_catalog, tc.table_name as table_name,tc.table_schema as table_schema,tc.table_catalog as table_catalog,tc.initially_deferred as initially_deferred,tc.is_deferrable as is_deferrable,kcu.column_name as column_name,ccu.table_schema  AS referenced_table_schema,ccu.table_catalog  AS referenced_table_catalog,ccu.table_name  AS referenced_table_name,ccu.column_name AS referenced_column_name FROM information_schema.table_constraints AS tc JOIN information_schema.key_column_usage AS kcu ON tc.constraint_name = kcu.constraint_name JOIN information_schema.constraint_column_usage AS ccu ON ccu.constraint_name = tc.constraint_name WHERE constraint_type = 'FOREIGN KEY' AND tc.table_name = 'Events' AND tc.table_catalog = 'KURGI_KP'
Executing (default): ALTER TABLE "Events" ALTER COLUMN "title" SET NOT NULL;ALTER TABLE "Events" ALTER COLUMN "title" DROP DEFAULT;ALTER TABLE "Events" ALTER COLUMN "title" TYPE VARCHAR(255);
Executing (default): ALTER TABLE "Events" DROP CONSTRAINT "Events_contractorId_fkey"
Ошибка подключения к БД SequelizeUnknownConstraintError: Unknown constraint error
[32m[nodemon] clean exit - waiting for changes before restart[39m
[32m[nodemon] restarting due to changes...[39m
[32m[nodemon] starting `node index.js`[39m
Executing (default): SELECT 1+1 AS result
Executing (default): SELECT table_name FROM information_schema.tables WHERE table_schema = 'public' AND table_name = 'Users'
Executing (default): SELECT t.typname enum_name, array_agg(e.enumlabel ORDER BY enumsortorder) enum_value FROM pg_type t JOIN pg_enum e ON t.oid = e.enumtypid JOIN pg_catalog.pg_namespace n ON n.oid = t.typnamespace WHERE n.nspname = 'public' AND t.typname='enum_Users_role' GROUP BY 1
Executing (default): SELECT pk.constraint_type as "Constraint",c.column_name as "Field", c.column_default as "Default",c.is_nullable as "Null", (CASE WHEN c.udt_name = 'hstore' THEN c.udt_name ELSE c.data_type END) || (CASE WHEN c.character_maximum_length IS NOT NULL THEN '(' || c.character_maximum_length || ')' ELSE '' END) as "Type", (SELECT array_agg(e.enumlabel) FROM pg_catalog.pg_type t JOIN pg_catalog.pg_enum e ON t.oid=e.enumtypid WHERE t.typname=c.udt_name) AS "special", (SELECT pgd.description FROM pg_catalog.pg_statio_all_tables AS st INNER JOIN pg_catalog.pg_description pgd on (pgd.objoid=st.relid) WHERE c.ordinal_position=pgd.objsubid AND c.table_name=st.relname) AS "Comment" FROM information_schema.columns c LEFT JOIN (SELECT tc.table_schema, tc.table_name, cu.column_name, tc.constraint_type FROM information_schema.TABLE_CONSTRAINTS tc JOIN information_schema.KEY_COLUMN_USAGE  cu ON tc.table_schema=cu.table_schema and tc.table_name=cu.table_name and tc.constraint_name=cu.constraint_name and tc.constraint_type='PRIMARY KEY') pk ON pk.table_schema=c.table_schema AND pk.table_name=c.table_name AND pk.column_name=c.column_name WHERE c.table_name = 'Users' AND c.table_schema = 'public'
Executing (default): SELECT DISTINCT tc.constraint_name as constraint_name, tc.constraint_schema as constraint_schema, tc.constraint_catalog as constraint_catalog, tc.table_name as table_name,tc.table_schema as table_schema,tc.table_catalog as table_catalog,tc.initially_deferred as initially_deferred,tc.is_deferrable as is_deferrable,kcu.column_name as column_name,ccu.table_schema  AS referenced_table_schema,ccu.table_catalog  AS referenced_table_catalog,ccu.table_name  AS referenced_table_name,ccu.column_name AS referenced_column_name FROM information_schema.table_constraints AS tc JOIN information_schema.key_column_usage AS kcu ON tc.constraint_name = kcu.constraint_name JOIN information_schema.constraint_column_usage AS ccu ON ccu.constraint_name = tc.constraint_name WHERE constraint_type = 'FOREIGN KEY' AND tc.table_name = 'Users' AND tc.table_catalog = 'KURGI_KP'
Executing (default): ALTER TABLE "Users" ALTER COLUMN "email" SET NOT NULL;ALTER TABLE "Users" ALTER COLUMN "email" DROP DEFAULT;ALTER TABLE "Users"  ADD UNIQUE ("email");ALTER TABLE "Users" ALTER COLUMN "email" TYPE VARCHAR(255)  ;
Executing (default): ALTER TABLE "Users" ALTER COLUMN "password" SET NOT NULL;ALTER TABLE "Users" ALTER COLUMN "password" DROP DEFAULT;ALTER TABLE "Users" ALTER COLUMN "password" TYPE VARCHAR(255);
Executing (default): ALTER TABLE "Users" ALTER COLUMN "name" SET NOT NULL;ALTER TABLE "Users" ALTER COLUMN "name" DROP DEFAULT;ALTER TABLE "Users" ALTER COLUMN "name" TYPE VARCHAR(255);
Executing (default): ALTER TABLE "Users" ALTER COLUMN "role" DROP NOT NULL;ALTER TABLE "Users" ALTER COLUMN "role" SET DEFAULT 'manager';DO 'BEGIN CREATE TYPE "public"."enum_Users_role" AS ENUM(''manager'', ''admin''); EXCEPTION WHEN duplicate_object THEN null; END';ALTER TABLE "Users" ALTER COLUMN "role" TYPE "public"."enum_Users_role" USING ("role"::"public"."enum_Users_role");
Executing (default): ALTER TABLE "Users" ALTER COLUMN "createdAt" SET NOT NULL;ALTER TABLE "Users" ALTER COLUMN "createdAt" DROP DEFAULT;ALTER TABLE "Users" ALTER COLUMN "createdAt" TYPE TIMESTAMP WITH TIME ZONE;
Executing (default): ALTER TABLE "Users" ALTER COLUMN "updatedAt" SET NOT NULL;ALTER TABLE "Users" ALTER COLUMN "updatedAt" DROP DEFAULT;ALTER TABLE "Users" ALTER COLUMN "updatedAt" TYPE TIMESTAMP WITH TIME ZONE;
Executing (default): ALTER TABLE "Users" ALTER COLUMN "job" DROP NOT NULL;ALTER TABLE "Users" ALTER COLUMN "job" DROP DEFAULT;ALTER TABLE "Users" ALTER COLUMN "job" TYPE VARCHAR(255);
Executing (default): ALTER TABLE "Users" ALTER COLUMN "tel" DROP NOT NULL;ALTER TABLE "Users" ALTER COLUMN "tel" DROP DEFAULT;ALTER TABLE "Users" ALTER COLUMN "tel" TYPE VARCHAR(255);
Executing (default): ALTER TABLE "Users" ALTER COLUMN "photo" DROP NOT NULL;ALTER TABLE "Users" ALTER COLUMN "photo" DROP DEFAULT;ALTER TABLE "Users" ALTER COLUMN "photo" TYPE VARCHAR(255);
Executing (default): SELECT i.relname AS name, ix.indisprimary AS primary, ix.indisunique AS unique, ix.indkey AS indkey, array_agg(a.attnum) as column_indexes, array_agg(a.attname) AS column_names, pg_get_indexdef(ix.indexrelid) AS definition FROM pg_class t, pg_class i, pg_index ix, pg_attribute a WHERE t.oid = ix.indrelid AND i.oid = ix.indexrelid AND a.attrelid = t.oid AND t.relkind = 'r' and t.relname = 'Users' GROUP BY i.relname, ix.indexrelid, ix.indisprimary, ix.indisunique, ix.indkey ORDER BY i.relname;
Executing (default): SELECT table_name FROM information_schema.tables WHERE table_schema = 'public' AND table_name = 'Contractors'
Executing (default): SELECT pk.constraint_type as "Constraint",c.column_name as "Field", c.column_default as "Default",c.is_nullable as "Null", (CASE WHEN c.udt_name = 'hstore' THEN c.udt_name ELSE c.data_type END) || (CASE WHEN c.character_maximum_length IS NOT NULL THEN '(' || c.character_maximum_length || ')' ELSE '' END) as "Type", (SELECT array_agg(e.enumlabel) FROM pg_catalog.pg_type t JOIN pg_catalog.pg_enum e ON t.oid=e.enumtypid WHERE t.typname=c.udt_name) AS "special", (SELECT pgd.description FROM pg_catalog.pg_statio_all_tables AS st INNER JOIN pg_catalog.pg_description pgd on (pgd.objoid=st.relid) WHERE c.ordinal_position=pgd.objsubid AND c.table_name=st.relname) AS "Comment" FROM information_schema.columns c LEFT JOIN (SELECT tc.table_schema, tc.table_name, cu.column_name, tc.constraint_type FROM information_schema.TABLE_CONSTRAINTS tc JOIN information_schema.KEY_COLUMN_USAGE  cu ON tc.table_schema=cu.table_schema and tc.table_name=cu.table_name and tc.constraint_name=cu.constraint_name and tc.constraint_type='PRIMARY KEY') pk ON pk.table_schema=c.table_schema AND pk.table_name=c.table_name AND pk.column_name=c.column_name WHERE c.table_name = 'Contractors' AND c.table_schema = 'public'
Executing (default): SELECT DISTINCT tc.constraint_name as constraint_name, tc.constraint_schema as constraint_schema, tc.constraint_catalog as constraint_catalog, tc.table_name as table_name,tc.table_schema as table_schema,tc.table_catalog as table_catalog,tc.initially_deferred as initially_deferred,tc.is_deferrable as is_deferrable,kcu.column_name as column_name,ccu.table_schema  AS referenced_table_schema,ccu.table_catalog  AS referenced_table_catalog,ccu.table_name  AS referenced_table_name,ccu.column_name AS referenced_column_name FROM information_schema.table_constraints AS tc JOIN information_schema.key_column_usage AS kcu ON tc.constraint_name = kcu.constraint_name JOIN information_schema.constraint_column_usage AS ccu ON ccu.constraint_name = tc.constraint_name WHERE constraint_type = 'FOREIGN KEY' AND tc.table_name = 'Contractors' AND tc.table_catalog = 'KURGI_KP'
Executing (default): ALTER TABLE "Contractors" ALTER COLUMN "companyName" SET NOT NULL;ALTER TABLE "Contractors" ALTER COLUMN "companyName" DROP DEFAULT;ALTER TABLE "Contractors" ALTER COLUMN "companyName" TYPE VARCHAR(255);
Executing (default): ALTER TABLE "Contractors" ALTER COLUMN "contactPerson" DROP NOT NULL;ALTER TABLE "Contractors" ALTER COLUMN "contactPerson" DROP DEFAULT;ALTER TABLE "Contractors" ALTER COLUMN "contactPerson" TYPE VARCHAR(255);
Executing (default): ALTER TABLE "Contractors" ALTER COLUMN "phone" DROP NOT NULL;ALTER TABLE "Contractors" ALTER COLUMN "phone" DROP DEFAULT;ALTER TABLE "Contractors" ALTER COLUMN "phone" TYPE VARCHAR(255);
Executing (default): ALTER TABLE "Contractors" ALTER COLUMN "email" DROP NOT NULL;ALTER TABLE "Contractors" ALTER COLUMN "email" DROP DEFAULT;ALTER TABLE "Contractors" ALTER COLUMN "email" TYPE VARCHAR(255);
Executing (default): ALTER TABLE "Contractors" ALTER COLUMN "notes" DROP NOT NULL;ALTER TABLE "Contractors" ALTER COLUMN "notes" DROP DEFAULT;ALTER TABLE "Contractors" ALTER COLUMN "notes" TYPE TEXT;
Executing (default): ALTER TABLE "Contractors" ALTER COLUMN "createdAt" SET NOT NULL;ALTER TABLE "Contractors" ALTER COLUMN "createdAt" DROP DEFAULT;ALTER TABLE "Contractors" ALTER COLUMN "createdAt" TYPE TIMESTAMP WITH TIME ZONE;
Executing (default): ALTER TABLE "Contractors" ALTER COLUMN "updatedAt" SET NOT NULL;ALTER TABLE "Contractors" ALTER COLUMN "updatedAt" DROP DEFAULT;ALTER TABLE "Contractors" ALTER COLUMN "updatedAt" TYPE TIMESTAMP WITH TIME ZONE;
Executing (default): SELECT i.relname AS name, ix.indisprimary AS primary, ix.indisunique AS unique, ix.indkey AS indkey, array_agg(a.attnum) as column_indexes, array_agg(a.attname) AS column_names, pg_get_indexdef(ix.indexrelid) AS definition FROM pg_class t, pg_class i, pg_index ix, pg_attribute a WHERE t.oid = ix.indrelid AND i.oid = ix.indexrelid AND a.attrelid = t.oid AND t.relkind = 'r' and t.relname = 'Contractors' GROUP BY i.relname, ix.indexrelid, ix.indisprimary, ix.indisunique, ix.indkey ORDER BY i.relname;
Executing (default): SELECT table_name FROM information_schema.tables WHERE table_schema = 'public' AND table_name = 'Events'
Executing (default): SELECT pk.constraint_type as "Constraint",c.column_name as "Field", c.column_default as "Default",c.is_nullable as "Null", (CASE WHEN c.udt_name = 'hstore' THEN c.udt_name ELSE c.data_type END) || (CASE WHEN c.character_maximum_length IS NOT NULL THEN '(' || c.character_maximum_length || ')' ELSE '' END) as "Type", (SELECT array_agg(e.enumlabel) FROM pg_catalog.pg_type t JOIN pg_catalog.pg_enum e ON t.oid=e.enumtypid WHERE t.typname=c.udt_name) AS "special", (SELECT pgd.description FROM pg_catalog.pg_statio_all_tables AS st INNER JOIN pg_catalog.pg_description pgd on (pgd.objoid=st.relid) WHERE c.ordinal_position=pgd.objsubid AND c.table_name=st.relname) AS "Comment" FROM information_schema.columns c LEFT JOIN (SELECT tc.table_schema, tc.table_name, cu.column_name, tc.constraint_type FROM information_schema.TABLE_CONSTRAINTS tc JOIN information_schema.KEY_COLUMN_USAGE  cu ON tc.table_schema=cu.table_schema and tc.table_name=cu.table_name and tc.constraint_name=cu.constraint_name and tc.constraint_type='PRIMARY KEY') pk ON pk.table_schema=c.table_schema AND pk.table_name=c.table_name AND pk.column_name=c.column_name WHERE c.table_name = 'Events' AND c.table_schema = 'public'
Executing (default): SELECT DISTINCT tc.constraint_name as constraint_name, tc.constraint_schema as constraint_schema, tc.constraint_catalog as constraint_catalog, tc.table_name as table_name,tc.table_schema as table_schema,tc.table_catalog as table_catalog,tc.initially_deferred as initially_deferred,tc.is_deferrable as is_deferrable,kcu.column_name as column_name,ccu.table_schema  AS referenced_table_schema,ccu.table_catalog  AS referenced_table_catalog,ccu.table_name  AS referenced_table_name,ccu.column_name AS referenced_column_name FROM information_schema.table_constraints AS tc JOIN information_schema.key_column_usage AS kcu ON tc.constraint_name = kcu.constraint_name JOIN information_schema.constraint_column_usage AS ccu ON ccu.constraint_name = tc.constraint_name WHERE constraint_type = 'FOREIGN KEY' AND tc.table_name = 'Events' AND tc.table_catalog = 'KURGI_KP'
Executing (default): ALTER TABLE "public"."Events" ADD COLUMN "countOfPerson" INTEGER;
Executing (default): ALTER TABLE "Events" ALTER COLUMN "title" SET NOT NULL;ALTER TABLE "Events" ALTER COLUMN "title" DROP DEFAULT;ALTER TABLE "Events" ALTER COLUMN "title" TYPE VARCHAR(255);
Executing (default): ALTER TABLE "Events"  ADD FOREIGN KEY ("contractorId") REFERENCES "Contractors" ("id") ON DELETE SET NULL ON UPDATE CASCADE;
Executing (default): ALTER TABLE "Events" ALTER COLUMN "eventDate" DROP NOT NULL;ALTER TABLE "Events" ALTER COLUMN "eventDate" DROP DEFAULT;ALTER TABLE "Events" ALTER COLUMN "eventDate" TYPE DATE;
Executing (default): ALTER TABLE "Events" ALTER COLUMN "startTime" DROP NOT NULL;ALTER TABLE "Events" ALTER COLUMN "startTime" DROP DEFAULT;ALTER TABLE "Events" ALTER COLUMN "startTime" TYPE TIME;
Executing (default): ALTER TABLE "Events" ALTER COLUMN "endTime" DROP NOT NULL;ALTER TABLE "Events" ALTER COLUMN "endTime" DROP DEFAULT;ALTER TABLE "Events" ALTER COLUMN "endTime" TYPE TIME;
Executing (default): ALTER TABLE "Events" ALTER COLUMN "location" DROP NOT NULL;ALTER TABLE "Events" ALTER COLUMN "location" DROP DEFAULT;ALTER TABLE "Events" ALTER COLUMN "location" TYPE VARCHAR(255);
Executing (default): ALTER TABLE "Events" ALTER COLUMN "status" SET NOT NULL;ALTER TABLE "Events" ALTER COLUMN "status" SET DEFAULT 'Draft';ALTER TABLE "Events" ALTER COLUMN "status" TYPE VARCHAR(255);
Executing (default): ALTER TABLE "Events" ALTER COLUMN "notes" DROP NOT NULL;ALTER TABLE "Events" ALTER COLUMN "notes" DROP DEFAULT;ALTER TABLE "Events" ALTER COLUMN "notes" TYPE TEXT;
Executing (default): ALTER TABLE "Events" ALTER COLUMN "createdAt" SET NOT NULL;ALTER TABLE "Events" ALTER COLUMN "createdAt" DROP DEFAULT;ALTER TABLE "Events" ALTER COLUMN "createdAt" TYPE TIMESTAMP WITH TIME ZONE;
Executing (default): ALTER TABLE "Events" ALTER COLUMN "updatedAt" SET NOT NULL;ALTER TABLE "Events" ALTER COLUMN "updatedAt" DROP DEFAULT;ALTER TABLE "Events" ALTER COLUMN "updatedAt" TYPE TIMESTAMP WITH TIME ZONE;
Executing (default): ALTER TABLE "Events" ALTER COLUMN "startEvent" DROP NOT NULL;ALTER TABLE "Events" ALTER COLUMN "startEvent" DROP DEFAULT;ALTER TABLE "Events" ALTER COLUMN "startEvent" TYPE DATE;
Executing (default): ALTER TABLE "Events" ALTER COLUMN "endEvent" DROP NOT NULL;ALTER TABLE "Events" ALTER COLUMN "endEvent" DROP DEFAULT;ALTER TABLE "Events" ALTER COLUMN "endEvent" TYPE DATE;
Executing (default): ALTER TABLE "Events" ALTER COLUMN "startTimeStartEvent" DROP NOT NULL;ALTER TABLE "Events" ALTER COLUMN "startTimeStartEvent" DROP DEFAULT;ALTER TABLE "Events" ALTER COLUMN "startTimeStartEvent" TYPE TIME;
Executing (default): ALTER TABLE "Events" ALTER COLUMN "endTimeStartEvent" DROP NOT NULL;ALTER TABLE "Events" ALTER COLUMN "endTimeStartEvent" DROP DEFAULT;ALTER TABLE "Events" ALTER COLUMN "endTimeStartEvent" TYPE TIME;
Executing (default): ALTER TABLE "Events" ALTER COLUMN "startTimeEndEvent" DROP NOT NULL;ALTER TABLE "Events" ALTER COLUMN "startTimeEndEvent" DROP DEFAULT;ALTER TABLE "Events" ALTER COLUMN "startTimeEndEvent" TYPE TIME;
Executing (default): ALTER TABLE "Events" ALTER COLUMN "endTimeEndEvent" DROP NOT NULL;ALTER TABLE "Events" ALTER COLUMN "endTimeEndEvent" DROP DEFAULT;ALTER TABLE "Events" ALTER COLUMN "endTimeEndEvent" TYPE TIME;
Executing (default): SELECT i.relname AS name, ix.indisprimary AS primary, ix.indisunique AS unique, ix.indkey AS indkey, array_agg(a.attnum) as column_indexes, array_agg(a.attname) AS column_names, pg_get_indexdef(ix.indexrelid) AS definition FROM pg_class t, pg_class i, pg_index ix, pg_attribute a WHERE t.oid = ix.indrelid AND i.oid = ix.indexrelid AND a.attrelid = t.oid AND t.relkind = 'r' and t.relname = 'Events' GROUP BY i.relname, ix.indexrelid, ix.indisprimary, ix.indisunique, ix.indkey ORDER BY i.relname;
Executing (default): SELECT table_name FROM information_schema.tables WHERE table_schema = 'public' AND table_name = 'menuItems'
Executing (default): SELECT pk.constraint_type as "Constraint",c.column_name as "Field", c.column_default as "Default",c.is_nullable as "Null", (CASE WHEN c.udt_name = 'hstore' THEN c.udt_name ELSE c.data_type END) || (CASE WHEN c.character_maximum_length IS NOT NULL THEN '(' || c.character_maximum_length || ')' ELSE '' END) as "Type", (SELECT array_agg(e.enumlabel) FROM pg_catalog.pg_type t JOIN pg_catalog.pg_enum e ON t.oid=e.enumtypid WHERE t.typname=c.udt_name) AS "special", (SELECT pgd.description FROM pg_catalog.pg_statio_all_tables AS st INNER JOIN pg_catalog.pg_description pgd on (pgd.objoid=st.relid) WHERE c.ordinal_position=pgd.objsubid AND c.table_name=st.relname) AS "Comment" FROM information_schema.columns c LEFT JOIN (SELECT tc.table_schema, tc.table_name, cu.column_name, tc.constraint_type FROM information_schema.TABLE_CONSTRAINTS tc JOIN information_schema.KEY_COLUMN_USAGE  cu ON tc.table_schema=cu.table_schema and tc.table_name=cu.table_name and tc.constraint_name=cu.constraint_name and tc.constraint_type='PRIMARY KEY') pk ON pk.table_schema=c.table_schema AND pk.table_name=c.table_name AND pk.column_name=c.column_name WHERE c.table_name = 'menuItems' AND c.table_schema = 'public'
Executing (default): SELECT DISTINCT tc.constraint_name as constraint_name, tc.constraint_schema as constraint_schema, tc.constraint_catalog as constraint_catalog, tc.table_name as table_name,tc.table_schema as table_schema,tc.table_catalog as table_catalog,tc.initially_deferred as initially_deferred,tc.is_deferrable as is_deferrable,kcu.column_name as column_name,ccu.table_schema  AS referenced_table_schema,ccu.table_catalog  AS referenced_table_catalog,ccu.table_name  AS referenced_table_name,ccu.column_name AS referenced_column_name FROM information_schema.table_constraints AS tc JOIN information_schema.key_column_usage AS kcu ON tc.constraint_name = kcu.constraint_name JOIN information_schema.constraint_column_usage AS ccu ON ccu.constraint_name = tc.constraint_name WHERE constraint_type = 'FOREIGN KEY' AND tc.table_name = 'menuItems' AND tc.table_catalog = 'KURGI_KP'
Executing (default): ALTER TABLE "menuItems" ALTER COLUMN "title" SET NOT NULL;ALTER TABLE "menuItems" ALTER COLUMN "title" DROP DEFAULT;ALTER TABLE "menuItems" ALTER COLUMN "title" TYPE VARCHAR(255);
Executing (default): ALTER TABLE "menuItems" ALTER COLUMN "description" DROP NOT NULL;ALTER TABLE "menuItems" ALTER COLUMN "description" DROP DEFAULT;ALTER TABLE "menuItems" ALTER COLUMN "description" TYPE TEXT;
Executing (default): ALTER TABLE "menuItems" ALTER COLUMN "category" DROP NOT NULL;ALTER TABLE "menuItems" ALTER COLUMN "category" DROP DEFAULT;ALTER TABLE "menuItems" ALTER COLUMN "category" TYPE VARCHAR(255);
Executing (default): ALTER TABLE "menuItems" ALTER COLUMN "weight" DROP NOT NULL;ALTER TABLE "menuItems" ALTER COLUMN "weight" DROP DEFAULT;ALTER TABLE "menuItems" ALTER COLUMN "weight" TYPE INTEGER;
Executing (default): ALTER TABLE "menuItems" ALTER COLUMN "price" DROP NOT NULL;ALTER TABLE "menuItems" ALTER COLUMN "price" DROP DEFAULT;ALTER TABLE "menuItems" ALTER COLUMN "price" TYPE INTEGER;
Executing (default): ALTER TABLE "menuItems" ALTER COLUMN "active" DROP NOT NULL;ALTER TABLE "menuItems" ALTER COLUMN "active" SET DEFAULT true;ALTER TABLE "menuItems" ALTER COLUMN "active" TYPE BOOLEAN;
Executing (default): ALTER TABLE "menuItems" ALTER COLUMN "createdAt" SET NOT NULL;ALTER TABLE "menuItems" ALTER COLUMN "createdAt" DROP DEFAULT;ALTER TABLE "menuItems" ALTER COLUMN "createdAt" TYPE TIMESTAMP WITH TIME ZONE;
Executing (default): ALTER TABLE "menuItems" ALTER COLUMN "updatedAt" SET NOT NULL;ALTER TABLE "menuItems" ALTER COLUMN "updatedAt" DROP DEFAULT;ALTER TABLE "menuItems" ALTER COLUMN "updatedAt" TYPE TIMESTAMP WITH TIME ZONE;
Executing (default): SELECT i.relname AS name, ix.indisprimary AS primary, ix.indisunique AS unique, ix.indkey AS indkey, array_agg(a.attnum) as column_indexes, array_agg(a.attname) AS column_names, pg_get_indexdef(ix.indexrelid) AS definition FROM pg_class t, pg_class i, pg_index ix, pg_attribute a WHERE t.oid = ix.indrelid AND i.oid = ix.indexrelid AND a.attrelid = t.oid AND t.relkind = 'r' and t.relname = 'menuItems' GROUP BY i.relname, ix.indexrelid, ix.indisprimary, ix.indisunique, ix.indkey ORDER BY i.relname;
Executing (default): SELECT table_name FROM information_schema.tables WHERE table_schema = 'public' AND table_name = 'kps'
Executing (default): SELECT pk.constraint_type as "Constraint",c.column_name as "Field", c.column_default as "Default",c.is_nullable as "Null", (CASE WHEN c.udt_name = 'hstore' THEN c.udt_name ELSE c.data_type END) || (CASE WHEN c.character_maximum_length IS NOT NULL THEN '(' || c.character_maximum_length || ')' ELSE '' END) as "Type", (SELECT array_agg(e.enumlabel) FROM pg_catalog.pg_type t JOIN pg_catalog.pg_enum e ON t.oid=e.enumtypid WHERE t.typname=c.udt_name) AS "special", (SELECT pgd.description FROM pg_catalog.pg_statio_all_tables AS st INNER JOIN pg_catalog.pg_description pgd on (pgd.objoid=st.relid) WHERE c.ordinal_position=pgd.objsubid AND c.table_name=st.relname) AS "Comment" FROM information_schema.columns c LEFT JOIN (SELECT tc.table_schema, tc.table_name, cu.column_name, tc.constraint_type FROM information_schema.TABLE_CONSTRAINTS tc JOIN information_schema.KEY_COLUMN_USAGE  cu ON tc.table_schema=cu.table_schema and tc.table_name=cu.table_name and tc.constraint_name=cu.constraint_name and tc.constraint_type='PRIMARY KEY') pk ON pk.table_schema=c.table_schema AND pk.table_name=c.table_name AND pk.column_name=c.column_name WHERE c.table_name = 'kps' AND c.table_schema = 'public'
Executing (default): SELECT DISTINCT tc.constraint_name as constraint_name, tc.constraint_schema as constraint_schema, tc.constraint_catalog as constraint_catalog, tc.table_name as table_name,tc.table_schema as table_schema,tc.table_catalog as table_catalog,tc.initially_deferred as initially_deferred,tc.is_deferrable as is_deferrable,kcu.column_name as column_name,ccu.table_schema  AS referenced_table_schema,ccu.table_catalog  AS referenced_table_catalog,ccu.table_name  AS referenced_table_name,ccu.column_name AS referenced_column_name FROM information_schema.table_constraints AS tc JOIN information_schema.key_column_usage AS kcu ON tc.constraint_name = kcu.constraint_name JOIN information_schema.constraint_column_usage AS ccu ON ccu.constraint_name = tc.constraint_name WHERE constraint_type = 'FOREIGN KEY' AND tc.table_name = 'kps' AND tc.table_catalog = 'KURGI_KP'
Executing (default): ALTER TABLE "kps" ALTER COLUMN "kpNumber" DROP NOT NULL;ALTER TABLE "kps" ALTER COLUMN "kpNumber" DROP DEFAULT;ALTER TABLE "kps"  ADD UNIQUE ("kpNumber");ALTER TABLE "kps" ALTER COLUMN "kpNumber" TYPE VARCHAR(255) ;
Executing (default): ALTER TABLE "kps" ALTER COLUMN "kpDate" DROP NOT NULL;ALTER TABLE "kps" ALTER COLUMN "kpDate" DROP DEFAULT;ALTER TABLE "kps" ALTER COLUMN "kpDate" TYPE DATE;
Executing (default): ALTER TABLE "kps" ALTER COLUMN "contractNumber" DROP NOT NULL;ALTER TABLE "kps" ALTER COLUMN "contractNumber" DROP DEFAULT;ALTER TABLE "kps" ALTER COLUMN "contractNumber" TYPE VARCHAR(255);
Executing (default): ALTER TABLE "kps" ALTER COLUMN "contractDate" DROP NOT NULL;ALTER TABLE "kps" ALTER COLUMN "contractDate" DROP DEFAULT;ALTER TABLE "kps" ALTER COLUMN "contractDate" TYPE DATE;
Executing (default): ALTER TABLE "kps" ALTER COLUMN "startEvent" DROP NOT NULL;ALTER TABLE "kps" ALTER COLUMN "startEvent" DROP DEFAULT;ALTER TABLE "kps" ALTER COLUMN "startEvent" TYPE DATE;
Executing (default): ALTER TABLE "kps" ALTER COLUMN "endEvent" DROP NOT NULL;ALTER TABLE "kps" ALTER COLUMN "endEvent" DROP DEFAULT;ALTER TABLE "kps" ALTER COLUMN "endEvent" TYPE DATE;
Executing (default): ALTER TABLE "kps" ALTER COLUMN "eventPlace" DROP NOT NULL;ALTER TABLE "kps" ALTER COLUMN "eventPlace" DROP DEFAULT;ALTER TABLE "kps" ALTER COLUMN "eventPlace" TYPE VARCHAR(255);
Executing (default): ALTER TABLE "kps" ALTER COLUMN "countOfPerson" DROP NOT NULL;ALTER TABLE "kps" ALTER COLUMN "countOfPerson" DROP DEFAULT;ALTER TABLE "kps" ALTER COLUMN "countOfPerson" TYPE VARCHAR(255);
Executing (default): ALTER TABLE "kps" ALTER COLUMN "isWithinMkad" DROP NOT NULL;ALTER TABLE "kps" ALTER COLUMN "isWithinMkad" SET DEFAULT true;ALTER TABLE "kps" ALTER COLUMN "isWithinMkad" TYPE BOOLEAN;
Executing (default): ALTER TABLE "kps" ALTER COLUMN "logisticsCost" DROP NOT NULL;ALTER TABLE "kps" ALTER COLUMN "logisticsCost" DROP DEFAULT;ALTER TABLE "kps" ALTER COLUMN "logisticsCost" TYPE INTEGER;
Executing (default): ALTER TABLE "kps" ALTER COLUMN "listTitle" DROP NOT NULL;ALTER TABLE "kps" ALTER COLUMN "listTitle" DROP DEFAULT;ALTER TABLE "kps" ALTER COLUMN "listTitle" TYPE VARCHAR(255);
Executing (default): ALTER TABLE "kps" ALTER COLUMN "managerName" SET NOT NULL;ALTER TABLE "kps" ALTER COLUMN "managerName" DROP DEFAULT;ALTER TABLE "kps" ALTER COLUMN "managerName" TYPE VARCHAR(255);
Executing (default): ALTER TABLE "kps" ALTER COLUMN "createdAt" SET NOT NULL;ALTER TABLE "kps" ALTER COLUMN "createdAt" DROP DEFAULT;ALTER TABLE "kps" ALTER COLUMN "createdAt" TYPE TIMESTAMP WITH TIME ZONE;
Executing (default): ALTER TABLE "kps" ALTER COLUMN "updatedAt" SET NOT NULL;ALTER TABLE "kps" ALTER COLUMN "updatedAt" DROP DEFAULT;ALTER TABLE "kps" ALTER COLUMN "updatedAt" TYPE TIMESTAMP WITH TIME ZONE;
Executing (default): ALTER TABLE "kps" DROP CONSTRAINT "kps_managerId_fkey"
Ошибка подключения к БД SequelizeUnknownConstraintError: Unknown constraint error
[32m[nodemon] clean exit - waiting for changes before restart[39m
[32m[nodemon] restarting due to changes...[39m
[32m[nodemon] starting `node index.js`[39m
Executing (default): SELECT 1+1 AS result
Executing (default): SELECT table_name FROM information_schema.tables WHERE table_schema = 'public' AND table_name = 'Users'
Executing (default): SELECT t.typname enum_name, array_agg(e.enumlabel ORDER BY enumsortorder) enum_value FROM pg_type t JOIN pg_enum e ON t.oid = e.enumtypid JOIN pg_catalog.pg_namespace n ON n.oid = t.typnamespace WHERE n.nspname = 'public' AND t.typname='enum_Users_role' GROUP BY 1
Executing (default): SELECT pk.constraint_type as "Constraint",c.column_name as "Field", c.column_default as "Default",c.is_nullable as "Null", (CASE WHEN c.udt_name = 'hstore' THEN c.udt_name ELSE c.data_type END) || (CASE WHEN c.character_maximum_length IS NOT NULL THEN '(' || c.character_maximum_length || ')' ELSE '' END) as "Type", (SELECT array_agg(e.enumlabel) FROM pg_catalog.pg_type t JOIN pg_catalog.pg_enum e ON t.oid=e.enumtypid WHERE t.typname=c.udt_name) AS "special", (SELECT pgd.description FROM pg_catalog.pg_statio_all_tables AS st INNER JOIN pg_catalog.pg_description pgd on (pgd.objoid=st.relid) WHERE c.ordinal_position=pgd.objsubid AND c.table_name=st.relname) AS "Comment" FROM information_schema.columns c LEFT JOIN (SELECT tc.table_schema, tc.table_name, cu.column_name, tc.constraint_type FROM information_schema.TABLE_CONSTRAINTS tc JOIN information_schema.KEY_COLUMN_USAGE  cu ON tc.table_schema=cu.table_schema and tc.table_name=cu.table_name and tc.constraint_name=cu.constraint_name and tc.constraint_type='PRIMARY KEY') pk ON pk.table_schema=c.table_schema AND pk.table_name=c.table_name AND pk.column_name=c.column_name WHERE c.table_name = 'Users' AND c.table_schema = 'public'
Executing (default): SELECT DISTINCT tc.constraint_name as constraint_name, tc.constraint_schema as constraint_schema, tc.constraint_catalog as constraint_catalog, tc.table_name as table_name,tc.table_schema as table_schema,tc.table_catalog as table_catalog,tc.initially_deferred as initially_deferred,tc.is_deferrable as is_deferrable,kcu.column_name as column_name,ccu.table_schema  AS referenced_table_schema,ccu.table_catalog  AS referenced_table_catalog,ccu.table_name  AS referenced_table_name,ccu.column_name AS referenced_column_name FROM information_schema.table_constraints AS tc JOIN information_schema.key_column_usage AS kcu ON tc.constraint_name = kcu.constraint_name JOIN information_schema.constraint_column_usage AS ccu ON ccu.constraint_name = tc.constraint_name WHERE constraint_type = 'FOREIGN KEY' AND tc.table_name = 'Users' AND tc.table_catalog = 'KURGI_KP'
Executing (default): ALTER TABLE "Users" ALTER COLUMN "email" SET NOT NULL;ALTER TABLE "Users" ALTER COLUMN "email" DROP DEFAULT;ALTER TABLE "Users"  ADD UNIQUE ("email");ALTER TABLE "Users" ALTER COLUMN "email" TYPE VARCHAR(255)  ;
Executing (default): ALTER TABLE "Users" ALTER COLUMN "password" SET NOT NULL;ALTER TABLE "Users" ALTER COLUMN "password" DROP DEFAULT;ALTER TABLE "Users" ALTER COLUMN "password" TYPE VARCHAR(255);
Executing (default): ALTER TABLE "Users" ALTER COLUMN "name" SET NOT NULL;ALTER TABLE "Users" ALTER COLUMN "name" DROP DEFAULT;ALTER TABLE "Users" ALTER COLUMN "name" TYPE VARCHAR(255);
Executing (default): ALTER TABLE "Users" ALTER COLUMN "role" DROP NOT NULL;ALTER TABLE "Users" ALTER COLUMN "role" SET DEFAULT 'manager';DO 'BEGIN CREATE TYPE "public"."enum_Users_role" AS ENUM(''manager'', ''admin''); EXCEPTION WHEN duplicate_object THEN null; END';ALTER TABLE "Users" ALTER COLUMN "role" TYPE "public"."enum_Users_role" USING ("role"::"public"."enum_Users_role");
Executing (default): ALTER TABLE "Users" ALTER COLUMN "createdAt" SET NOT NULL;ALTER TABLE "Users" ALTER COLUMN "createdAt" DROP DEFAULT;ALTER TABLE "Users" ALTER COLUMN "createdAt" TYPE TIMESTAMP WITH TIME ZONE;
Executing (default): ALTER TABLE "Users" ALTER COLUMN "updatedAt" SET NOT NULL;ALTER TABLE "Users" ALTER COLUMN "updatedAt" DROP DEFAULT;ALTER TABLE "Users" ALTER COLUMN "updatedAt" TYPE TIMESTAMP WITH TIME ZONE;
Executing (default): ALTER TABLE "Users" ALTER COLUMN "job" DROP NOT NULL;ALTER TABLE "Users" ALTER COLUMN "job" DROP DEFAULT;ALTER TABLE "Users" ALTER COLUMN "job" TYPE VARCHAR(255);
Executing (default): ALTER TABLE "Users" ALTER COLUMN "tel" DROP NOT NULL;ALTER TABLE "Users" ALTER COLUMN "tel" DROP DEFAULT;ALTER TABLE "Users" ALTER COLUMN "tel" TYPE VARCHAR(255);
Executing (default): ALTER TABLE "Users" ALTER COLUMN "photo" DROP NOT NULL;ALTER TABLE "Users" ALTER COLUMN "photo" DROP DEFAULT;ALTER TABLE "Users" ALTER COLUMN "photo" TYPE VARCHAR(255);
Executing (default): SELECT i.relname AS name, ix.indisprimary AS primary, ix.indisunique AS unique, ix.indkey AS indkey, array_agg(a.attnum) as column_indexes, array_agg(a.attname) AS column_names, pg_get_indexdef(ix.indexrelid) AS definition FROM pg_class t, pg_class i, pg_index ix, pg_attribute a WHERE t.oid = ix.indrelid AND i.oid = ix.indexrelid AND a.attrelid = t.oid AND t.relkind = 'r' and t.relname = 'Users' GROUP BY i.relname, ix.indexrelid, ix.indisprimary, ix.indisunique, ix.indkey ORDER BY i.relname;
Executing (default): SELECT table_name FROM information_schema.tables WHERE table_schema = 'public' AND table_name = 'Contractors'
Executing (default): SELECT pk.constraint_type as "Constraint",c.column_name as "Field", c.column_default as "Default",c.is_nullable as "Null", (CASE WHEN c.udt_name = 'hstore' THEN c.udt_name ELSE c.data_type END) || (CASE WHEN c.character_maximum_length IS NOT NULL THEN '(' || c.character_maximum_length || ')' ELSE '' END) as "Type", (SELECT array_agg(e.enumlabel) FROM pg_catalog.pg_type t JOIN pg_catalog.pg_enum e ON t.oid=e.enumtypid WHERE t.typname=c.udt_name) AS "special", (SELECT pgd.description FROM pg_catalog.pg_statio_all_tables AS st INNER JOIN pg_catalog.pg_description pgd on (pgd.objoid=st.relid) WHERE c.ordinal_position=pgd.objsubid AND c.table_name=st.relname) AS "Comment" FROM information_schema.columns c LEFT JOIN (SELECT tc.table_schema, tc.table_name, cu.column_name, tc.constraint_type FROM information_schema.TABLE_CONSTRAINTS tc JOIN information_schema.KEY_COLUMN_USAGE  cu ON tc.table_schema=cu.table_schema and tc.table_name=cu.table_name and tc.constraint_name=cu.constraint_name and tc.constraint_type='PRIMARY KEY') pk ON pk.table_schema=c.table_schema AND pk.table_name=c.table_name AND pk.column_name=c.column_name WHERE c.table_name = 'Contractors' AND c.table_schema = 'public'
Executing (default): SELECT DISTINCT tc.constraint_name as constraint_name, tc.constraint_schema as constraint_schema, tc.constraint_catalog as constraint_catalog, tc.table_name as table_name,tc.table_schema as table_schema,tc.table_catalog as table_catalog,tc.initially_deferred as initially_deferred,tc.is_deferrable as is_deferrable,kcu.column_name as column_name,ccu.table_schema  AS referenced_table_schema,ccu.table_catalog  AS referenced_table_catalog,ccu.table_name  AS referenced_table_name,ccu.column_name AS referenced_column_name FROM information_schema.table_constraints AS tc JOIN information_schema.key_column_usage AS kcu ON tc.constraint_name = kcu.constraint_name JOIN information_schema.constraint_column_usage AS ccu ON ccu.constraint_name = tc.constraint_name WHERE constraint_type = 'FOREIGN KEY' AND tc.table_name = 'Contractors' AND tc.table_catalog = 'KURGI_KP'
Executing (default): ALTER TABLE "Contractors" ALTER COLUMN "companyName" SET NOT NULL;ALTER TABLE "Contractors" ALTER COLUMN "companyName" DROP DEFAULT;ALTER TABLE "Contractors" ALTER COLUMN "companyName" TYPE VARCHAR(255);
Executing (default): ALTER TABLE "Contractors" ALTER COLUMN "contactPerson" DROP NOT NULL;ALTER TABLE "Contractors" ALTER COLUMN "contactPerson" DROP DEFAULT;ALTER TABLE "Contractors" ALTER COLUMN "contactPerson" TYPE VARCHAR(255);
Executing (default): ALTER TABLE "Contractors" ALTER COLUMN "phone" DROP NOT NULL;ALTER TABLE "Contractors" ALTER COLUMN "phone" DROP DEFAULT;ALTER TABLE "Contractors" ALTER COLUMN "phone" TYPE VARCHAR(255);
Executing (default): ALTER TABLE "Contractors" ALTER COLUMN "email" DROP NOT NULL;ALTER TABLE "Contractors" ALTER COLUMN "email" DROP DEFAULT;ALTER TABLE "Contractors" ALTER COLUMN "email" TYPE VARCHAR(255);
Executing (default): ALTER TABLE "Contractors" ALTER COLUMN "notes" DROP NOT NULL;ALTER TABLE "Contractors" ALTER COLUMN "notes" DROP DEFAULT;ALTER TABLE "Contractors" ALTER COLUMN "notes" TYPE TEXT;
Executing (default): ALTER TABLE "Contractors" ALTER COLUMN "createdAt" SET NOT NULL;ALTER TABLE "Contractors" ALTER COLUMN "createdAt" DROP DEFAULT;ALTER TABLE "Contractors" ALTER COLUMN "createdAt" TYPE TIMESTAMP WITH TIME ZONE;
Executing (default): ALTER TABLE "Contractors" ALTER COLUMN "updatedAt" SET NOT NULL;ALTER TABLE "Contractors" ALTER COLUMN "updatedAt" DROP DEFAULT;ALTER TABLE "Contractors" ALTER COLUMN "updatedAt" TYPE TIMESTAMP WITH TIME ZONE;
Executing (default): SELECT i.relname AS name, ix.indisprimary AS primary, ix.indisunique AS unique, ix.indkey AS indkey, array_agg(a.attnum) as column_indexes, array_agg(a.attname) AS column_names, pg_get_indexdef(ix.indexrelid) AS definition FROM pg_class t, pg_class i, pg_index ix, pg_attribute a WHERE t.oid = ix.indrelid AND i.oid = ix.indexrelid AND a.attrelid = t.oid AND t.relkind = 'r' and t.relname = 'Contractors' GROUP BY i.relname, ix.indexrelid, ix.indisprimary, ix.indisunique, ix.indkey ORDER BY i.relname;
Executing (default): SELECT table_name FROM information_schema.tables WHERE table_schema = 'public' AND table_name = 'Events'
Executing (default): SELECT pk.constraint_type as "Constraint",c.column_name as "Field", c.column_default as "Default",c.is_nullable as "Null", (CASE WHEN c.udt_name = 'hstore' THEN c.udt_name ELSE c.data_type END) || (CASE WHEN c.character_maximum_length IS NOT NULL THEN '(' || c.character_maximum_length || ')' ELSE '' END) as "Type", (SELECT array_agg(e.enumlabel) FROM pg_catalog.pg_type t JOIN pg_catalog.pg_enum e ON t.oid=e.enumtypid WHERE t.typname=c.udt_name) AS "special", (SELECT pgd.description FROM pg_catalog.pg_statio_all_tables AS st INNER JOIN pg_catalog.pg_description pgd on (pgd.objoid=st.relid) WHERE c.ordinal_position=pgd.objsubid AND c.table_name=st.relname) AS "Comment" FROM information_schema.columns c LEFT JOIN (SELECT tc.table_schema, tc.table_name, cu.column_name, tc.constraint_type FROM information_schema.TABLE_CONSTRAINTS tc JOIN information_schema.KEY_COLUMN_USAGE  cu ON tc.table_schema=cu.table_schema and tc.table_name=cu.table_name and tc.constraint_name=cu.constraint_name and tc.constraint_type='PRIMARY KEY') pk ON pk.table_schema=c.table_schema AND pk.table_name=c.table_name AND pk.column_name=c.column_name WHERE c.table_name = 'Events' AND c.table_schema = 'public'
Executing (default): SELECT DISTINCT tc.constraint_name as constraint_name, tc.constraint_schema as constraint_schema, tc.constraint_catalog as constraint_catalog, tc.table_name as table_name,tc.table_schema as table_schema,tc.table_catalog as table_catalog,tc.initially_deferred as initially_deferred,tc.is_deferrable as is_deferrable,kcu.column_name as column_name,ccu.table_schema  AS referenced_table_schema,ccu.table_catalog  AS referenced_table_catalog,ccu.table_name  AS referenced_table_name,ccu.column_name AS referenced_column_name FROM information_schema.table_constraints AS tc JOIN information_schema.key_column_usage AS kcu ON tc.constraint_name = kcu.constraint_name JOIN information_schema.constraint_column_usage AS ccu ON ccu.constraint_name = tc.constraint_name WHERE constraint_type = 'FOREIGN KEY' AND tc.table_name = 'Events' AND tc.table_catalog = 'KURGI_KP'
Executing (default): ALTER TABLE "Events" ALTER COLUMN "title" SET NOT NULL;ALTER TABLE "Events" ALTER COLUMN "title" DROP DEFAULT;ALTER TABLE "Events" ALTER COLUMN "title" TYPE VARCHAR(255);
Executing (default): ALTER TABLE "Events" DROP CONSTRAINT "Events_contractorId_fkey"
Ошибка подключения к БД SequelizeUnknownConstraintError: Unknown constraint error
[32m[nodemon] clean exit - waiting for changes before restart[39m
[32m[nodemon] restarting due to changes...[39m
[32m[nodemon] starting `node index.js`[39m
Executing (default): SELECT 1+1 AS result
Executing (default): SELECT table_name FROM information_schema.tables WHERE table_schema = 'public' AND table_name = 'Users'
Executing (default): SELECT t.typname enum_name, array_agg(e.enumlabel ORDER BY enumsortorder) enum_value FROM pg_type t JOIN pg_enum e ON t.oid = e.enumtypid JOIN pg_catalog.pg_namespace n ON n.oid = t.typnamespace WHERE n.nspname = 'public' AND t.typname='enum_Users_role' GROUP BY 1
Executing (default): SELECT pk.constraint_type as "Constraint",c.column_name as "Field", c.column_default as "Default",c.is_nullable as "Null", (CASE WHEN c.udt_name = 'hstore' THEN c.udt_name ELSE c.data_type END) || (CASE WHEN c.character_maximum_length IS NOT NULL THEN '(' || c.character_maximum_length || ')' ELSE '' END) as "Type", (SELECT array_agg(e.enumlabel) FROM pg_catalog.pg_type t JOIN pg_catalog.pg_enum e ON t.oid=e.enumtypid WHERE t.typname=c.udt_name) AS "special", (SELECT pgd.description FROM pg_catalog.pg_statio_all_tables AS st INNER JOIN pg_catalog.pg_description pgd on (pgd.objoid=st.relid) WHERE c.ordinal_position=pgd.objsubid AND c.table_name=st.relname) AS "Comment" FROM information_schema.columns c LEFT JOIN (SELECT tc.table_schema, tc.table_name, cu.column_name, tc.constraint_type FROM information_schema.TABLE_CONSTRAINTS tc JOIN information_schema.KEY_COLUMN_USAGE  cu ON tc.table_schema=cu.table_schema and tc.table_name=cu.table_name and tc.constraint_name=cu.constraint_name and tc.constraint_type='PRIMARY KEY') pk ON pk.table_schema=c.table_schema AND pk.table_name=c.table_name AND pk.column_name=c.column_name WHERE c.table_name = 'Users' AND c.table_schema = 'public'
Executing (default): SELECT DISTINCT tc.constraint_name as constraint_name, tc.constraint_schema as constraint_schema, tc.constraint_catalog as constraint_catalog, tc.table_name as table_name,tc.table_schema as table_schema,tc.table_catalog as table_catalog,tc.initially_deferred as initially_deferred,tc.is_deferrable as is_deferrable,kcu.column_name as column_name,ccu.table_schema  AS referenced_table_schema,ccu.table_catalog  AS referenced_table_catalog,ccu.table_name  AS referenced_table_name,ccu.column_name AS referenced_column_name FROM information_schema.table_constraints AS tc JOIN information_schema.key_column_usage AS kcu ON tc.constraint_name = kcu.constraint_name JOIN information_schema.constraint_column_usage AS ccu ON ccu.constraint_name = tc.constraint_name WHERE constraint_type = 'FOREIGN KEY' AND tc.table_name = 'Users' AND tc.table_catalog = 'KURGI_KP'
Executing (default): ALTER TABLE "Users" ALTER COLUMN "email" SET NOT NULL;ALTER TABLE "Users" ALTER COLUMN "email" DROP DEFAULT;ALTER TABLE "Users"  ADD UNIQUE ("email");ALTER TABLE "Users" ALTER COLUMN "email" TYPE VARCHAR(255)  ;
Executing (default): ALTER TABLE "Users" ALTER COLUMN "password" SET NOT NULL;ALTER TABLE "Users" ALTER COLUMN "password" DROP DEFAULT;ALTER TABLE "Users" ALTER COLUMN "password" TYPE VARCHAR(255);
Executing (default): ALTER TABLE "Users" ALTER COLUMN "name" SET NOT NULL;ALTER TABLE "Users" ALTER COLUMN "name" DROP DEFAULT;ALTER TABLE "Users" ALTER COLUMN "name" TYPE VARCHAR(255);
Executing (default): ALTER TABLE "Users" ALTER COLUMN "role" DROP NOT NULL;ALTER TABLE "Users" ALTER COLUMN "role" SET DEFAULT 'manager';DO 'BEGIN CREATE TYPE "public"."enum_Users_role" AS ENUM(''manager'', ''admin''); EXCEPTION WHEN duplicate_object THEN null; END';ALTER TABLE "Users" ALTER COLUMN "role" TYPE "public"."enum_Users_role" USING ("role"::"public"."enum_Users_role");
Executing (default): ALTER TABLE "Users" ALTER COLUMN "createdAt" SET NOT NULL;ALTER TABLE "Users" ALTER COLUMN "createdAt" DROP DEFAULT;ALTER TABLE "Users" ALTER COLUMN "createdAt" TYPE TIMESTAMP WITH TIME ZONE;
Executing (default): ALTER TABLE "Users" ALTER COLUMN "updatedAt" SET NOT NULL;ALTER TABLE "Users" ALTER COLUMN "updatedAt" DROP DEFAULT;ALTER TABLE "Users" ALTER COLUMN "updatedAt" TYPE TIMESTAMP WITH TIME ZONE;
Executing (default): ALTER TABLE "Users" ALTER COLUMN "job" DROP NOT NULL;ALTER TABLE "Users" ALTER COLUMN "job" DROP DEFAULT;ALTER TABLE "Users" ALTER COLUMN "job" TYPE VARCHAR(255);
Executing (default): ALTER TABLE "Users" ALTER COLUMN "tel" DROP NOT NULL;ALTER TABLE "Users" ALTER COLUMN "tel" DROP DEFAULT;ALTER TABLE "Users" ALTER COLUMN "tel" TYPE VARCHAR(255);
Executing (default): ALTER TABLE "Users" ALTER COLUMN "photo" DROP NOT NULL;ALTER TABLE "Users" ALTER COLUMN "photo" DROP DEFAULT;ALTER TABLE "Users" ALTER COLUMN "photo" TYPE VARCHAR(255);
Executing (default): SELECT i.relname AS name, ix.indisprimary AS primary, ix.indisunique AS unique, ix.indkey AS indkey, array_agg(a.attnum) as column_indexes, array_agg(a.attname) AS column_names, pg_get_indexdef(ix.indexrelid) AS definition FROM pg_class t, pg_class i, pg_index ix, pg_attribute a WHERE t.oid = ix.indrelid AND i.oid = ix.indexrelid AND a.attrelid = t.oid AND t.relkind = 'r' and t.relname = 'Users' GROUP BY i.relname, ix.indexrelid, ix.indisprimary, ix.indisunique, ix.indkey ORDER BY i.relname;
Executing (default): SELECT table_name FROM information_schema.tables WHERE table_schema = 'public' AND table_name = 'Contractors'
Executing (default): SELECT pk.constraint_type as "Constraint",c.column_name as "Field", c.column_default as "Default",c.is_nullable as "Null", (CASE WHEN c.udt_name = 'hstore' THEN c.udt_name ELSE c.data_type END) || (CASE WHEN c.character_maximum_length IS NOT NULL THEN '(' || c.character_maximum_length || ')' ELSE '' END) as "Type", (SELECT array_agg(e.enumlabel) FROM pg_catalog.pg_type t JOIN pg_catalog.pg_enum e ON t.oid=e.enumtypid WHERE t.typname=c.udt_name) AS "special", (SELECT pgd.description FROM pg_catalog.pg_statio_all_tables AS st INNER JOIN pg_catalog.pg_description pgd on (pgd.objoid=st.relid) WHERE c.ordinal_position=pgd.objsubid AND c.table_name=st.relname) AS "Comment" FROM information_schema.columns c LEFT JOIN (SELECT tc.table_schema, tc.table_name, cu.column_name, tc.constraint_type FROM information_schema.TABLE_CONSTRAINTS tc JOIN information_schema.KEY_COLUMN_USAGE  cu ON tc.table_schema=cu.table_schema and tc.table_name=cu.table_name and tc.constraint_name=cu.constraint_name and tc.constraint_type='PRIMARY KEY') pk ON pk.table_schema=c.table_schema AND pk.table_name=c.table_name AND pk.column_name=c.column_name WHERE c.table_name = 'Contractors' AND c.table_schema = 'public'
Executing (default): SELECT DISTINCT tc.constraint_name as constraint_name, tc.constraint_schema as constraint_schema, tc.constraint_catalog as constraint_catalog, tc.table_name as table_name,tc.table_schema as table_schema,tc.table_catalog as table_catalog,tc.initially_deferred as initially_deferred,tc.is_deferrable as is_deferrable,kcu.column_name as column_name,ccu.table_schema  AS referenced_table_schema,ccu.table_catalog  AS referenced_table_catalog,ccu.table_name  AS referenced_table_name,ccu.column_name AS referenced_column_name FROM information_schema.table_constraints AS tc JOIN information_schema.key_column_usage AS kcu ON tc.constraint_name = kcu.constraint_name JOIN information_schema.constraint_column_usage AS ccu ON ccu.constraint_name = tc.constraint_name WHERE constraint_type = 'FOREIGN KEY' AND tc.table_name = 'Contractors' AND tc.table_catalog = 'KURGI_KP'
Executing (default): ALTER TABLE "Contractors" ALTER COLUMN "companyName" SET NOT NULL;ALTER TABLE "Contractors" ALTER COLUMN "companyName" DROP DEFAULT;ALTER TABLE "Contractors" ALTER COLUMN "companyName" TYPE VARCHAR(255);
Executing (default): ALTER TABLE "Contractors" ALTER COLUMN "contactPerson" DROP NOT NULL;ALTER TABLE "Contractors" ALTER COLUMN "contactPerson" DROP DEFAULT;ALTER TABLE "Contractors" ALTER COLUMN "contactPerson" TYPE VARCHAR(255);
Executing (default): ALTER TABLE "Contractors" ALTER COLUMN "phone" DROP NOT NULL;ALTER TABLE "Contractors" ALTER COLUMN "phone" DROP DEFAULT;ALTER TABLE "Contractors" ALTER COLUMN "phone" TYPE VARCHAR(255);
Executing (default): ALTER TABLE "Contractors" ALTER COLUMN "email" DROP NOT NULL;ALTER TABLE "Contractors" ALTER COLUMN "email" DROP DEFAULT;ALTER TABLE "Contractors" ALTER COLUMN "email" TYPE VARCHAR(255);
Executing (default): ALTER TABLE "Contractors" ALTER COLUMN "notes" DROP NOT NULL;ALTER TABLE "Contractors" ALTER COLUMN "notes" DROP DEFAULT;ALTER TABLE "Contractors" ALTER COLUMN "notes" TYPE TEXT;
Executing (default): ALTER TABLE "Contractors" ALTER COLUMN "createdAt" SET NOT NULL;ALTER TABLE "Contractors" ALTER COLUMN "createdAt" DROP DEFAULT;ALTER TABLE "Contractors" ALTER COLUMN "createdAt" TYPE TIMESTAMP WITH TIME ZONE;
Executing (default): ALTER TABLE "Contractors" ALTER COLUMN "updatedAt" SET NOT NULL;ALTER TABLE "Contractors" ALTER COLUMN "updatedAt" DROP DEFAULT;ALTER TABLE "Contractors" ALTER COLUMN "updatedAt" TYPE TIMESTAMP WITH TIME ZONE;
Executing (default): SELECT i.relname AS name, ix.indisprimary AS primary, ix.indisunique AS unique, ix.indkey AS indkey, array_agg(a.attnum) as column_indexes, array_agg(a.attname) AS column_names, pg_get_indexdef(ix.indexrelid) AS definition FROM pg_class t, pg_class i, pg_index ix, pg_attribute a WHERE t.oid = ix.indrelid AND i.oid = ix.indexrelid AND a.attrelid = t.oid AND t.relkind = 'r' and t.relname = 'Contractors' GROUP BY i.relname, ix.indexrelid, ix.indisprimary, ix.indisunique, ix.indkey ORDER BY i.relname;
Executing (default): SELECT table_name FROM information_schema.tables WHERE table_schema = 'public' AND table_name = 'Events'
Executing (default): SELECT pk.constraint_type as "Constraint",c.column_name as "Field", c.column_default as "Default",c.is_nullable as "Null", (CASE WHEN c.udt_name = 'hstore' THEN c.udt_name ELSE c.data_type END) || (CASE WHEN c.character_maximum_length IS NOT NULL THEN '(' || c.character_maximum_length || ')' ELSE '' END) as "Type", (SELECT array_agg(e.enumlabel) FROM pg_catalog.pg_type t JOIN pg_catalog.pg_enum e ON t.oid=e.enumtypid WHERE t.typname=c.udt_name) AS "special", (SELECT pgd.description FROM pg_catalog.pg_statio_all_tables AS st INNER JOIN pg_catalog.pg_description pgd on (pgd.objoid=st.relid) WHERE c.ordinal_position=pgd.objsubid AND c.table_name=st.relname) AS "Comment" FROM information_schema.columns c LEFT JOIN (SELECT tc.table_schema, tc.table_name, cu.column_name, tc.constraint_type FROM information_schema.TABLE_CONSTRAINTS tc JOIN information_schema.KEY_COLUMN_USAGE  cu ON tc.table_schema=cu.table_schema and tc.table_name=cu.table_name and tc.constraint_name=cu.constraint_name and tc.constraint_type='PRIMARY KEY') pk ON pk.table_schema=c.table_schema AND pk.table_name=c.table_name AND pk.column_name=c.column_name WHERE c.table_name = 'Events' AND c.table_schema = 'public'
Executing (default): SELECT DISTINCT tc.constraint_name as constraint_name, tc.constraint_schema as constraint_schema, tc.constraint_catalog as constraint_catalog, tc.table_name as table_name,tc.table_schema as table_schema,tc.table_catalog as table_catalog,tc.initially_deferred as initially_deferred,tc.is_deferrable as is_deferrable,kcu.column_name as column_name,ccu.table_schema  AS referenced_table_schema,ccu.table_catalog  AS referenced_table_catalog,ccu.table_name  AS referenced_table_name,ccu.column_name AS referenced_column_name FROM information_schema.table_constraints AS tc JOIN information_schema.key_column_usage AS kcu ON tc.constraint_name = kcu.constraint_name JOIN information_schema.constraint_column_usage AS ccu ON ccu.constraint_name = tc.constraint_name WHERE constraint_type = 'FOREIGN KEY' AND tc.table_name = 'Events' AND tc.table_catalog = 'KURGI_KP'
Executing (default): ALTER TABLE "Events" ALTER COLUMN "title" SET NOT NULL;ALTER TABLE "Events" ALTER COLUMN "title" DROP DEFAULT;ALTER TABLE "Events" ALTER COLUMN "title" TYPE VARCHAR(255);
Executing (default): ALTER TABLE "Events" DROP CONSTRAINT "Events_contractorId_fkey"
Executing (default): ALTER TABLE "Events"  ADD FOREIGN KEY ("contractorId") REFERENCES "Contractors" ("id") ON DELETE SET NULL ON UPDATE CASCADE;
Executing (default): ALTER TABLE "Events" ALTER COLUMN "eventDate" DROP NOT NULL;ALTER TABLE "Events" ALTER COLUMN "eventDate" DROP DEFAULT;ALTER TABLE "Events" ALTER COLUMN "eventDate" TYPE DATE;
Executing (default): ALTER TABLE "Events" ALTER COLUMN "startTime" DROP NOT NULL;ALTER TABLE "Events" ALTER COLUMN "startTime" DROP DEFAULT;ALTER TABLE "Events" ALTER COLUMN "startTime" TYPE TIME;
Executing (default): ALTER TABLE "Events" ALTER COLUMN "endTime" DROP NOT NULL;ALTER TABLE "Events" ALTER COLUMN "endTime" DROP DEFAULT;ALTER TABLE "Events" ALTER COLUMN "endTime" TYPE TIME;
Executing (default): ALTER TABLE "Events" ALTER COLUMN "location" DROP NOT NULL;ALTER TABLE "Events" ALTER COLUMN "location" DROP DEFAULT;ALTER TABLE "Events" ALTER COLUMN "location" TYPE VARCHAR(255);
Executing (default): ALTER TABLE "Events" ALTER COLUMN "status" SET NOT NULL;ALTER TABLE "Events" ALTER COLUMN "status" SET DEFAULT 'Draft';ALTER TABLE "Events" ALTER COLUMN "status" TYPE VARCHAR(255);
Executing (default): ALTER TABLE "Events" ALTER COLUMN "notes" DROP NOT NULL;ALTER TABLE "Events" ALTER COLUMN "notes" DROP DEFAULT;ALTER TABLE "Events" ALTER COLUMN "notes" TYPE TEXT;
Executing (default): ALTER TABLE "Events" ALTER COLUMN "createdAt" SET NOT NULL;ALTER TABLE "Events" ALTER COLUMN "createdAt" DROP DEFAULT;ALTER TABLE "Events" ALTER COLUMN "createdAt" TYPE TIMESTAMP WITH TIME ZONE;
Executing (default): ALTER TABLE "Events" ALTER COLUMN "updatedAt" SET NOT NULL;ALTER TABLE "Events" ALTER COLUMN "updatedAt" DROP DEFAULT;ALTER TABLE "Events" ALTER COLUMN "updatedAt" TYPE TIMESTAMP WITH TIME ZONE;
Executing (default): ALTER TABLE "Events" ALTER COLUMN "startEvent" DROP NOT NULL;ALTER TABLE "Events" ALTER COLUMN "startEvent" DROP DEFAULT;ALTER TABLE "Events" ALTER COLUMN "startEvent" TYPE DATE;
Executing (default): ALTER TABLE "Events" ALTER COLUMN "endEvent" DROP NOT NULL;ALTER TABLE "Events" ALTER COLUMN "endEvent" DROP DEFAULT;ALTER TABLE "Events" ALTER COLUMN "endEvent" TYPE DATE;
Executing (default): ALTER TABLE "Events" ALTER COLUMN "startTimeStartEvent" DROP NOT NULL;ALTER TABLE "Events" ALTER COLUMN "startTimeStartEvent" DROP DEFAULT;ALTER TABLE "Events" ALTER COLUMN "startTimeStartEvent" TYPE TIME;
Executing (default): ALTER TABLE "Events" ALTER COLUMN "endTimeStartEvent" DROP NOT NULL;ALTER TABLE "Events" ALTER COLUMN "endTimeStartEvent" DROP DEFAULT;ALTER TABLE "Events" ALTER COLUMN "endTimeStartEvent" TYPE TIME;
Executing (default): ALTER TABLE "Events" ALTER COLUMN "startTimeEndEvent" DROP NOT NULL;ALTER TABLE "Events" ALTER COLUMN "startTimeEndEvent" DROP DEFAULT;ALTER TABLE "Events" ALTER COLUMN "startTimeEndEvent" TYPE TIME;
Executing (default): ALTER TABLE "Events" ALTER COLUMN "endTimeEndEvent" DROP NOT NULL;ALTER TABLE "Events" ALTER COLUMN "endTimeEndEvent" DROP DEFAULT;ALTER TABLE "Events" ALTER COLUMN "endTimeEndEvent" TYPE TIME;
Executing (default): ALTER TABLE "Events" ALTER COLUMN "countOfPerson" DROP NOT NULL;ALTER TABLE "Events" ALTER COLUMN "countOfPerson" DROP DEFAULT;ALTER TABLE "Events" ALTER COLUMN "countOfPerson" TYPE INTEGER;
Executing (default): SELECT i.relname AS name, ix.indisprimary AS primary, ix.indisunique AS unique, ix.indkey AS indkey, array_agg(a.attnum) as column_indexes, array_agg(a.attname) AS column_names, pg_get_indexdef(ix.indexrelid) AS definition FROM pg_class t, pg_class i, pg_index ix, pg_attribute a WHERE t.oid = ix.indrelid AND i.oid = ix.indexrelid AND a.attrelid = t.oid AND t.relkind = 'r' and t.relname = 'Events' GROUP BY i.relname, ix.indexrelid, ix.indisprimary, ix.indisunique, ix.indkey ORDER BY i.relname;
Executing (default): SELECT table_name FROM information_schema.tables WHERE table_schema = 'public' AND table_name = 'menuItems'
Executing (default): SELECT pk.constraint_type as "Constraint",c.column_name as "Field", c.column_default as "Default",c.is_nullable as "Null", (CASE WHEN c.udt_name = 'hstore' THEN c.udt_name ELSE c.data_type END) || (CASE WHEN c.character_maximum_length IS NOT NULL THEN '(' || c.character_maximum_length || ')' ELSE '' END) as "Type", (SELECT array_agg(e.enumlabel) FROM pg_catalog.pg_type t JOIN pg_catalog.pg_enum e ON t.oid=e.enumtypid WHERE t.typname=c.udt_name) AS "special", (SELECT pgd.description FROM pg_catalog.pg_statio_all_tables AS st INNER JOIN pg_catalog.pg_description pgd on (pgd.objoid=st.relid) WHERE c.ordinal_position=pgd.objsubid AND c.table_name=st.relname) AS "Comment" FROM information_schema.columns c LEFT JOIN (SELECT tc.table_schema, tc.table_name, cu.column_name, tc.constraint_type FROM information_schema.TABLE_CONSTRAINTS tc JOIN information_schema.KEY_COLUMN_USAGE  cu ON tc.table_schema=cu.table_schema and tc.table_name=cu.table_name and tc.constraint_name=cu.constraint_name and tc.constraint_type='PRIMARY KEY') pk ON pk.table_schema=c.table_schema AND pk.table_name=c.table_name AND pk.column_name=c.column_name WHERE c.table_name = 'menuItems' AND c.table_schema = 'public'
Executing (default): SELECT DISTINCT tc.constraint_name as constraint_name, tc.constraint_schema as constraint_schema, tc.constraint_catalog as constraint_catalog, tc.table_name as table_name,tc.table_schema as table_schema,tc.table_catalog as table_catalog,tc.initially_deferred as initially_deferred,tc.is_deferrable as is_deferrable,kcu.column_name as column_name,ccu.table_schema  AS referenced_table_schema,ccu.table_catalog  AS referenced_table_catalog,ccu.table_name  AS referenced_table_name,ccu.column_name AS referenced_column_name FROM information_schema.table_constraints AS tc JOIN information_schema.key_column_usage AS kcu ON tc.constraint_name = kcu.constraint_name JOIN information_schema.constraint_column_usage AS ccu ON ccu.constraint_name = tc.constraint_name WHERE constraint_type = 'FOREIGN KEY' AND tc.table_name = 'menuItems' AND tc.table_catalog = 'KURGI_KP'
Executing (default): ALTER TABLE "menuItems" ALTER COLUMN "title" SET NOT NULL;ALTER TABLE "menuItems" ALTER COLUMN "title" DROP DEFAULT;ALTER TABLE "menuItems" ALTER COLUMN "title" TYPE VARCHAR(255);
Executing (default): ALTER TABLE "menuItems" ALTER COLUMN "description" DROP NOT NULL;ALTER TABLE "menuItems" ALTER COLUMN "description" DROP DEFAULT;ALTER TABLE "menuItems" ALTER COLUMN "description" TYPE TEXT;
Executing (default): ALTER TABLE "menuItems" ALTER COLUMN "category" DROP NOT NULL;ALTER TABLE "menuItems" ALTER COLUMN "category" DROP DEFAULT;ALTER TABLE "menuItems" ALTER COLUMN "category" TYPE VARCHAR(255);
Executing (default): ALTER TABLE "menuItems" ALTER COLUMN "weight" DROP NOT NULL;ALTER TABLE "menuItems" ALTER COLUMN "weight" DROP DEFAULT;ALTER TABLE "menuItems" ALTER COLUMN "weight" TYPE INTEGER;
Executing (default): ALTER TABLE "menuItems" ALTER COLUMN "price" DROP NOT NULL;ALTER TABLE "menuItems" ALTER COLUMN "price" DROP DEFAULT;ALTER TABLE "menuItems" ALTER COLUMN "price" TYPE INTEGER;
Executing (default): ALTER TABLE "menuItems" ALTER COLUMN "active" DROP NOT NULL;ALTER TABLE "menuItems" ALTER COLUMN "active" SET DEFAULT true;ALTER TABLE "menuItems" ALTER COLUMN "active" TYPE BOOLEAN;
Executing (default): ALTER TABLE "menuItems" ALTER COLUMN "createdAt" SET NOT NULL;ALTER TABLE "menuItems" ALTER COLUMN "createdAt" DROP DEFAULT;ALTER TABLE "menuItems" ALTER COLUMN "createdAt" TYPE TIMESTAMP WITH TIME ZONE;
Executing (default): ALTER TABLE "menuItems" ALTER COLUMN "updatedAt" SET NOT NULL;ALTER TABLE "menuItems" ALTER COLUMN "updatedAt" DROP DEFAULT;ALTER TABLE "menuItems" ALTER COLUMN "updatedAt" TYPE TIMESTAMP WITH TIME ZONE;
Executing (default): SELECT i.relname AS name, ix.indisprimary AS primary, ix.indisunique AS unique, ix.indkey AS indkey, array_agg(a.attnum) as column_indexes, array_agg(a.attname) AS column_names, pg_get_indexdef(ix.indexrelid) AS definition FROM pg_class t, pg_class i, pg_index ix, pg_attribute a WHERE t.oid = ix.indrelid AND i.oid = ix.indexrelid AND a.attrelid = t.oid AND t.relkind = 'r' and t.relname = 'menuItems' GROUP BY i.relname, ix.indexrelid, ix.indisprimary, ix.indisunique, ix.indkey ORDER BY i.relname;
Executing (default): SELECT table_name FROM information_schema.tables WHERE table_schema = 'public' AND table_name = 'kps'
Executing (default): SELECT pk.constraint_type as "Constraint",c.column_name as "Field", c.column_default as "Default",c.is_nullable as "Null", (CASE WHEN c.udt_name = 'hstore' THEN c.udt_name ELSE c.data_type END) || (CASE WHEN c.character_maximum_length IS NOT NULL THEN '(' || c.character_maximum_length || ')' ELSE '' END) as "Type", (SELECT array_agg(e.enumlabel) FROM pg_catalog.pg_type t JOIN pg_catalog.pg_enum e ON t.oid=e.enumtypid WHERE t.typname=c.udt_name) AS "special", (SELECT pgd.description FROM pg_catalog.pg_statio_all_tables AS st INNER JOIN pg_catalog.pg_description pgd on (pgd.objoid=st.relid) WHERE c.ordinal_position=pgd.objsubid AND c.table_name=st.relname) AS "Comment" FROM information_schema.columns c LEFT JOIN (SELECT tc.table_schema, tc.table_name, cu.column_name, tc.constraint_type FROM information_schema.TABLE_CONSTRAINTS tc JOIN information_schema.KEY_COLUMN_USAGE  cu ON tc.table_schema=cu.table_schema and tc.table_name=cu.table_name and tc.constraint_name=cu.constraint_name and tc.constraint_type='PRIMARY KEY') pk ON pk.table_schema=c.table_schema AND pk.table_name=c.table_name AND pk.column_name=c.column_name WHERE c.table_name = 'kps' AND c.table_schema = 'public'
Executing (default): SELECT DISTINCT tc.constraint_name as constraint_name, tc.constraint_schema as constraint_schema, tc.constraint_catalog as constraint_catalog, tc.table_name as table_name,tc.table_schema as table_schema,tc.table_catalog as table_catalog,tc.initially_deferred as initially_deferred,tc.is_deferrable as is_deferrable,kcu.column_name as column_name,ccu.table_schema  AS referenced_table_schema,ccu.table_catalog  AS referenced_table_catalog,ccu.table_name  AS referenced_table_name,ccu.column_name AS referenced_column_name FROM information_schema.table_constraints AS tc JOIN information_schema.key_column_usage AS kcu ON tc.constraint_name = kcu.constraint_name JOIN information_schema.constraint_column_usage AS ccu ON ccu.constraint_name = tc.constraint_name WHERE constraint_type = 'FOREIGN KEY' AND tc.table_name = 'kps' AND tc.table_catalog = 'KURGI_KP'
Executing (default): ALTER TABLE "kps" ALTER COLUMN "kpNumber" DROP NOT NULL;ALTER TABLE "kps" ALTER COLUMN "kpNumber" DROP DEFAULT;ALTER TABLE "kps"  ADD UNIQUE ("kpNumber");ALTER TABLE "kps" ALTER COLUMN "kpNumber" TYPE VARCHAR(255) ;
Executing (default): ALTER TABLE "kps" ALTER COLUMN "kpDate" DROP NOT NULL;ALTER TABLE "kps" ALTER COLUMN "kpDate" DROP DEFAULT;ALTER TABLE "kps" ALTER COLUMN "kpDate" TYPE DATE;
Executing (default): ALTER TABLE "kps" ALTER COLUMN "contractNumber" DROP NOT NULL;ALTER TABLE "kps" ALTER COLUMN "contractNumber" DROP DEFAULT;ALTER TABLE "kps" ALTER COLUMN "contractNumber" TYPE VARCHAR(255);
Executing (default): ALTER TABLE "kps" ALTER COLUMN "contractDate" DROP NOT NULL;ALTER TABLE "kps" ALTER COLUMN "contractDate" DROP DEFAULT;ALTER TABLE "kps" ALTER COLUMN "contractDate" TYPE DATE;
Executing (default): ALTER TABLE "kps" ALTER COLUMN "startEvent" DROP NOT NULL;ALTER TABLE "kps" ALTER COLUMN "startEvent" DROP DEFAULT;ALTER TABLE "kps" ALTER COLUMN "startEvent" TYPE DATE;
Executing (default): ALTER TABLE "kps" ALTER COLUMN "endEvent" DROP NOT NULL;ALTER TABLE "kps" ALTER COLUMN "endEvent" DROP DEFAULT;ALTER TABLE "kps" ALTER COLUMN "endEvent" TYPE DATE;
Executing (default): ALTER TABLE "kps" ALTER COLUMN "eventPlace" DROP NOT NULL;ALTER TABLE "kps" ALTER COLUMN "eventPlace" DROP DEFAULT;ALTER TABLE "kps" ALTER COLUMN "eventPlace" TYPE VARCHAR(255);
Executing (default): ALTER TABLE "kps" ALTER COLUMN "countOfPerson" DROP NOT NULL;ALTER TABLE "kps" ALTER COLUMN "countOfPerson" DROP DEFAULT;ALTER TABLE "kps" ALTER COLUMN "countOfPerson" TYPE VARCHAR(255);
Executing (default): ALTER TABLE "kps" ALTER COLUMN "isWithinMkad" DROP NOT NULL;ALTER TABLE "kps" ALTER COLUMN "isWithinMkad" SET DEFAULT true;ALTER TABLE "kps" ALTER COLUMN "isWithinMkad" TYPE BOOLEAN;
Executing (default): ALTER TABLE "kps" ALTER COLUMN "logisticsCost" DROP NOT NULL;ALTER TABLE "kps" ALTER COLUMN "logisticsCost" DROP DEFAULT;ALTER TABLE "kps" ALTER COLUMN "logisticsCost" TYPE INTEGER;
Executing (default): ALTER TABLE "kps" ALTER COLUMN "listTitle" DROP NOT NULL;ALTER TABLE "kps" ALTER COLUMN "listTitle" DROP DEFAULT;ALTER TABLE "kps" ALTER COLUMN "listTitle" TYPE VARCHAR(255);
Executing (default): ALTER TABLE "kps" ALTER COLUMN "managerName" SET NOT NULL;ALTER TABLE "kps" ALTER COLUMN "managerName" DROP DEFAULT;ALTER TABLE "kps" ALTER COLUMN "managerName" TYPE VARCHAR(255);
Executing (default): ALTER TABLE "kps" ALTER COLUMN "createdAt" SET NOT NULL;ALTER TABLE "kps" ALTER COLUMN "createdAt" DROP DEFAULT;ALTER TABLE "kps" ALTER COLUMN "createdAt" TYPE TIMESTAMP WITH TIME ZONE;
Executing (default): ALTER TABLE "kps" ALTER COLUMN "updatedAt" SET NOT NULL;ALTER TABLE "kps" ALTER COLUMN "updatedAt" DROP DEFAULT;ALTER TABLE "kps" ALTER COLUMN "updatedAt" TYPE TIMESTAMP WITH TIME ZONE;
Executing (default): ALTER TABLE "kps" DROP CONSTRAINT "kps_managerId_fkey"
Executing (default): ALTER TABLE "kps"  ADD FOREIGN KEY ("managerId") REFERENCES "Users" ("id") ON DELETE SET NULL ON UPDATE CASCADE;
Executing (default): ALTER TABLE "kps" DROP CONSTRAINT "kps_contractorId_fkey"
Executing (default): ALTER TABLE "kps"  ADD FOREIGN KEY ("contractorId") REFERENCES "Contractors" ("id") ON DELETE SET NULL ON UPDATE CASCADE;
Executing (default): ALTER TABLE "kps" DROP CONSTRAINT "kps_eventId_fkey"
Executing (default): ALTER TABLE "kps"  ADD FOREIGN KEY ("eventId") REFERENCES "Events" ("id") ON DELETE SET NULL ON UPDATE CASCADE;
Executing (default): ALTER TABLE "kps" ALTER COLUMN "status" DROP NOT NULL;ALTER TABLE "kps" ALTER COLUMN "status" SET DEFAULT 'draft';ALTER TABLE "kps" ALTER COLUMN "status" TYPE VARCHAR(255);
Executing (default): ALTER TABLE "kps" ALTER COLUMN "totalAmount" DROP NOT NULL;ALTER TABLE "kps" ALTER COLUMN "totalAmount" DROP DEFAULT;ALTER TABLE "kps" ALTER COLUMN "totalAmount" TYPE INTEGER;
Executing (default): SELECT i.relname AS name, ix.indisprimary AS primary, ix.indisunique AS unique, ix.indkey AS indkey, array_agg(a.attnum) as column_indexes, array_agg(a.attname) AS column_names, pg_get_indexdef(ix.indexrelid) AS definition FROM pg_class t, pg_class i, pg_index ix, pg_attribute a WHERE t.oid = ix.indrelid AND i.oid = ix.indexrelid AND a.attrelid = t.oid AND t.relkind = 'r' and t.relname = 'kps' GROUP BY i.relname, ix.indexrelid, ix.indisprimary, ix.indisunique, ix.indkey ORDER BY i.relname;
Executing (default): SELECT table_name FROM information_schema.tables WHERE table_schema = 'public' AND table_name = 'lists'
Executing (default): SELECT pk.constraint_type as "Constraint",c.column_name as "Field", c.column_default as "Default",c.is_nullable as "Null", (CASE WHEN c.udt_name = 'hstore' THEN c.udt_name ELSE c.data_type END) || (CASE WHEN c.character_maximum_length IS NOT NULL THEN '(' || c.character_maximum_length || ')' ELSE '' END) as "Type", (SELECT array_agg(e.enumlabel) FROM pg_catalog.pg_type t JOIN pg_catalog.pg_enum e ON t.oid=e.enumtypid WHERE t.typname=c.udt_name) AS "special", (SELECT pgd.description FROM pg_catalog.pg_statio_all_tables AS st INNER JOIN pg_catalog.pg_description pgd on (pgd.objoid=st.relid) WHERE c.ordinal_position=pgd.objsubid AND c.table_name=st.relname) AS "Comment" FROM information_schema.columns c LEFT JOIN (SELECT tc.table_schema, tc.table_name, cu.column_name, tc.constraint_type FROM information_schema.TABLE_CONSTRAINTS tc JOIN information_schema.KEY_COLUMN_USAGE  cu ON tc.table_schema=cu.table_schema and tc.table_name=cu.table_name and tc.constraint_name=cu.constraint_name and tc.constraint_type='PRIMARY KEY') pk ON pk.table_schema=c.table_schema AND pk.table_name=c.table_name AND pk.column_name=c.column_name WHERE c.table_name = 'lists' AND c.table_schema = 'public'
Executing (default): SELECT DISTINCT tc.constraint_name as constraint_name, tc.constraint_schema as constraint_schema, tc.constraint_catalog as constraint_catalog, tc.table_name as table_name,tc.table_schema as table_schema,tc.table_catalog as table_catalog,tc.initially_deferred as initially_deferred,tc.is_deferrable as is_deferrable,kcu.column_name as column_name,ccu.table_schema  AS referenced_table_schema,ccu.table_catalog  AS referenced_table_catalog,ccu.table_name  AS referenced_table_name,ccu.column_name AS referenced_column_name FROM information_schema.table_constraints AS tc JOIN information_schema.key_column_usage AS kcu ON tc.constraint_name = kcu.constraint_name JOIN information_schema.constraint_column_usage AS ccu ON ccu.constraint_name = tc.constraint_name WHERE constraint_type = 'FOREIGN KEY' AND tc.table_name = 'lists' AND tc.table_catalog = 'KURGI_KP'
Executing (default): ALTER TABLE "lists" ALTER COLUMN "startEvent" SET NOT NULL;ALTER TABLE "lists" ALTER COLUMN "startEvent" DROP DEFAULT;ALTER TABLE "lists" ALTER COLUMN "startEvent" TYPE DATE;
Executing (default): ALTER TABLE "lists" ALTER COLUMN "endEvent" SET NOT NULL;ALTER TABLE "lists" ALTER COLUMN "endEvent" DROP DEFAULT;ALTER TABLE "lists" ALTER COLUMN "endEvent" TYPE DATE;
Executing (default): ALTER TABLE "lists" ALTER COLUMN "startTimeStartEvent" SET NOT NULL;ALTER TABLE "lists" ALTER COLUMN "startTimeStartEvent" DROP DEFAULT;ALTER TABLE "lists" ALTER COLUMN "startTimeStartEvent" TYPE TIME;
Executing (default): ALTER TABLE "lists" ALTER COLUMN "endTimeStartEvent" SET NOT NULL;ALTER TABLE "lists" ALTER COLUMN "endTimeStartEvent" DROP DEFAULT;ALTER TABLE "lists" ALTER COLUMN "endTimeStartEvent" TYPE TIME;
Executing (default): ALTER TABLE "lists" ALTER COLUMN "startTimeEndEvent" SET NOT NULL;ALTER TABLE "lists" ALTER COLUMN "startTimeEndEvent" DROP DEFAULT;ALTER TABLE "lists" ALTER COLUMN "startTimeEndEvent" TYPE TIME;
Executing (default): ALTER TABLE "lists" ALTER COLUMN "endTimeEndEvent" SET NOT NULL;ALTER TABLE "lists" ALTER COLUMN "endTimeEndEvent" DROP DEFAULT;ALTER TABLE "lists" ALTER COLUMN "endTimeEndEvent" TYPE TIME;
Executing (default): ALTER TABLE "lists" ALTER COLUMN "eventPlace" SET NOT NULL;ALTER TABLE "lists" ALTER COLUMN "eventPlace" DROP DEFAULT;ALTER TABLE "lists" ALTER COLUMN "eventPlace" TYPE VARCHAR(255);
Executing (default): ALTER TABLE "lists" ALTER COLUMN "countOfPerson" SET NOT NULL;ALTER TABLE "lists" ALTER COLUMN "countOfPerson" DROP DEFAULT;ALTER TABLE "lists" ALTER COLUMN "countOfPerson" TYPE VARCHAR(255);
Executing (default): ALTER TABLE "lists" ALTER COLUMN "listTitle" DROP NOT NULL;ALTER TABLE "lists" ALTER COLUMN "listTitle" DROP DEFAULT;ALTER TABLE "lists" ALTER COLUMN "listTitle" TYPE VARCHAR(255);
Executing (default): ALTER TABLE "lists" ALTER COLUMN "createdAt" SET NOT NULL;ALTER TABLE "lists" ALTER COLUMN "createdAt" DROP DEFAULT;ALTER TABLE "lists" ALTER COLUMN "createdAt" TYPE TIMESTAMP WITH TIME ZONE;
Executing (default): ALTER TABLE "lists" ALTER COLUMN "updatedAt" SET NOT NULL;ALTER TABLE "lists" ALTER COLUMN "updatedAt" DROP DEFAULT;ALTER TABLE "lists" ALTER COLUMN "updatedAt" TYPE TIMESTAMP WITH TIME ZONE;
Executing (default): ALTER TABLE "lists" DROP CONSTRAINT "lists_kpId_fkey"
Executing (default): ALTER TABLE "lists"  ADD FOREIGN KEY ("kpId") REFERENCES "kps" ("id") ON DELETE SET NULL ON UPDATE CASCADE;
Executing (default): SELECT i.relname AS name, ix.indisprimary AS primary, ix.indisunique AS unique, ix.indkey AS indkey, array_agg(a.attnum) as column_indexes, array_agg(a.attname) AS column_names, pg_get_indexdef(ix.indexrelid) AS definition FROM pg_class t, pg_class i, pg_index ix, pg_attribute a WHERE t.oid = ix.indrelid AND i.oid = ix.indexrelid AND a.attrelid = t.oid AND t.relkind = 'r' and t.relname = 'lists' GROUP BY i.relname, ix.indexrelid, ix.indisprimary, ix.indisunique, ix.indkey ORDER BY i.relname;
Executing (default): SELECT table_name FROM information_schema.tables WHERE table_schema = 'public' AND table_name = 'rows'
Executing (default): SELECT pk.constraint_type as "Constraint",c.column_name as "Field", c.column_default as "Default",c.is_nullable as "Null", (CASE WHEN c.udt_name = 'hstore' THEN c.udt_name ELSE c.data_type END) || (CASE WHEN c.character_maximum_length IS NOT NULL THEN '(' || c.character_maximum_length || ')' ELSE '' END) as "Type", (SELECT array_agg(e.enumlabel) FROM pg_catalog.pg_type t JOIN pg_catalog.pg_enum e ON t.oid=e.enumtypid WHERE t.typname=c.udt_name) AS "special", (SELECT pgd.description FROM pg_catalog.pg_statio_all_tables AS st INNER JOIN pg_catalog.pg_description pgd on (pgd.objoid=st.relid) WHERE c.ordinal_position=pgd.objsubid AND c.table_name=st.relname) AS "Comment" FROM information_schema.columns c LEFT JOIN (SELECT tc.table_schema, tc.table_name, cu.column_name, tc.constraint_type FROM information_schema.TABLE_CONSTRAINTS tc JOIN information_schema.KEY_COLUMN_USAGE  cu ON tc.table_schema=cu.table_schema and tc.table_name=cu.table_name and tc.constraint_name=cu.constraint_name and tc.constraint_type='PRIMARY KEY') pk ON pk.table_schema=c.table_schema AND pk.table_name=c.table_name AND pk.column_name=c.column_name WHERE c.table_name = 'rows' AND c.table_schema = 'public'
Executing (default): SELECT DISTINCT tc.constraint_name as constraint_name, tc.constraint_schema as constraint_schema, tc.constraint_catalog as constraint_catalog, tc.table_name as table_name,tc.table_schema as table_schema,tc.table_catalog as table_catalog,tc.initially_deferred as initially_deferred,tc.is_deferrable as is_deferrable,kcu.column_name as column_name,ccu.table_schema  AS referenced_table_schema,ccu.table_catalog  AS referenced_table_catalog,ccu.table_name  AS referenced_table_name,ccu.column_name AS referenced_column_name FROM information_schema.table_constraints AS tc JOIN information_schema.key_column_usage AS kcu ON tc.constraint_name = kcu.constraint_name JOIN information_schema.constraint_column_usage AS ccu ON ccu.constraint_name = tc.constraint_name WHERE constraint_type = 'FOREIGN KEY' AND tc.table_name = 'rows' AND tc.table_catalog = 'KURGI_KP'
Executing (default): ALTER TABLE "rows" ALTER COLUMN "product" SET NOT NULL;ALTER TABLE "rows" ALTER COLUMN "product" DROP DEFAULT;ALTER TABLE "rows" ALTER COLUMN "product" TYPE VARCHAR(255);
Executing (default): ALTER TABLE "rows" ALTER COLUMN "composition" DROP NOT NULL;ALTER TABLE "rows" ALTER COLUMN "composition" DROP DEFAULT;ALTER TABLE "rows" ALTER COLUMN "composition" TYPE VARCHAR(255);
Executing (default): ALTER TABLE "rows" ALTER COLUMN "productWeight" DROP NOT NULL;ALTER TABLE "rows" ALTER COLUMN "productWeight" DROP DEFAULT;ALTER TABLE "rows" ALTER COLUMN "productWeight" TYPE INTEGER;
Executing (default): ALTER TABLE "rows" ALTER COLUMN "countOfProduct" SET NOT NULL;ALTER TABLE "rows" ALTER COLUMN "countOfProduct" DROP DEFAULT;ALTER TABLE "rows" ALTER COLUMN "countOfProduct" TYPE INTEGER;
Executing (default): ALTER TABLE "rows" ALTER COLUMN "priceOfProduct" SET NOT NULL;ALTER TABLE "rows" ALTER COLUMN "priceOfProduct" DROP DEFAULT;ALTER TABLE "rows" ALTER COLUMN "priceOfProduct" TYPE INTEGER;
Executing (default): ALTER TABLE "rows" ALTER COLUMN "createdAt" SET NOT NULL;ALTER TABLE "rows" ALTER COLUMN "createdAt" DROP DEFAULT;ALTER TABLE "rows" ALTER COLUMN "createdAt" TYPE TIMESTAMP WITH TIME ZONE;
Executing (default): ALTER TABLE "rows" ALTER COLUMN "updatedAt" SET NOT NULL;ALTER TABLE "rows" ALTER COLUMN "updatedAt" DROP DEFAULT;ALTER TABLE "rows" ALTER COLUMN "updatedAt" TYPE TIMESTAMP WITH TIME ZONE;
Executing (default): ALTER TABLE "rows" DROP CONSTRAINT "rows_listId_fkey"
Executing (default): ALTER TABLE "rows"  ADD FOREIGN KEY ("listId") REFERENCES "lists" ("id") ON DELETE SET NULL ON UPDATE CASCADE;
Executing (default): ALTER TABLE "rows" ALTER COLUMN "typeOfProduct" DROP NOT NULL;ALTER TABLE "rows" ALTER COLUMN "typeOfProduct" DROP DEFAULT;ALTER TABLE "rows" ALTER COLUMN "typeOfProduct" TYPE VARCHAR(255);
Executing (default): ALTER TABLE "rows" ALTER COLUMN "order" SET NOT NULL;ALTER TABLE "rows" ALTER COLUMN "order" SET DEFAULT 0;ALTER TABLE "rows" ALTER COLUMN "order" TYPE INTEGER;
Executing (default): SELECT i.relname AS name, ix.indisprimary AS primary, ix.indisunique AS unique, ix.indkey AS indkey, array_agg(a.attnum) as column_indexes, array_agg(a.attname) AS column_names, pg_get_indexdef(ix.indexrelid) AS definition FROM pg_class t, pg_class i, pg_index ix, pg_attribute a WHERE t.oid = ix.indrelid AND i.oid = ix.indexrelid AND a.attrelid = t.oid AND t.relkind = 'r' and t.relname = 'rows' GROUP BY i.relname, ix.indexrelid, ix.indisprimary, ix.indisunique, ix.indkey ORDER BY i.relname;
server started on port 3000
Executing (default): SELECT "Event"."id", "Event"."title", "Event"."eventDate", "Event"."startTime", "Event"."endTime", "Event"."startEvent", "Event"."endEvent", "Event"."startTimeStartEvent", "Event"."endTimeStartEvent", "Event"."startTimeEndEvent", "Event"."endTimeEndEvent", "Event"."location", "Event"."countOfPerson", "Event"."status", "Event"."notes", "Event"."createdAt", "Event"."updatedAt", "Event"."contractorId", "Contractor"."id" AS "Contractor.id", "Contractor"."companyName" AS "Contractor.companyName", "Contractor"."contactPerson" AS "Contractor.contactPerson" FROM "Events" AS "Event" LEFT OUTER JOIN "Contractors" AS "Contractor" ON "Event"."contractorId" = "Contractor"."id" ORDER BY "Event"."eventDate" ASC, "Event"."startTime" ASC;
Executing (default): SELECT "Event"."id", "Event"."title", "Event"."eventDate", "Event"."startTime", "Event"."endTime", "Event"."startEvent", "Event"."endEvent", "Event"."startTimeStartEvent", "Event"."endTimeStartEvent", "Event"."startTimeEndEvent", "Event"."endTimeEndEvent", "Event"."location", "Event"."countOfPerson", "Event"."status", "Event"."notes", "Event"."createdAt", "Event"."updatedAt", "Event"."contractorId", "Contractor"."id" AS "Contractor.id", "Contractor"."companyName" AS "Contractor.companyName", "Contractor"."contactPerson" AS "Contractor.contactPerson" FROM "Events" AS "Event" LEFT OUTER JOIN "Contractors" AS "Contractor" ON "Event"."contractorId" = "Contractor"."id" ORDER BY "Event"."eventDate" ASC, "Event"."startTime" ASC;
Executing (default): SELECT "Event"."id", "Event"."title", "Event"."eventDate", "Event"."startTime", "Event"."endTime", "Event"."startEvent", "Event"."endEvent", "Event"."startTimeStartEvent", "Event"."endTimeStartEvent", "Event"."startTimeEndEvent", "Event"."endTimeEndEvent", "Event"."location", "Event"."countOfPerson", "Event"."status", "Event"."notes", "Event"."createdAt", "Event"."updatedAt", "Event"."contractorId", "Contractor"."id" AS "Contractor.id", "Contractor"."companyName" AS "Contractor.companyName", "Contractor"."contactPerson" AS "Contractor.contactPerson", "kps"."id" AS "kps.id", "kps"."kpNumber" AS "kps.kpNumber", "kps"."listTitle" AS "kps.listTitle", "kps"."kpDate" AS "kps.kpDate" FROM "Events" AS "Event" LEFT OUTER JOIN "Contractors" AS "Contractor" ON "Event"."contractorId" = "Contractor"."id" LEFT OUTER JOIN "kps" AS "kps" ON "Event"."id" = "kps"."eventId" WHERE "Event"."id" = '47';
Executing (default): SELECT "Event"."id", "Event"."title", "Event"."eventDate", "Event"."startTime", "Event"."endTime", "Event"."startEvent", "Event"."endEvent", "Event"."startTimeStartEvent", "Event"."endTimeStartEvent", "Event"."startTimeEndEvent", "Event"."endTimeEndEvent", "Event"."location", "Event"."countOfPerson", "Event"."status", "Event"."notes", "Event"."createdAt", "Event"."updatedAt", "Event"."contractorId", "Contractor"."id" AS "Contractor.id", "Contractor"."companyName" AS "Contractor.companyName", "Contractor"."contactPerson" AS "Contractor.contactPerson", "kps"."id" AS "kps.id", "kps"."kpNumber" AS "kps.kpNumber", "kps"."listTitle" AS "kps.listTitle", "kps"."kpDate" AS "kps.kpDate" FROM "Events" AS "Event" LEFT OUTER JOIN "Contractors" AS "Contractor" ON "Event"."contractorId" = "Contractor"."id" LEFT OUTER JOIN "kps" AS "kps" ON "Event"."id" = "kps"."eventId" WHERE "Event"."id" = '47';
Executing (default): SELECT "Event"."id", "Event"."title", "Event"."eventDate", "Event"."startTime", "Event"."endTime", "Event"."startEvent", "Event"."endEvent", "Event"."startTimeStartEvent", "Event"."endTimeStartEvent", "Event"."startTimeEndEvent", "Event"."endTimeEndEvent", "Event"."location", "Event"."countOfPerson", "Event"."status", "Event"."notes", "Event"."createdAt", "Event"."updatedAt", "Event"."contractorId", "Contractor"."id" AS "Contractor.id", "Contractor"."companyName" AS "Contractor.companyName", "Contractor"."contactPerson" AS "Contractor.contactPerson", "kps"."id" AS "kps.id", "kps"."kpNumber" AS "kps.kpNumber", "kps"."listTitle" AS "kps.listTitle", "kps"."kpDate" AS "kps.kpDate" FROM "Events" AS "Event" LEFT OUTER JOIN "Contractors" AS "Contractor" ON "Event"."contractorId" = "Contractor"."id" LEFT OUTER JOIN "kps" AS "kps" ON "Event"."id" = "kps"."eventId" WHERE "Event"."id" = '47';
Executing (default): SELECT "Event"."id", "Event"."title", "Event"."eventDate", "Event"."startTime", "Event"."endTime", "Event"."startEvent", "Event"."endEvent", "Event"."startTimeStartEvent", "Event"."endTimeStartEvent", "Event"."startTimeEndEvent", "Event"."endTimeEndEvent", "Event"."location", "Event"."countOfPerson", "Event"."status", "Event"."notes", "Event"."createdAt", "Event"."updatedAt", "Event"."contractorId", "Contractor"."id" AS "Contractor.id", "Contractor"."companyName" AS "Contractor.companyName", "Contractor"."contactPerson" AS "Contractor.contactPerson", "kps"."id" AS "kps.id", "kps"."kpNumber" AS "kps.kpNumber", "kps"."listTitle" AS "kps.listTitle", "kps"."kpDate" AS "kps.kpDate" FROM "Events" AS "Event" LEFT OUTER JOIN "Contractors" AS "Contractor" ON "Event"."contractorId" = "Contractor"."id" LEFT OUTER JOIN "kps" AS "kps" ON "Event"."id" = "kps"."eventId" WHERE "Event"."id" = '47';
Executing (default): SELECT "id", "companyName", "contactPerson", "phone", "email", "notes", "createdAt", "updatedAt" FROM "Contractors" AS "Contractor" ORDER BY "Contractor"."companyName" ASC;
Executing (default): SELECT "id", "companyName", "contactPerson", "phone", "email", "notes", "createdAt", "updatedAt" FROM "Contractors" AS "Contractor" ORDER BY "Contractor"."companyName" ASC;
Executing (default): SELECT "id", "title", "eventDate", "startTime", "endTime", "startEvent", "endEvent", "startTimeStartEvent", "endTimeStartEvent", "startTimeEndEvent", "endTimeEndEvent", "location", "countOfPerson", "status", "notes", "createdAt", "updatedAt", "contractorId" FROM "Events" AS "Event" WHERE "Event"."id" = '47';
Executing (default): UPDATE "Events" SET "countOfPerson"=$1,"updatedAt"=$2 WHERE "id" = $3
Executing (default): SELECT "Event"."id", "Event"."title", "Event"."eventDate", "Event"."startTime", "Event"."endTime", "Event"."startEvent", "Event"."endEvent", "Event"."startTimeStartEvent", "Event"."endTimeStartEvent", "Event"."startTimeEndEvent", "Event"."endTimeEndEvent", "Event"."location", "Event"."countOfPerson", "Event"."status", "Event"."notes", "Event"."createdAt", "Event"."updatedAt", "Event"."contractorId", "Contractor"."id" AS "Contractor.id", "Contractor"."companyName" AS "Contractor.companyName", "Contractor"."contactPerson" AS "Contractor.contactPerson" FROM "Events" AS "Event" LEFT OUTER JOIN "Contractors" AS "Contractor" ON "Event"."contractorId" = "Contractor"."id" WHERE "Event"."id" = '47';
Executing (default): SELECT "Event"."id", "Event"."title", "Event"."eventDate", "Event"."startTime", "Event"."endTime", "Event"."startEvent", "Event"."endEvent", "Event"."startTimeStartEvent", "Event"."endTimeStartEvent", "Event"."startTimeEndEvent", "Event"."endTimeEndEvent", "Event"."location", "Event"."countOfPerson", "Event"."status", "Event"."notes", "Event"."createdAt", "Event"."updatedAt", "Event"."contractorId", "Contractor"."id" AS "Contractor.id", "Contractor"."companyName" AS "Contractor.companyName", "Contractor"."contactPerson" AS "Contractor.contactPerson", "kps"."id" AS "kps.id", "kps"."kpNumber" AS "kps.kpNumber", "kps"."listTitle" AS "kps.listTitle", "kps"."kpDate" AS "kps.kpDate" FROM "Events" AS "Event" LEFT OUTER JOIN "Contractors" AS "Contractor" ON "Event"."contractorId" = "Contractor"."id" LEFT OUTER JOIN "kps" AS "kps" ON "Event"."id" = "kps"."eventId" WHERE "Event"."id" = '47';
Executing (default): SELECT "Event"."id", "Event"."title", "Event"."eventDate", "Event"."startTime", "Event"."endTime", "Event"."startEvent", "Event"."endEvent", "Event"."startTimeStartEvent", "Event"."endTimeStartEvent", "Event"."startTimeEndEvent", "Event"."endTimeEndEvent", "Event"."location", "Event"."countOfPerson", "Event"."status", "Event"."notes", "Event"."createdAt", "Event"."updatedAt", "Event"."contractorId", "Contractor"."id" AS "Contractor.id", "Contractor"."companyName" AS "Contractor.companyName", "Contractor"."contactPerson" AS "Contractor.contactPerson", "kps"."id" AS "kps.id", "kps"."kpNumber" AS "kps.kpNumber", "kps"."listTitle" AS "kps.listTitle", "kps"."kpDate" AS "kps.kpDate" FROM "Events" AS "Event" LEFT OUTER JOIN "Contractors" AS "Contractor" ON "Event"."contractorId" = "Contractor"."id" LEFT OUTER JOIN "kps" AS "kps" ON "Event"."id" = "kps"."eventId" WHERE "Event"."id" = '47';
Executing (default): SELECT "id", "companyName", "contactPerson", "phone", "email", "notes", "createdAt", "updatedAt" FROM "Contractors" AS "Contractor" ORDER BY "Contractor"."companyName" ASC;
Executing (default): SELECT "Event"."id", "Event"."title", "Event"."eventDate", "Event"."startTime", "Event"."endTime", "Event"."startEvent", "Event"."endEvent", "Event"."startTimeStartEvent", "Event"."endTimeStartEvent", "Event"."startTimeEndEvent", "Event"."endTimeEndEvent", "Event"."location", "Event"."countOfPerson", "Event"."status", "Event"."notes", "Event"."createdAt", "Event"."updatedAt", "Event"."contractorId", "Contractor"."id" AS "Contractor.id", "Contractor"."companyName" AS "Contractor.companyName", "Contractor"."contactPerson" AS "Contractor.contactPerson", "kps"."id" AS "kps.id", "kps"."kpNumber" AS "kps.kpNumber", "kps"."listTitle" AS "kps.listTitle", "kps"."kpDate" AS "kps.kpDate" FROM "Events" AS "Event" LEFT OUTER JOIN "Contractors" AS "Contractor" ON "Event"."contractorId" = "Contractor"."id" LEFT OUTER JOIN "kps" AS "kps" ON "Event"."id" = "kps"."eventId" WHERE "Event"."id" = '47';
Executing (default): SELECT "id", "companyName", "contactPerson", "phone", "email", "notes", "createdAt", "updatedAt" FROM "Contractors" AS "Contractor" ORDER BY "Contractor"."companyName" ASC;
Executing (default): SELECT "Event"."id", "Event"."title", "Event"."eventDate", "Event"."startTime", "Event"."endTime", "Event"."startEvent", "Event"."endEvent", "Event"."startTimeStartEvent", "Event"."endTimeStartEvent", "Event"."startTimeEndEvent", "Event"."endTimeEndEvent", "Event"."location", "Event"."countOfPerson", "Event"."status", "Event"."notes", "Event"."createdAt", "Event"."updatedAt", "Event"."contractorId", "Contractor"."id" AS "Contractor.id", "Contractor"."companyName" AS "Contractor.companyName", "Contractor"."contactPerson" AS "Contractor.contactPerson", "kps"."id" AS "kps.id", "kps"."kpNumber" AS "kps.kpNumber", "kps"."listTitle" AS "kps.listTitle", "kps"."kpDate" AS "kps.kpDate" FROM "Events" AS "Event" LEFT OUTER JOIN "Contractors" AS "Contractor" ON "Event"."contractorId" = "Contractor"."id" LEFT OUTER JOIN "kps" AS "kps" ON "Event"."id" = "kps"."eventId" WHERE "Event"."id" = '47';
Executing (default): SELECT "kp"."id", "kp"."kpNumber", "kp"."kpDate", "kp"."startEvent", "kp"."eventPlace", "kp"."status", "kp"."totalAmount", "contractor"."id" AS "contractor.id", "contractor"."companyName" AS "contractor.companyName", "event"."id" AS "event.id", "event"."title" AS "event.title" FROM "kps" AS "kp" LEFT OUTER JOIN "Contractors" AS "contractor" ON "kp"."contractorId" = "contractor"."id" LEFT OUTER JOIN "Events" AS "event" ON "kp"."eventId" = "event"."id" ORDER BY "kp"."id" DESC LIMIT 6;
Executing (default): SELECT "kp"."id", "kp"."kpNumber", "kp"."kpDate", "kp"."startEvent", "kp"."eventPlace", "kp"."status", "kp"."totalAmount", "contractor"."id" AS "contractor.id", "contractor"."companyName" AS "contractor.companyName", "event"."id" AS "event.id", "event"."title" AS "event.title" FROM "kps" AS "kp" LEFT OUTER JOIN "Contractors" AS "contractor" ON "kp"."contractorId" = "contractor"."id" LEFT OUTER JOIN "Events" AS "event" ON "kp"."eventId" = "event"."id" ORDER BY "kp"."id" DESC LIMIT 6;
[32m[nodemon] restarting due to changes...[39m
[32m[nodemon] restarting due to changes...[39m
[32m[nodemon] restarting due to changes...[39m
[32m[nodemon] restarting due to changes...[39m
[32m[nodemon] starting `node index.js`[39m
Executing (default): SELECT 1+1 AS result
Executing (default): SELECT table_name FROM information_schema.tables WHERE table_schema = 'public' AND table_name = 'Users'
Executing (default): SELECT t.typname enum_name, array_agg(e.enumlabel ORDER BY enumsortorder) enum_value FROM pg_type t JOIN pg_enum e ON t.oid = e.enumtypid JOIN pg_catalog.pg_namespace n ON n.oid = t.typnamespace WHERE n.nspname = 'public' AND t.typname='enum_Users_role' GROUP BY 1
Executing (default): SELECT pk.constraint_type as "Constraint",c.column_name as "Field", c.column_default as "Default",c.is_nullable as "Null", (CASE WHEN c.udt_name = 'hstore' THEN c.udt_name ELSE c.data_type END) || (CASE WHEN c.character_maximum_length IS NOT NULL THEN '(' || c.character_maximum_length || ')' ELSE '' END) as "Type", (SELECT array_agg(e.enumlabel) FROM pg_catalog.pg_type t JOIN pg_catalog.pg_enum e ON t.oid=e.enumtypid WHERE t.typname=c.udt_name) AS "special", (SELECT pgd.description FROM pg_catalog.pg_statio_all_tables AS st INNER JOIN pg_catalog.pg_description pgd on (pgd.objoid=st.relid) WHERE c.ordinal_position=pgd.objsubid AND c.table_name=st.relname) AS "Comment" FROM information_schema.columns c LEFT JOIN (SELECT tc.table_schema, tc.table_name, cu.column_name, tc.constraint_type FROM information_schema.TABLE_CONSTRAINTS tc JOIN information_schema.KEY_COLUMN_USAGE  cu ON tc.table_schema=cu.table_schema and tc.table_name=cu.table_name and tc.constraint_name=cu.constraint_name and tc.constraint_type='PRIMARY KEY') pk ON pk.table_schema=c.table_schema AND pk.table_name=c.table_name AND pk.column_name=c.column_name WHERE c.table_name = 'Users' AND c.table_schema = 'public'
Executing (default): SELECT DISTINCT tc.constraint_name as constraint_name, tc.constraint_schema as constraint_schema, tc.constraint_catalog as constraint_catalog, tc.table_name as table_name,tc.table_schema as table_schema,tc.table_catalog as table_catalog,tc.initially_deferred as initially_deferred,tc.is_deferrable as is_deferrable,kcu.column_name as column_name,ccu.table_schema  AS referenced_table_schema,ccu.table_catalog  AS referenced_table_catalog,ccu.table_name  AS referenced_table_name,ccu.column_name AS referenced_column_name FROM information_schema.table_constraints AS tc JOIN information_schema.key_column_usage AS kcu ON tc.constraint_name = kcu.constraint_name JOIN information_schema.constraint_column_usage AS ccu ON ccu.constraint_name = tc.constraint_name WHERE constraint_type = 'FOREIGN KEY' AND tc.table_name = 'Users' AND tc.table_catalog = 'KURGI_KP'
Executing (default): ALTER TABLE "Users" ALTER COLUMN "email" SET NOT NULL;ALTER TABLE "Users" ALTER COLUMN "email" DROP DEFAULT;ALTER TABLE "Users"  ADD UNIQUE ("email");ALTER TABLE "Users" ALTER COLUMN "email" TYPE VARCHAR(255)  ;
Executing (default): ALTER TABLE "Users" ALTER COLUMN "password" SET NOT NULL;ALTER TABLE "Users" ALTER COLUMN "password" DROP DEFAULT;ALTER TABLE "Users" ALTER COLUMN "password" TYPE VARCHAR(255);
Executing (default): ALTER TABLE "Users" ALTER COLUMN "name" SET NOT NULL;ALTER TABLE "Users" ALTER COLUMN "name" DROP DEFAULT;ALTER TABLE "Users" ALTER COLUMN "name" TYPE VARCHAR(255);
Executing (default): ALTER TABLE "Users" ALTER COLUMN "role" DROP NOT NULL;ALTER TABLE "Users" ALTER COLUMN "role" SET DEFAULT 'manager';DO 'BEGIN CREATE TYPE "public"."enum_Users_role" AS ENUM(''manager'', ''admin''); EXCEPTION WHEN duplicate_object THEN null; END';ALTER TABLE "Users" ALTER COLUMN "role" TYPE "public"."enum_Users_role" USING ("role"::"public"."enum_Users_role");
Executing (default): ALTER TABLE "Users" ALTER COLUMN "createdAt" SET NOT NULL;ALTER TABLE "Users" ALTER COLUMN "createdAt" DROP DEFAULT;ALTER TABLE "Users" ALTER COLUMN "createdAt" TYPE TIMESTAMP WITH TIME ZONE;
Executing (default): ALTER TABLE "Users" ALTER COLUMN "updatedAt" SET NOT NULL;ALTER TABLE "Users" ALTER COLUMN "updatedAt" DROP DEFAULT;ALTER TABLE "Users" ALTER COLUMN "updatedAt" TYPE TIMESTAMP WITH TIME ZONE;
Executing (default): ALTER TABLE "Users" ALTER COLUMN "job" DROP NOT NULL;ALTER TABLE "Users" ALTER COLUMN "job" DROP DEFAULT;ALTER TABLE "Users" ALTER COLUMN "job" TYPE VARCHAR(255);
Executing (default): ALTER TABLE "Users" ALTER COLUMN "tel" DROP NOT NULL;ALTER TABLE "Users" ALTER COLUMN "tel" DROP DEFAULT;ALTER TABLE "Users" ALTER COLUMN "tel" TYPE VARCHAR(255);
Executing (default): ALTER TABLE "Users" ALTER COLUMN "photo" DROP NOT NULL;ALTER TABLE "Users" ALTER COLUMN "photo" DROP DEFAULT;ALTER TABLE "Users" ALTER COLUMN "photo" TYPE VARCHAR(255);
Executing (default): SELECT i.relname AS name, ix.indisprimary AS primary, ix.indisunique AS unique, ix.indkey AS indkey, array_agg(a.attnum) as column_indexes, array_agg(a.attname) AS column_names, pg_get_indexdef(ix.indexrelid) AS definition FROM pg_class t, pg_class i, pg_index ix, pg_attribute a WHERE t.oid = ix.indrelid AND i.oid = ix.indexrelid AND a.attrelid = t.oid AND t.relkind = 'r' and t.relname = 'Users' GROUP BY i.relname, ix.indexrelid, ix.indisprimary, ix.indisunique, ix.indkey ORDER BY i.relname;
Executing (default): SELECT table_name FROM information_schema.tables WHERE table_schema = 'public' AND table_name = 'Contractors'
Executing (default): SELECT pk.constraint_type as "Constraint",c.column_name as "Field", c.column_default as "Default",c.is_nullable as "Null", (CASE WHEN c.udt_name = 'hstore' THEN c.udt_name ELSE c.data_type END) || (CASE WHEN c.character_maximum_length IS NOT NULL THEN '(' || c.character_maximum_length || ')' ELSE '' END) as "Type", (SELECT array_agg(e.enumlabel) FROM pg_catalog.pg_type t JOIN pg_catalog.pg_enum e ON t.oid=e.enumtypid WHERE t.typname=c.udt_name) AS "special", (SELECT pgd.description FROM pg_catalog.pg_statio_all_tables AS st INNER JOIN pg_catalog.pg_description pgd on (pgd.objoid=st.relid) WHERE c.ordinal_position=pgd.objsubid AND c.table_name=st.relname) AS "Comment" FROM information_schema.columns c LEFT JOIN (SELECT tc.table_schema, tc.table_name, cu.column_name, tc.constraint_type FROM information_schema.TABLE_CONSTRAINTS tc JOIN information_schema.KEY_COLUMN_USAGE  cu ON tc.table_schema=cu.table_schema and tc.table_name=cu.table_name and tc.constraint_name=cu.constraint_name and tc.constraint_type='PRIMARY KEY') pk ON pk.table_schema=c.table_schema AND pk.table_name=c.table_name AND pk.column_name=c.column_name WHERE c.table_name = 'Contractors' AND c.table_schema = 'public'
Executing (default): SELECT DISTINCT tc.constraint_name as constraint_name, tc.constraint_schema as constraint_schema, tc.constraint_catalog as constraint_catalog, tc.table_name as table_name,tc.table_schema as table_schema,tc.table_catalog as table_catalog,tc.initially_deferred as initially_deferred,tc.is_deferrable as is_deferrable,kcu.column_name as column_name,ccu.table_schema  AS referenced_table_schema,ccu.table_catalog  AS referenced_table_catalog,ccu.table_name  AS referenced_table_name,ccu.column_name AS referenced_column_name FROM information_schema.table_constraints AS tc JOIN information_schema.key_column_usage AS kcu ON tc.constraint_name = kcu.constraint_name JOIN information_schema.constraint_column_usage AS ccu ON ccu.constraint_name = tc.constraint_name WHERE constraint_type = 'FOREIGN KEY' AND tc.table_name = 'Contractors' AND tc.table_catalog = 'KURGI_KP'
Executing (default): ALTER TABLE "Contractors" ALTER COLUMN "companyName" SET NOT NULL;ALTER TABLE "Contractors" ALTER COLUMN "companyName" DROP DEFAULT;ALTER TABLE "Contractors" ALTER COLUMN "companyName" TYPE VARCHAR(255);
Executing (default): ALTER TABLE "Contractors" ALTER COLUMN "contactPerson" DROP NOT NULL;ALTER TABLE "Contractors" ALTER COLUMN "contactPerson" DROP DEFAULT;ALTER TABLE "Contractors" ALTER COLUMN "contactPerson" TYPE VARCHAR(255);
Executing (default): ALTER TABLE "Contractors" ALTER COLUMN "phone" DROP NOT NULL;ALTER TABLE "Contractors" ALTER COLUMN "phone" DROP DEFAULT;ALTER TABLE "Contractors" ALTER COLUMN "phone" TYPE VARCHAR(255);
Executing (default): ALTER TABLE "Contractors" ALTER COLUMN "email" DROP NOT NULL;ALTER TABLE "Contractors" ALTER COLUMN "email" DROP DEFAULT;ALTER TABLE "Contractors" ALTER COLUMN "email" TYPE VARCHAR(255);
Executing (default): ALTER TABLE "Contractors" ALTER COLUMN "notes" DROP NOT NULL;ALTER TABLE "Contractors" ALTER COLUMN "notes" DROP DEFAULT;ALTER TABLE "Contractors" ALTER COLUMN "notes" TYPE TEXT;
Executing (default): ALTER TABLE "Contractors" ALTER COLUMN "createdAt" SET NOT NULL;ALTER TABLE "Contractors" ALTER COLUMN "createdAt" DROP DEFAULT;ALTER TABLE "Contractors" ALTER COLUMN "createdAt" TYPE TIMESTAMP WITH TIME ZONE;
Executing (default): ALTER TABLE "Contractors" ALTER COLUMN "updatedAt" SET NOT NULL;ALTER TABLE "Contractors" ALTER COLUMN "updatedAt" DROP DEFAULT;ALTER TABLE "Contractors" ALTER COLUMN "updatedAt" TYPE TIMESTAMP WITH TIME ZONE;
Executing (default): SELECT i.relname AS name, ix.indisprimary AS primary, ix.indisunique AS unique, ix.indkey AS indkey, array_agg(a.attnum) as column_indexes, array_agg(a.attname) AS column_names, pg_get_indexdef(ix.indexrelid) AS definition FROM pg_class t, pg_class i, pg_index ix, pg_attribute a WHERE t.oid = ix.indrelid AND i.oid = ix.indexrelid AND a.attrelid = t.oid AND t.relkind = 'r' and t.relname = 'Contractors' GROUP BY i.relname, ix.indexrelid, ix.indisprimary, ix.indisunique, ix.indkey ORDER BY i.relname;
Executing (default): SELECT table_name FROM information_schema.tables WHERE table_schema = 'public' AND table_name = 'Events'
Executing (default): SELECT pk.constraint_type as "Constraint",c.column_name as "Field", c.column_default as "Default",c.is_nullable as "Null", (CASE WHEN c.udt_name = 'hstore' THEN c.udt_name ELSE c.data_type END) || (CASE WHEN c.character_maximum_length IS NOT NULL THEN '(' || c.character_maximum_length || ')' ELSE '' END) as "Type", (SELECT array_agg(e.enumlabel) FROM pg_catalog.pg_type t JOIN pg_catalog.pg_enum e ON t.oid=e.enumtypid WHERE t.typname=c.udt_name) AS "special", (SELECT pgd.description FROM pg_catalog.pg_statio_all_tables AS st INNER JOIN pg_catalog.pg_description pgd on (pgd.objoid=st.relid) WHERE c.ordinal_position=pgd.objsubid AND c.table_name=st.relname) AS "Comment" FROM information_schema.columns c LEFT JOIN (SELECT tc.table_schema, tc.table_name, cu.column_name, tc.constraint_type FROM information_schema.TABLE_CONSTRAINTS tc JOIN information_schema.KEY_COLUMN_USAGE  cu ON tc.table_schema=cu.table_schema and tc.table_name=cu.table_name and tc.constraint_name=cu.constraint_name and tc.constraint_type='PRIMARY KEY') pk ON pk.table_schema=c.table_schema AND pk.table_name=c.table_name AND pk.column_name=c.column_name WHERE c.table_name = 'Events' AND c.table_schema = 'public'
Executing (default): SELECT DISTINCT tc.constraint_name as constraint_name, tc.constraint_schema as constraint_schema, tc.constraint_catalog as constraint_catalog, tc.table_name as table_name,tc.table_schema as table_schema,tc.table_catalog as table_catalog,tc.initially_deferred as initially_deferred,tc.is_deferrable as is_deferrable,kcu.column_name as column_name,ccu.table_schema  AS referenced_table_schema,ccu.table_catalog  AS referenced_table_catalog,ccu.table_name  AS referenced_table_name,ccu.column_name AS referenced_column_name FROM information_schema.table_constraints AS tc JOIN information_schema.key_column_usage AS kcu ON tc.constraint_name = kcu.constraint_name JOIN information_schema.constraint_column_usage AS ccu ON ccu.constraint_name = tc.constraint_name WHERE constraint_type = 'FOREIGN KEY' AND tc.table_name = 'Events' AND tc.table_catalog = 'KURGI_KP'
Executing (default): ALTER TABLE "Events" ALTER COLUMN "title" SET NOT NULL;ALTER TABLE "Events" ALTER COLUMN "title" DROP DEFAULT;ALTER TABLE "Events" ALTER COLUMN "title" TYPE VARCHAR(255);
Executing (default): ALTER TABLE "Events" DROP CONSTRAINT "Events_contractorId_fkey"
Executing (default): ALTER TABLE "Events"  ADD FOREIGN KEY ("contractorId") REFERENCES "Contractors" ("id") ON DELETE SET NULL ON UPDATE CASCADE;
Executing (default): ALTER TABLE "Events" ALTER COLUMN "eventDate" DROP NOT NULL;ALTER TABLE "Events" ALTER COLUMN "eventDate" DROP DEFAULT;ALTER TABLE "Events" ALTER COLUMN "eventDate" TYPE DATE;
Executing (default): ALTER TABLE "Events" ALTER COLUMN "startTime" DROP NOT NULL;ALTER TABLE "Events" ALTER COLUMN "startTime" DROP DEFAULT;ALTER TABLE "Events" ALTER COLUMN "startTime" TYPE TIME;
Executing (default): ALTER TABLE "Events" ALTER COLUMN "endTime" DROP NOT NULL;ALTER TABLE "Events" ALTER COLUMN "endTime" DROP DEFAULT;ALTER TABLE "Events" ALTER COLUMN "endTime" TYPE TIME;
Executing (default): ALTER TABLE "Events" ALTER COLUMN "location" DROP NOT NULL;ALTER TABLE "Events" ALTER COLUMN "location" DROP DEFAULT;ALTER TABLE "Events" ALTER COLUMN "location" TYPE VARCHAR(255);
Executing (default): ALTER TABLE "Events" ALTER COLUMN "status" SET NOT NULL;ALTER TABLE "Events" ALTER COLUMN "status" SET DEFAULT 'Draft';ALTER TABLE "Events" ALTER COLUMN "status" TYPE VARCHAR(255);
Executing (default): ALTER TABLE "Events" ALTER COLUMN "notes" DROP NOT NULL;ALTER TABLE "Events" ALTER COLUMN "notes" DROP DEFAULT;ALTER TABLE "Events" ALTER COLUMN "notes" TYPE TEXT;
Executing (default): ALTER TABLE "Events" ALTER COLUMN "createdAt" SET NOT NULL;ALTER TABLE "Events" ALTER COLUMN "createdAt" DROP DEFAULT;ALTER TABLE "Events" ALTER COLUMN "createdAt" TYPE TIMESTAMP WITH TIME ZONE;
Executing (default): ALTER TABLE "Events" ALTER COLUMN "updatedAt" SET NOT NULL;ALTER TABLE "Events" ALTER COLUMN "updatedAt" DROP DEFAULT;ALTER TABLE "Events" ALTER COLUMN "updatedAt" TYPE TIMESTAMP WITH TIME ZONE;
Executing (default): ALTER TABLE "Events" ALTER COLUMN "startEvent" DROP NOT NULL;ALTER TABLE "Events" ALTER COLUMN "startEvent" DROP DEFAULT;ALTER TABLE "Events" ALTER COLUMN "startEvent" TYPE DATE;
Executing (default): ALTER TABLE "Events" ALTER COLUMN "endEvent" DROP NOT NULL;ALTER TABLE "Events" ALTER COLUMN "endEvent" DROP DEFAULT;ALTER TABLE "Events" ALTER COLUMN "endEvent" TYPE DATE;
Executing (default): ALTER TABLE "Events" ALTER COLUMN "startTimeStartEvent" DROP NOT NULL;ALTER TABLE "Events" ALTER COLUMN "startTimeStartEvent" DROP DEFAULT;ALTER TABLE "Events" ALTER COLUMN "startTimeStartEvent" TYPE TIME;
Executing (default): ALTER TABLE "Events" ALTER COLUMN "endTimeStartEvent" DROP NOT NULL;ALTER TABLE "Events" ALTER COLUMN "endTimeStartEvent" DROP DEFAULT;ALTER TABLE "Events" ALTER COLUMN "endTimeStartEvent" TYPE TIME;
Executing (default): ALTER TABLE "Events" ALTER COLUMN "startTimeEndEvent" DROP NOT NULL;ALTER TABLE "Events" ALTER COLUMN "startTimeEndEvent" DROP DEFAULT;ALTER TABLE "Events" ALTER COLUMN "startTimeEndEvent" TYPE TIME;
Executing (default): ALTER TABLE "Events" ALTER COLUMN "endTimeEndEvent" DROP NOT NULL;ALTER TABLE "Events" ALTER COLUMN "endTimeEndEvent" DROP DEFAULT;ALTER TABLE "Events" ALTER COLUMN "endTimeEndEvent" TYPE TIME;
Executing (default): ALTER TABLE "public"."Events" DROP COLUMN "countOfPerson";
Ошибка подключения к БД SequelizeDatabaseError: column "countOfPerson" of relation "Events" does not exist
[32m[nodemon] clean exit - waiting for changes before restart[39m
[32m[nodemon] restarting due to changes...[39m
[32m[nodemon] starting `node index.js`[39m
Executing (default): SELECT 1+1 AS result
Executing (default): SELECT table_name FROM information_schema.tables WHERE table_schema = 'public' AND table_name = 'Users'
Executing (default): SELECT t.typname enum_name, array_agg(e.enumlabel ORDER BY enumsortorder) enum_value FROM pg_type t JOIN pg_enum e ON t.oid = e.enumtypid JOIN pg_catalog.pg_namespace n ON n.oid = t.typnamespace WHERE n.nspname = 'public' AND t.typname='enum_Users_role' GROUP BY 1
Executing (default): SELECT pk.constraint_type as "Constraint",c.column_name as "Field", c.column_default as "Default",c.is_nullable as "Null", (CASE WHEN c.udt_name = 'hstore' THEN c.udt_name ELSE c.data_type END) || (CASE WHEN c.character_maximum_length IS NOT NULL THEN '(' || c.character_maximum_length || ')' ELSE '' END) as "Type", (SELECT array_agg(e.enumlabel) FROM pg_catalog.pg_type t JOIN pg_catalog.pg_enum e ON t.oid=e.enumtypid WHERE t.typname=c.udt_name) AS "special", (SELECT pgd.description FROM pg_catalog.pg_statio_all_tables AS st INNER JOIN pg_catalog.pg_description pgd on (pgd.objoid=st.relid) WHERE c.ordinal_position=pgd.objsubid AND c.table_name=st.relname) AS "Comment" FROM information_schema.columns c LEFT JOIN (SELECT tc.table_schema, tc.table_name, cu.column_name, tc.constraint_type FROM information_schema.TABLE_CONSTRAINTS tc JOIN information_schema.KEY_COLUMN_USAGE  cu ON tc.table_schema=cu.table_schema and tc.table_name=cu.table_name and tc.constraint_name=cu.constraint_name and tc.constraint_type='PRIMARY KEY') pk ON pk.table_schema=c.table_schema AND pk.table_name=c.table_name AND pk.column_name=c.column_name WHERE c.table_name = 'Users' AND c.table_schema = 'public'
Executing (default): SELECT DISTINCT tc.constraint_name as constraint_name, tc.constraint_schema as constraint_schema, tc.constraint_catalog as constraint_catalog, tc.table_name as table_name,tc.table_schema as table_schema,tc.table_catalog as table_catalog,tc.initially_deferred as initially_deferred,tc.is_deferrable as is_deferrable,kcu.column_name as column_name,ccu.table_schema  AS referenced_table_schema,ccu.table_catalog  AS referenced_table_catalog,ccu.table_name  AS referenced_table_name,ccu.column_name AS referenced_column_name FROM information_schema.table_constraints AS tc JOIN information_schema.key_column_usage AS kcu ON tc.constraint_name = kcu.constraint_name JOIN information_schema.constraint_column_usage AS ccu ON ccu.constraint_name = tc.constraint_name WHERE constraint_type = 'FOREIGN KEY' AND tc.table_name = 'Users' AND tc.table_catalog = 'KURGI_KP'
Executing (default): ALTER TABLE "Users" ALTER COLUMN "email" SET NOT NULL;ALTER TABLE "Users" ALTER COLUMN "email" DROP DEFAULT;ALTER TABLE "Users"  ADD UNIQUE ("email");ALTER TABLE "Users" ALTER COLUMN "email" TYPE VARCHAR(255)  ;
Executing (default): ALTER TABLE "Users" ALTER COLUMN "password" SET NOT NULL;ALTER TABLE "Users" ALTER COLUMN "password" DROP DEFAULT;ALTER TABLE "Users" ALTER COLUMN "password" TYPE VARCHAR(255);
Executing (default): ALTER TABLE "Users" ALTER COLUMN "name" SET NOT NULL;ALTER TABLE "Users" ALTER COLUMN "name" DROP DEFAULT;ALTER TABLE "Users" ALTER COLUMN "name" TYPE VARCHAR(255);
Executing (default): ALTER TABLE "Users" ALTER COLUMN "role" DROP NOT NULL;ALTER TABLE "Users" ALTER COLUMN "role" SET DEFAULT 'manager';DO 'BEGIN CREATE TYPE "public"."enum_Users_role" AS ENUM(''manager'', ''admin''); EXCEPTION WHEN duplicate_object THEN null; END';ALTER TABLE "Users" ALTER COLUMN "role" TYPE "public"."enum_Users_role" USING ("role"::"public"."enum_Users_role");
Executing (default): ALTER TABLE "Users" ALTER COLUMN "createdAt" SET NOT NULL;ALTER TABLE "Users" ALTER COLUMN "createdAt" DROP DEFAULT;ALTER TABLE "Users" ALTER COLUMN "createdAt" TYPE TIMESTAMP WITH TIME ZONE;
Executing (default): ALTER TABLE "Users" ALTER COLUMN "updatedAt" SET NOT NULL;ALTER TABLE "Users" ALTER COLUMN "updatedAt" DROP DEFAULT;ALTER TABLE "Users" ALTER COLUMN "updatedAt" TYPE TIMESTAMP WITH TIME ZONE;
Executing (default): ALTER TABLE "Users" ALTER COLUMN "job" DROP NOT NULL;ALTER TABLE "Users" ALTER COLUMN "job" DROP DEFAULT;ALTER TABLE "Users" ALTER COLUMN "job" TYPE VARCHAR(255);
Executing (default): ALTER TABLE "Users" ALTER COLUMN "tel" DROP NOT NULL;ALTER TABLE "Users" ALTER COLUMN "tel" DROP DEFAULT;ALTER TABLE "Users" ALTER COLUMN "tel" TYPE VARCHAR(255);
Executing (default): ALTER TABLE "Users" ALTER COLUMN "photo" DROP NOT NULL;ALTER TABLE "Users" ALTER COLUMN "photo" DROP DEFAULT;ALTER TABLE "Users" ALTER COLUMN "photo" TYPE VARCHAR(255);
Executing (default): SELECT i.relname AS name, ix.indisprimary AS primary, ix.indisunique AS unique, ix.indkey AS indkey, array_agg(a.attnum) as column_indexes, array_agg(a.attname) AS column_names, pg_get_indexdef(ix.indexrelid) AS definition FROM pg_class t, pg_class i, pg_index ix, pg_attribute a WHERE t.oid = ix.indrelid AND i.oid = ix.indexrelid AND a.attrelid = t.oid AND t.relkind = 'r' and t.relname = 'Users' GROUP BY i.relname, ix.indexrelid, ix.indisprimary, ix.indisunique, ix.indkey ORDER BY i.relname;
Executing (default): SELECT table_name FROM information_schema.tables WHERE table_schema = 'public' AND table_name = 'Contractors'
Executing (default): SELECT pk.constraint_type as "Constraint",c.column_name as "Field", c.column_default as "Default",c.is_nullable as "Null", (CASE WHEN c.udt_name = 'hstore' THEN c.udt_name ELSE c.data_type END) || (CASE WHEN c.character_maximum_length IS NOT NULL THEN '(' || c.character_maximum_length || ')' ELSE '' END) as "Type", (SELECT array_agg(e.enumlabel) FROM pg_catalog.pg_type t JOIN pg_catalog.pg_enum e ON t.oid=e.enumtypid WHERE t.typname=c.udt_name) AS "special", (SELECT pgd.description FROM pg_catalog.pg_statio_all_tables AS st INNER JOIN pg_catalog.pg_description pgd on (pgd.objoid=st.relid) WHERE c.ordinal_position=pgd.objsubid AND c.table_name=st.relname) AS "Comment" FROM information_schema.columns c LEFT JOIN (SELECT tc.table_schema, tc.table_name, cu.column_name, tc.constraint_type FROM information_schema.TABLE_CONSTRAINTS tc JOIN information_schema.KEY_COLUMN_USAGE  cu ON tc.table_schema=cu.table_schema and tc.table_name=cu.table_name and tc.constraint_name=cu.constraint_name and tc.constraint_type='PRIMARY KEY') pk ON pk.table_schema=c.table_schema AND pk.table_name=c.table_name AND pk.column_name=c.column_name WHERE c.table_name = 'Contractors' AND c.table_schema = 'public'
Executing (default): SELECT DISTINCT tc.constraint_name as constraint_name, tc.constraint_schema as constraint_schema, tc.constraint_catalog as constraint_catalog, tc.table_name as table_name,tc.table_schema as table_schema,tc.table_catalog as table_catalog,tc.initially_deferred as initially_deferred,tc.is_deferrable as is_deferrable,kcu.column_name as column_name,ccu.table_schema  AS referenced_table_schema,ccu.table_catalog  AS referenced_table_catalog,ccu.table_name  AS referenced_table_name,ccu.column_name AS referenced_column_name FROM information_schema.table_constraints AS tc JOIN information_schema.key_column_usage AS kcu ON tc.constraint_name = kcu.constraint_name JOIN information_schema.constraint_column_usage AS ccu ON ccu.constraint_name = tc.constraint_name WHERE constraint_type = 'FOREIGN KEY' AND tc.table_name = 'Contractors' AND tc.table_catalog = 'KURGI_KP'
Executing (default): ALTER TABLE "Contractors" ALTER COLUMN "companyName" SET NOT NULL;ALTER TABLE "Contractors" ALTER COLUMN "companyName" DROP DEFAULT;ALTER TABLE "Contractors" ALTER COLUMN "companyName" TYPE VARCHAR(255);
Executing (default): ALTER TABLE "Contractors" ALTER COLUMN "contactPerson" DROP NOT NULL;ALTER TABLE "Contractors" ALTER COLUMN "contactPerson" DROP DEFAULT;ALTER TABLE "Contractors" ALTER COLUMN "contactPerson" TYPE VARCHAR(255);
Executing (default): ALTER TABLE "Contractors" ALTER COLUMN "phone" DROP NOT NULL;ALTER TABLE "Contractors" ALTER COLUMN "phone" DROP DEFAULT;ALTER TABLE "Contractors" ALTER COLUMN "phone" TYPE VARCHAR(255);
Executing (default): ALTER TABLE "Contractors" ALTER COLUMN "email" DROP NOT NULL;ALTER TABLE "Contractors" ALTER COLUMN "email" DROP DEFAULT;ALTER TABLE "Contractors" ALTER COLUMN "email" TYPE VARCHAR(255);
Executing (default): ALTER TABLE "Contractors" ALTER COLUMN "notes" DROP NOT NULL;ALTER TABLE "Contractors" ALTER COLUMN "notes" DROP DEFAULT;ALTER TABLE "Contractors" ALTER COLUMN "notes" TYPE TEXT;
Executing (default): ALTER TABLE "Contractors" ALTER COLUMN "createdAt" SET NOT NULL;ALTER TABLE "Contractors" ALTER COLUMN "createdAt" DROP DEFAULT;ALTER TABLE "Contractors" ALTER COLUMN "createdAt" TYPE TIMESTAMP WITH TIME ZONE;
Executing (default): ALTER TABLE "Contractors" ALTER COLUMN "updatedAt" SET NOT NULL;ALTER TABLE "Contractors" ALTER COLUMN "updatedAt" DROP DEFAULT;ALTER TABLE "Contractors" ALTER COLUMN "updatedAt" TYPE TIMESTAMP WITH TIME ZONE;
Executing (default): SELECT i.relname AS name, ix.indisprimary AS primary, ix.indisunique AS unique, ix.indkey AS indkey, array_agg(a.attnum) as column_indexes, array_agg(a.attname) AS column_names, pg_get_indexdef(ix.indexrelid) AS definition FROM pg_class t, pg_class i, pg_index ix, pg_attribute a WHERE t.oid = ix.indrelid AND i.oid = ix.indexrelid AND a.attrelid = t.oid AND t.relkind = 'r' and t.relname = 'Contractors' GROUP BY i.relname, ix.indexrelid, ix.indisprimary, ix.indisunique, ix.indkey ORDER BY i.relname;
Executing (default): SELECT table_name FROM information_schema.tables WHERE table_schema = 'public' AND table_name = 'Events'
Executing (default): SELECT pk.constraint_type as "Constraint",c.column_name as "Field", c.column_default as "Default",c.is_nullable as "Null", (CASE WHEN c.udt_name = 'hstore' THEN c.udt_name ELSE c.data_type END) || (CASE WHEN c.character_maximum_length IS NOT NULL THEN '(' || c.character_maximum_length || ')' ELSE '' END) as "Type", (SELECT array_agg(e.enumlabel) FROM pg_catalog.pg_type t JOIN pg_catalog.pg_enum e ON t.oid=e.enumtypid WHERE t.typname=c.udt_name) AS "special", (SELECT pgd.description FROM pg_catalog.pg_statio_all_tables AS st INNER JOIN pg_catalog.pg_description pgd on (pgd.objoid=st.relid) WHERE c.ordinal_position=pgd.objsubid AND c.table_name=st.relname) AS "Comment" FROM information_schema.columns c LEFT JOIN (SELECT tc.table_schema, tc.table_name, cu.column_name, tc.constraint_type FROM information_schema.TABLE_CONSTRAINTS tc JOIN information_schema.KEY_COLUMN_USAGE  cu ON tc.table_schema=cu.table_schema and tc.table_name=cu.table_name and tc.constraint_name=cu.constraint_name and tc.constraint_type='PRIMARY KEY') pk ON pk.table_schema=c.table_schema AND pk.table_name=c.table_name AND pk.column_name=c.column_name WHERE c.table_name = 'Events' AND c.table_schema = 'public'
Executing (default): SELECT DISTINCT tc.constraint_name as constraint_name, tc.constraint_schema as constraint_schema, tc.constraint_catalog as constraint_catalog, tc.table_name as table_name,tc.table_schema as table_schema,tc.table_catalog as table_catalog,tc.initially_deferred as initially_deferred,tc.is_deferrable as is_deferrable,kcu.column_name as column_name,ccu.table_schema  AS referenced_table_schema,ccu.table_catalog  AS referenced_table_catalog,ccu.table_name  AS referenced_table_name,ccu.column_name AS referenced_column_name FROM information_schema.table_constraints AS tc JOIN information_schema.key_column_usage AS kcu ON tc.constraint_name = kcu.constraint_name JOIN information_schema.constraint_column_usage AS ccu ON ccu.constraint_name = tc.constraint_name WHERE constraint_type = 'FOREIGN KEY' AND tc.table_name = 'Events' AND tc.table_catalog = 'KURGI_KP'
Executing (default): ALTER TABLE "Events" ALTER COLUMN "title" SET NOT NULL;ALTER TABLE "Events" ALTER COLUMN "title" DROP DEFAULT;ALTER TABLE "Events" ALTER COLUMN "title" TYPE VARCHAR(255);
Executing (default): ALTER TABLE "Events" DROP CONSTRAINT "Events_contractorId_fkey"
Executing (default): ALTER TABLE "Events"  ADD FOREIGN KEY ("contractorId") REFERENCES "Contractors" ("id") ON DELETE SET NULL ON UPDATE CASCADE;
Executing (default): ALTER TABLE "Events" ALTER COLUMN "eventDate" DROP NOT NULL;ALTER TABLE "Events" ALTER COLUMN "eventDate" DROP DEFAULT;ALTER TABLE "Events" ALTER COLUMN "eventDate" TYPE DATE;
Executing (default): ALTER TABLE "Events" ALTER COLUMN "startTime" DROP NOT NULL;ALTER TABLE "Events" ALTER COLUMN "startTime" DROP DEFAULT;ALTER TABLE "Events" ALTER COLUMN "startTime" TYPE TIME;
Executing (default): ALTER TABLE "Events" ALTER COLUMN "endTime" DROP NOT NULL;ALTER TABLE "Events" ALTER COLUMN "endTime" DROP DEFAULT;ALTER TABLE "Events" ALTER COLUMN "endTime" TYPE TIME;
Executing (default): ALTER TABLE "Events" ALTER COLUMN "location" DROP NOT NULL;ALTER TABLE "Events" ALTER COLUMN "location" DROP DEFAULT;ALTER TABLE "Events" ALTER COLUMN "location" TYPE VARCHAR(255);
Executing (default): ALTER TABLE "Events" ALTER COLUMN "status" SET NOT NULL;ALTER TABLE "Events" ALTER COLUMN "status" SET DEFAULT 'Draft';ALTER TABLE "Events" ALTER COLUMN "status" TYPE VARCHAR(255);
Executing (default): ALTER TABLE "Events" ALTER COLUMN "notes" DROP NOT NULL;ALTER TABLE "Events" ALTER COLUMN "notes" DROP DEFAULT;ALTER TABLE "Events" ALTER COLUMN "notes" TYPE TEXT;
Executing (default): ALTER TABLE "Events" ALTER COLUMN "createdAt" SET NOT NULL;ALTER TABLE "Events" ALTER COLUMN "createdAt" DROP DEFAULT;ALTER TABLE "Events" ALTER COLUMN "createdAt" TYPE TIMESTAMP WITH TIME ZONE;
Executing (default): ALTER TABLE "Events" ALTER COLUMN "updatedAt" SET NOT NULL;ALTER TABLE "Events" ALTER COLUMN "updatedAt" DROP DEFAULT;ALTER TABLE "Events" ALTER COLUMN "updatedAt" TYPE TIMESTAMP WITH TIME ZONE;
Executing (default): ALTER TABLE "Events" ALTER COLUMN "startEvent" DROP NOT NULL;ALTER TABLE "Events" ALTER COLUMN "startEvent" DROP DEFAULT;ALTER TABLE "Events" ALTER COLUMN "startEvent" TYPE DATE;
Executing (default): ALTER TABLE "Events" ALTER COLUMN "endEvent" DROP NOT NULL;ALTER TABLE "Events" ALTER COLUMN "endEvent" DROP DEFAULT;ALTER TABLE "Events" ALTER COLUMN "endEvent" TYPE DATE;
Executing (default): ALTER TABLE "Events" ALTER COLUMN "startTimeStartEvent" DROP NOT NULL;ALTER TABLE "Events" ALTER COLUMN "startTimeStartEvent" DROP DEFAULT;ALTER TABLE "Events" ALTER COLUMN "startTimeStartEvent" TYPE TIME;
Executing (default): ALTER TABLE "Events" ALTER COLUMN "endTimeStartEvent" DROP NOT NULL;ALTER TABLE "Events" ALTER COLUMN "endTimeStartEvent" DROP DEFAULT;ALTER TABLE "Events" ALTER COLUMN "endTimeStartEvent" TYPE TIME;
Executing (default): ALTER TABLE "Events" ALTER COLUMN "startTimeEndEvent" DROP NOT NULL;ALTER TABLE "Events" ALTER COLUMN "startTimeEndEvent" DROP DEFAULT;ALTER TABLE "Events" ALTER COLUMN "startTimeEndEvent" TYPE TIME;
Executing (default): ALTER TABLE "Events" ALTER COLUMN "endTimeEndEvent" DROP NOT NULL;ALTER TABLE "Events" ALTER COLUMN "endTimeEndEvent" DROP DEFAULT;ALTER TABLE "Events" ALTER COLUMN "endTimeEndEvent" TYPE TIME;
Executing (default): SELECT i.relname AS name, ix.indisprimary AS primary, ix.indisunique AS unique, ix.indkey AS indkey, array_agg(a.attnum) as column_indexes, array_agg(a.attname) AS column_names, pg_get_indexdef(ix.indexrelid) AS definition FROM pg_class t, pg_class i, pg_index ix, pg_attribute a WHERE t.oid = ix.indrelid AND i.oid = ix.indexrelid AND a.attrelid = t.oid AND t.relkind = 'r' and t.relname = 'Events' GROUP BY i.relname, ix.indexrelid, ix.indisprimary, ix.indisunique, ix.indkey ORDER BY i.relname;
Executing (default): SELECT table_name FROM information_schema.tables WHERE table_schema = 'public' AND table_name = 'menuItems'
Executing (default): SELECT pk.constraint_type as "Constraint",c.column_name as "Field", c.column_default as "Default",c.is_nullable as "Null", (CASE WHEN c.udt_name = 'hstore' THEN c.udt_name ELSE c.data_type END) || (CASE WHEN c.character_maximum_length IS NOT NULL THEN '(' || c.character_maximum_length || ')' ELSE '' END) as "Type", (SELECT array_agg(e.enumlabel) FROM pg_catalog.pg_type t JOIN pg_catalog.pg_enum e ON t.oid=e.enumtypid WHERE t.typname=c.udt_name) AS "special", (SELECT pgd.description FROM pg_catalog.pg_statio_all_tables AS st INNER JOIN pg_catalog.pg_description pgd on (pgd.objoid=st.relid) WHERE c.ordinal_position=pgd.objsubid AND c.table_name=st.relname) AS "Comment" FROM information_schema.columns c LEFT JOIN (SELECT tc.table_schema, tc.table_name, cu.column_name, tc.constraint_type FROM information_schema.TABLE_CONSTRAINTS tc JOIN information_schema.KEY_COLUMN_USAGE  cu ON tc.table_schema=cu.table_schema and tc.table_name=cu.table_name and tc.constraint_name=cu.constraint_name and tc.constraint_type='PRIMARY KEY') pk ON pk.table_schema=c.table_schema AND pk.table_name=c.table_name AND pk.column_name=c.column_name WHERE c.table_name = 'menuItems' AND c.table_schema = 'public'
Executing (default): SELECT DISTINCT tc.constraint_name as constraint_name, tc.constraint_schema as constraint_schema, tc.constraint_catalog as constraint_catalog, tc.table_name as table_name,tc.table_schema as table_schema,tc.table_catalog as table_catalog,tc.initially_deferred as initially_deferred,tc.is_deferrable as is_deferrable,kcu.column_name as column_name,ccu.table_schema  AS referenced_table_schema,ccu.table_catalog  AS referenced_table_catalog,ccu.table_name  AS referenced_table_name,ccu.column_name AS referenced_column_name FROM information_schema.table_constraints AS tc JOIN information_schema.key_column_usage AS kcu ON tc.constraint_name = kcu.constraint_name JOIN information_schema.constraint_column_usage AS ccu ON ccu.constraint_name = tc.constraint_name WHERE constraint_type = 'FOREIGN KEY' AND tc.table_name = 'menuItems' AND tc.table_catalog = 'KURGI_KP'
Executing (default): ALTER TABLE "menuItems" ALTER COLUMN "title" SET NOT NULL;ALTER TABLE "menuItems" ALTER COLUMN "title" DROP DEFAULT;ALTER TABLE "menuItems" ALTER COLUMN "title" TYPE VARCHAR(255);
Executing (default): ALTER TABLE "menuItems" ALTER COLUMN "description" DROP NOT NULL;ALTER TABLE "menuItems" ALTER COLUMN "description" DROP DEFAULT;ALTER TABLE "menuItems" ALTER COLUMN "description" TYPE TEXT;
Executing (default): ALTER TABLE "menuItems" ALTER COLUMN "category" DROP NOT NULL;ALTER TABLE "menuItems" ALTER COLUMN "category" DROP DEFAULT;ALTER TABLE "menuItems" ALTER COLUMN "category" TYPE VARCHAR(255);
Executing (default): ALTER TABLE "menuItems" ALTER COLUMN "weight" DROP NOT NULL;ALTER TABLE "menuItems" ALTER COLUMN "weight" DROP DEFAULT;ALTER TABLE "menuItems" ALTER COLUMN "weight" TYPE INTEGER;
Executing (default): ALTER TABLE "menuItems" ALTER COLUMN "price" DROP NOT NULL;ALTER TABLE "menuItems" ALTER COLUMN "price" DROP DEFAULT;ALTER TABLE "menuItems" ALTER COLUMN "price" TYPE INTEGER;
Executing (default): ALTER TABLE "menuItems" ALTER COLUMN "active" DROP NOT NULL;ALTER TABLE "menuItems" ALTER COLUMN "active" SET DEFAULT true;ALTER TABLE "menuItems" ALTER COLUMN "active" TYPE BOOLEAN;
Executing (default): ALTER TABLE "menuItems" ALTER COLUMN "createdAt" SET NOT NULL;ALTER TABLE "menuItems" ALTER COLUMN "createdAt" DROP DEFAULT;ALTER TABLE "menuItems" ALTER COLUMN "createdAt" TYPE TIMESTAMP WITH TIME ZONE;
Executing (default): ALTER TABLE "menuItems" ALTER COLUMN "updatedAt" SET NOT NULL;ALTER TABLE "menuItems" ALTER COLUMN "updatedAt" DROP DEFAULT;ALTER TABLE "menuItems" ALTER COLUMN "updatedAt" TYPE TIMESTAMP WITH TIME ZONE;
Executing (default): SELECT i.relname AS name, ix.indisprimary AS primary, ix.indisunique AS unique, ix.indkey AS indkey, array_agg(a.attnum) as column_indexes, array_agg(a.attname) AS column_names, pg_get_indexdef(ix.indexrelid) AS definition FROM pg_class t, pg_class i, pg_index ix, pg_attribute a WHERE t.oid = ix.indrelid AND i.oid = ix.indexrelid AND a.attrelid = t.oid AND t.relkind = 'r' and t.relname = 'menuItems' GROUP BY i.relname, ix.indexrelid, ix.indisprimary, ix.indisunique, ix.indkey ORDER BY i.relname;
Executing (default): SELECT table_name FROM information_schema.tables WHERE table_schema = 'public' AND table_name = 'kps'
Executing (default): SELECT pk.constraint_type as "Constraint",c.column_name as "Field", c.column_default as "Default",c.is_nullable as "Null", (CASE WHEN c.udt_name = 'hstore' THEN c.udt_name ELSE c.data_type END) || (CASE WHEN c.character_maximum_length IS NOT NULL THEN '(' || c.character_maximum_length || ')' ELSE '' END) as "Type", (SELECT array_agg(e.enumlabel) FROM pg_catalog.pg_type t JOIN pg_catalog.pg_enum e ON t.oid=e.enumtypid WHERE t.typname=c.udt_name) AS "special", (SELECT pgd.description FROM pg_catalog.pg_statio_all_tables AS st INNER JOIN pg_catalog.pg_description pgd on (pgd.objoid=st.relid) WHERE c.ordinal_position=pgd.objsubid AND c.table_name=st.relname) AS "Comment" FROM information_schema.columns c LEFT JOIN (SELECT tc.table_schema, tc.table_name, cu.column_name, tc.constraint_type FROM information_schema.TABLE_CONSTRAINTS tc JOIN information_schema.KEY_COLUMN_USAGE  cu ON tc.table_schema=cu.table_schema and tc.table_name=cu.table_name and tc.constraint_name=cu.constraint_name and tc.constraint_type='PRIMARY KEY') pk ON pk.table_schema=c.table_schema AND pk.table_name=c.table_name AND pk.column_name=c.column_name WHERE c.table_name = 'kps' AND c.table_schema = 'public'
Executing (default): SELECT DISTINCT tc.constraint_name as constraint_name, tc.constraint_schema as constraint_schema, tc.constraint_catalog as constraint_catalog, tc.table_name as table_name,tc.table_schema as table_schema,tc.table_catalog as table_catalog,tc.initially_deferred as initially_deferred,tc.is_deferrable as is_deferrable,kcu.column_name as column_name,ccu.table_schema  AS referenced_table_schema,ccu.table_catalog  AS referenced_table_catalog,ccu.table_name  AS referenced_table_name,ccu.column_name AS referenced_column_name FROM information_schema.table_constraints AS tc JOIN information_schema.key_column_usage AS kcu ON tc.constraint_name = kcu.constraint_name JOIN information_schema.constraint_column_usage AS ccu ON ccu.constraint_name = tc.constraint_name WHERE constraint_type = 'FOREIGN KEY' AND tc.table_name = 'kps' AND tc.table_catalog = 'KURGI_KP'
Executing (default): ALTER TABLE "kps" ALTER COLUMN "kpNumber" DROP NOT NULL;ALTER TABLE "kps" ALTER COLUMN "kpNumber" DROP DEFAULT;ALTER TABLE "kps"  ADD UNIQUE ("kpNumber");ALTER TABLE "kps" ALTER COLUMN "kpNumber" TYPE VARCHAR(255) ;
Executing (default): ALTER TABLE "kps" ALTER COLUMN "kpDate" DROP NOT NULL;ALTER TABLE "kps" ALTER COLUMN "kpDate" DROP DEFAULT;ALTER TABLE "kps" ALTER COLUMN "kpDate" TYPE DATE;
Executing (default): ALTER TABLE "kps" ALTER COLUMN "contractNumber" DROP NOT NULL;ALTER TABLE "kps" ALTER COLUMN "contractNumber" DROP DEFAULT;ALTER TABLE "kps" ALTER COLUMN "contractNumber" TYPE VARCHAR(255);
Executing (default): ALTER TABLE "kps" ALTER COLUMN "contractDate" DROP NOT NULL;ALTER TABLE "kps" ALTER COLUMN "contractDate" DROP DEFAULT;ALTER TABLE "kps" ALTER COLUMN "contractDate" TYPE DATE;
Executing (default): ALTER TABLE "kps" ALTER COLUMN "startEvent" DROP NOT NULL;ALTER TABLE "kps" ALTER COLUMN "startEvent" DROP DEFAULT;ALTER TABLE "kps" ALTER COLUMN "startEvent" TYPE DATE;
Executing (default): ALTER TABLE "kps" ALTER COLUMN "endEvent" DROP NOT NULL;ALTER TABLE "kps" ALTER COLUMN "endEvent" DROP DEFAULT;ALTER TABLE "kps" ALTER COLUMN "endEvent" TYPE DATE;
Executing (default): ALTER TABLE "kps" ALTER COLUMN "eventPlace" DROP NOT NULL;ALTER TABLE "kps" ALTER COLUMN "eventPlace" DROP DEFAULT;ALTER TABLE "kps" ALTER COLUMN "eventPlace" TYPE VARCHAR(255);
Executing (default): ALTER TABLE "kps" ALTER COLUMN "countOfPerson" DROP NOT NULL;ALTER TABLE "kps" ALTER COLUMN "countOfPerson" DROP DEFAULT;ALTER TABLE "kps" ALTER COLUMN "countOfPerson" TYPE VARCHAR(255);
Executing (default): ALTER TABLE "kps" ALTER COLUMN "isWithinMkad" DROP NOT NULL;ALTER TABLE "kps" ALTER COLUMN "isWithinMkad" SET DEFAULT true;ALTER TABLE "kps" ALTER COLUMN "isWithinMkad" TYPE BOOLEAN;
Executing (default): ALTER TABLE "kps" ALTER COLUMN "logisticsCost" DROP NOT NULL;ALTER TABLE "kps" ALTER COLUMN "logisticsCost" DROP DEFAULT;ALTER TABLE "kps" ALTER COLUMN "logisticsCost" TYPE INTEGER;
Executing (default): ALTER TABLE "kps" ALTER COLUMN "listTitle" DROP NOT NULL;ALTER TABLE "kps" ALTER COLUMN "listTitle" DROP DEFAULT;ALTER TABLE "kps" ALTER COLUMN "listTitle" TYPE VARCHAR(255);
Executing (default): ALTER TABLE "kps" ALTER COLUMN "managerName" SET NOT NULL;ALTER TABLE "kps" ALTER COLUMN "managerName" DROP DEFAULT;ALTER TABLE "kps" ALTER COLUMN "managerName" TYPE VARCHAR(255);
Executing (default): ALTER TABLE "kps" ALTER COLUMN "createdAt" SET NOT NULL;ALTER TABLE "kps" ALTER COLUMN "createdAt" DROP DEFAULT;ALTER TABLE "kps" ALTER COLUMN "createdAt" TYPE TIMESTAMP WITH TIME ZONE;
Executing (default): ALTER TABLE "kps" ALTER COLUMN "updatedAt" SET NOT NULL;ALTER TABLE "kps" ALTER COLUMN "updatedAt" DROP DEFAULT;ALTER TABLE "kps" ALTER COLUMN "updatedAt" TYPE TIMESTAMP WITH TIME ZONE;
Executing (default): ALTER TABLE "kps" DROP CONSTRAINT "kps_managerId_fkey"
Executing (default): ALTER TABLE "kps"  ADD FOREIGN KEY ("managerId") REFERENCES "Users" ("id") ON DELETE SET NULL ON UPDATE CASCADE;
Executing (default): ALTER TABLE "kps" DROP CONSTRAINT "kps_contractorId_fkey"
Executing (default): ALTER TABLE "kps"  ADD FOREIGN KEY ("contractorId") REFERENCES "Contractors" ("id") ON DELETE SET NULL ON UPDATE CASCADE;
Executing (default): ALTER TABLE "kps" DROP CONSTRAINT "kps_eventId_fkey"
Executing (default): ALTER TABLE "kps"  ADD FOREIGN KEY ("eventId") REFERENCES "Events" ("id") ON DELETE SET NULL ON UPDATE CASCADE;
Executing (default): ALTER TABLE "kps" ALTER COLUMN "status" DROP NOT NULL;ALTER TABLE "kps" ALTER COLUMN "status" SET DEFAULT 'draft';ALTER TABLE "kps" ALTER COLUMN "status" TYPE VARCHAR(255);
Executing (default): ALTER TABLE "kps" ALTER COLUMN "totalAmount" DROP NOT NULL;ALTER TABLE "kps" ALTER COLUMN "totalAmount" DROP DEFAULT;ALTER TABLE "kps" ALTER COLUMN "totalAmount" TYPE INTEGER;
Executing (default): SELECT i.relname AS name, ix.indisprimary AS primary, ix.indisunique AS unique, ix.indkey AS indkey, array_agg(a.attnum) as column_indexes, array_agg(a.attname) AS column_names, pg_get_indexdef(ix.indexrelid) AS definition FROM pg_class t, pg_class i, pg_index ix, pg_attribute a WHERE t.oid = ix.indrelid AND i.oid = ix.indexrelid AND a.attrelid = t.oid AND t.relkind = 'r' and t.relname = 'kps' GROUP BY i.relname, ix.indexrelid, ix.indisprimary, ix.indisunique, ix.indkey ORDER BY i.relname;
Executing (default): SELECT table_name FROM information_schema.tables WHERE table_schema = 'public' AND table_name = 'lists'
Executing (default): SELECT pk.constraint_type as "Constraint",c.column_name as "Field", c.column_default as "Default",c.is_nullable as "Null", (CASE WHEN c.udt_name = 'hstore' THEN c.udt_name ELSE c.data_type END) || (CASE WHEN c.character_maximum_length IS NOT NULL THEN '(' || c.character_maximum_length || ')' ELSE '' END) as "Type", (SELECT array_agg(e.enumlabel) FROM pg_catalog.pg_type t JOIN pg_catalog.pg_enum e ON t.oid=e.enumtypid WHERE t.typname=c.udt_name) AS "special", (SELECT pgd.description FROM pg_catalog.pg_statio_all_tables AS st INNER JOIN pg_catalog.pg_description pgd on (pgd.objoid=st.relid) WHERE c.ordinal_position=pgd.objsubid AND c.table_name=st.relname) AS "Comment" FROM information_schema.columns c LEFT JOIN (SELECT tc.table_schema, tc.table_name, cu.column_name, tc.constraint_type FROM information_schema.TABLE_CONSTRAINTS tc JOIN information_schema.KEY_COLUMN_USAGE  cu ON tc.table_schema=cu.table_schema and tc.table_name=cu.table_name and tc.constraint_name=cu.constraint_name and tc.constraint_type='PRIMARY KEY') pk ON pk.table_schema=c.table_schema AND pk.table_name=c.table_name AND pk.column_name=c.column_name WHERE c.table_name = 'lists' AND c.table_schema = 'public'
Executing (default): SELECT DISTINCT tc.constraint_name as constraint_name, tc.constraint_schema as constraint_schema, tc.constraint_catalog as constraint_catalog, tc.table_name as table_name,tc.table_schema as table_schema,tc.table_catalog as table_catalog,tc.initially_deferred as initially_deferred,tc.is_deferrable as is_deferrable,kcu.column_name as column_name,ccu.table_schema  AS referenced_table_schema,ccu.table_catalog  AS referenced_table_catalog,ccu.table_name  AS referenced_table_name,ccu.column_name AS referenced_column_name FROM information_schema.table_constraints AS tc JOIN information_schema.key_column_usage AS kcu ON tc.constraint_name = kcu.constraint_name JOIN information_schema.constraint_column_usage AS ccu ON ccu.constraint_name = tc.constraint_name WHERE constraint_type = 'FOREIGN KEY' AND tc.table_name = 'lists' AND tc.table_catalog = 'KURGI_KP'
Executing (default): ALTER TABLE "lists" ALTER COLUMN "startEvent" SET NOT NULL;ALTER TABLE "lists" ALTER COLUMN "startEvent" DROP DEFAULT;ALTER TABLE "lists" ALTER COLUMN "startEvent" TYPE DATE;
Executing (default): ALTER TABLE "lists" ALTER COLUMN "endEvent" SET NOT NULL;ALTER TABLE "lists" ALTER COLUMN "endEvent" DROP DEFAULT;ALTER TABLE "lists" ALTER COLUMN "endEvent" TYPE DATE;
Executing (default): ALTER TABLE "lists" ALTER COLUMN "startTimeStartEvent" SET NOT NULL;ALTER TABLE "lists" ALTER COLUMN "startTimeStartEvent" DROP DEFAULT;ALTER TABLE "lists" ALTER COLUMN "startTimeStartEvent" TYPE TIME;
Executing (default): ALTER TABLE "lists" ALTER COLUMN "endTimeStartEvent" SET NOT NULL;ALTER TABLE "lists" ALTER COLUMN "endTimeStartEvent" DROP DEFAULT;ALTER TABLE "lists" ALTER COLUMN "endTimeStartEvent" TYPE TIME;
Executing (default): ALTER TABLE "lists" ALTER COLUMN "startTimeEndEvent" SET NOT NULL;ALTER TABLE "lists" ALTER COLUMN "startTimeEndEvent" DROP DEFAULT;ALTER TABLE "lists" ALTER COLUMN "startTimeEndEvent" TYPE TIME;
Executing (default): ALTER TABLE "lists" ALTER COLUMN "endTimeEndEvent" SET NOT NULL;ALTER TABLE "lists" ALTER COLUMN "endTimeEndEvent" DROP DEFAULT;ALTER TABLE "lists" ALTER COLUMN "endTimeEndEvent" TYPE TIME;
Executing (default): ALTER TABLE "lists" ALTER COLUMN "eventPlace" SET NOT NULL;ALTER TABLE "lists" ALTER COLUMN "eventPlace" DROP DEFAULT;ALTER TABLE "lists" ALTER COLUMN "eventPlace" TYPE VARCHAR(255);
Executing (default): ALTER TABLE "lists" ALTER COLUMN "countOfPerson" SET NOT NULL;ALTER TABLE "lists" ALTER COLUMN "countOfPerson" DROP DEFAULT;ALTER TABLE "lists" ALTER COLUMN "countOfPerson" TYPE VARCHAR(255);
Executing (default): ALTER TABLE "lists" ALTER COLUMN "listTitle" DROP NOT NULL;ALTER TABLE "lists" ALTER COLUMN "listTitle" DROP DEFAULT;ALTER TABLE "lists" ALTER COLUMN "listTitle" TYPE VARCHAR(255);
Executing (default): ALTER TABLE "lists" ALTER COLUMN "createdAt" SET NOT NULL;ALTER TABLE "lists" ALTER COLUMN "createdAt" DROP DEFAULT;ALTER TABLE "lists" ALTER COLUMN "createdAt" TYPE TIMESTAMP WITH TIME ZONE;
Executing (default): ALTER TABLE "lists" ALTER COLUMN "updatedAt" SET NOT NULL;ALTER TABLE "lists" ALTER COLUMN "updatedAt" DROP DEFAULT;ALTER TABLE "lists" ALTER COLUMN "updatedAt" TYPE TIMESTAMP WITH TIME ZONE;
Executing (default): ALTER TABLE "lists" DROP CONSTRAINT "lists_kpId_fkey"
Executing (default): ALTER TABLE "lists"  ADD FOREIGN KEY ("kpId") REFERENCES "kps" ("id") ON DELETE SET NULL ON UPDATE CASCADE;
Executing (default): SELECT i.relname AS name, ix.indisprimary AS primary, ix.indisunique AS unique, ix.indkey AS indkey, array_agg(a.attnum) as column_indexes, array_agg(a.attname) AS column_names, pg_get_indexdef(ix.indexrelid) AS definition FROM pg_class t, pg_class i, pg_index ix, pg_attribute a WHERE t.oid = ix.indrelid AND i.oid = ix.indexrelid AND a.attrelid = t.oid AND t.relkind = 'r' and t.relname = 'lists' GROUP BY i.relname, ix.indexrelid, ix.indisprimary, ix.indisunique, ix.indkey ORDER BY i.relname;
Executing (default): SELECT table_name FROM information_schema.tables WHERE table_schema = 'public' AND table_name = 'rows'
Executing (default): SELECT pk.constraint_type as "Constraint",c.column_name as "Field", c.column_default as "Default",c.is_nullable as "Null", (CASE WHEN c.udt_name = 'hstore' THEN c.udt_name ELSE c.data_type END) || (CASE WHEN c.character_maximum_length IS NOT NULL THEN '(' || c.character_maximum_length || ')' ELSE '' END) as "Type", (SELECT array_agg(e.enumlabel) FROM pg_catalog.pg_type t JOIN pg_catalog.pg_enum e ON t.oid=e.enumtypid WHERE t.typname=c.udt_name) AS "special", (SELECT pgd.description FROM pg_catalog.pg_statio_all_tables AS st INNER JOIN pg_catalog.pg_description pgd on (pgd.objoid=st.relid) WHERE c.ordinal_position=pgd.objsubid AND c.table_name=st.relname) AS "Comment" FROM information_schema.columns c LEFT JOIN (SELECT tc.table_schema, tc.table_name, cu.column_name, tc.constraint_type FROM information_schema.TABLE_CONSTRAINTS tc JOIN information_schema.KEY_COLUMN_USAGE  cu ON tc.table_schema=cu.table_schema and tc.table_name=cu.table_name and tc.constraint_name=cu.constraint_name and tc.constraint_type='PRIMARY KEY') pk ON pk.table_schema=c.table_schema AND pk.table_name=c.table_name AND pk.column_name=c.column_name WHERE c.table_name = 'rows' AND c.table_schema = 'public'
Executing (default): SELECT DISTINCT tc.constraint_name as constraint_name, tc.constraint_schema as constraint_schema, tc.constraint_catalog as constraint_catalog, tc.table_name as table_name,tc.table_schema as table_schema,tc.table_catalog as table_catalog,tc.initially_deferred as initially_deferred,tc.is_deferrable as is_deferrable,kcu.column_name as column_name,ccu.table_schema  AS referenced_table_schema,ccu.table_catalog  AS referenced_table_catalog,ccu.table_name  AS referenced_table_name,ccu.column_name AS referenced_column_name FROM information_schema.table_constraints AS tc JOIN information_schema.key_column_usage AS kcu ON tc.constraint_name = kcu.constraint_name JOIN information_schema.constraint_column_usage AS ccu ON ccu.constraint_name = tc.constraint_name WHERE constraint_type = 'FOREIGN KEY' AND tc.table_name = 'rows' AND tc.table_catalog = 'KURGI_KP'
Executing (default): ALTER TABLE "rows" ALTER COLUMN "product" SET NOT NULL;ALTER TABLE "rows" ALTER COLUMN "product" DROP DEFAULT;ALTER TABLE "rows" ALTER COLUMN "product" TYPE VARCHAR(255);
Executing (default): ALTER TABLE "rows" ALTER COLUMN "composition" DROP NOT NULL;ALTER TABLE "rows" ALTER COLUMN "composition" DROP DEFAULT;ALTER TABLE "rows" ALTER COLUMN "composition" TYPE VARCHAR(255);
Executing (default): ALTER TABLE "rows" ALTER COLUMN "productWeight" DROP NOT NULL;ALTER TABLE "rows" ALTER COLUMN "productWeight" DROP DEFAULT;ALTER TABLE "rows" ALTER COLUMN "productWeight" TYPE INTEGER;
Executing (default): ALTER TABLE "rows" ALTER COLUMN "countOfProduct" SET NOT NULL;ALTER TABLE "rows" ALTER COLUMN "countOfProduct" DROP DEFAULT;ALTER TABLE "rows" ALTER COLUMN "countOfProduct" TYPE INTEGER;
Executing (default): ALTER TABLE "rows" ALTER COLUMN "priceOfProduct" SET NOT NULL;ALTER TABLE "rows" ALTER COLUMN "priceOfProduct" DROP DEFAULT;ALTER TABLE "rows" ALTER COLUMN "priceOfProduct" TYPE INTEGER;
Executing (default): ALTER TABLE "rows" ALTER COLUMN "createdAt" SET NOT NULL;ALTER TABLE "rows" ALTER COLUMN "createdAt" DROP DEFAULT;ALTER TABLE "rows" ALTER COLUMN "createdAt" TYPE TIMESTAMP WITH TIME ZONE;
Executing (default): ALTER TABLE "rows" ALTER COLUMN "updatedAt" SET NOT NULL;ALTER TABLE "rows" ALTER COLUMN "updatedAt" DROP DEFAULT;ALTER TABLE "rows" ALTER COLUMN "updatedAt" TYPE TIMESTAMP WITH TIME ZONE;
Executing (default): ALTER TABLE "rows" DROP CONSTRAINT "rows_listId_fkey"
Executing (default): ALTER TABLE "rows"  ADD FOREIGN KEY ("listId") REFERENCES "lists" ("id") ON DELETE SET NULL ON UPDATE CASCADE;
Executing (default): ALTER TABLE "rows" ALTER COLUMN "typeOfProduct" DROP NOT NULL;ALTER TABLE "rows" ALTER COLUMN "typeOfProduct" DROP DEFAULT;ALTER TABLE "rows" ALTER COLUMN "typeOfProduct" TYPE VARCHAR(255);
Executing (default): ALTER TABLE "rows" ALTER COLUMN "order" SET NOT NULL;ALTER TABLE "rows" ALTER COLUMN "order" SET DEFAULT 0;ALTER TABLE "rows" ALTER COLUMN "order" TYPE INTEGER;
Executing (default): SELECT i.relname AS name, ix.indisprimary AS primary, ix.indisunique AS unique, ix.indkey AS indkey, array_agg(a.attnum) as column_indexes, array_agg(a.attname) AS column_names, pg_get_indexdef(ix.indexrelid) AS definition FROM pg_class t, pg_class i, pg_index ix, pg_attribute a WHERE t.oid = ix.indrelid AND i.oid = ix.indexrelid AND a.attrelid = t.oid AND t.relkind = 'r' and t.relname = 'rows' GROUP BY i.relname, ix.indexrelid, ix.indisprimary, ix.indisunique, ix.indkey ORDER BY i.relname;
server started on port 3000
[32m[nodemon] restarting due to changes...[39m
[32m[nodemon] starting `node index.js`[39m
Executing (default): SELECT 1+1 AS result
Executing (default): SELECT table_name FROM information_schema.tables WHERE table_schema = 'public' AND table_name = 'Users'
Executing (default): SELECT t.typname enum_name, array_agg(e.enumlabel ORDER BY enumsortorder) enum_value FROM pg_type t JOIN pg_enum e ON t.oid = e.enumtypid JOIN pg_catalog.pg_namespace n ON n.oid = t.typnamespace WHERE n.nspname = 'public' AND t.typname='enum_Users_role' GROUP BY 1
Executing (default): SELECT pk.constraint_type as "Constraint",c.column_name as "Field", c.column_default as "Default",c.is_nullable as "Null", (CASE WHEN c.udt_name = 'hstore' THEN c.udt_name ELSE c.data_type END) || (CASE WHEN c.character_maximum_length IS NOT NULL THEN '(' || c.character_maximum_length || ')' ELSE '' END) as "Type", (SELECT array_agg(e.enumlabel) FROM pg_catalog.pg_type t JOIN pg_catalog.pg_enum e ON t.oid=e.enumtypid WHERE t.typname=c.udt_name) AS "special", (SELECT pgd.description FROM pg_catalog.pg_statio_all_tables AS st INNER JOIN pg_catalog.pg_description pgd on (pgd.objoid=st.relid) WHERE c.ordinal_position=pgd.objsubid AND c.table_name=st.relname) AS "Comment" FROM information_schema.columns c LEFT JOIN (SELECT tc.table_schema, tc.table_name, cu.column_name, tc.constraint_type FROM information_schema.TABLE_CONSTRAINTS tc JOIN information_schema.KEY_COLUMN_USAGE  cu ON tc.table_schema=cu.table_schema and tc.table_name=cu.table_name and tc.constraint_name=cu.constraint_name and tc.constraint_type='PRIMARY KEY') pk ON pk.table_schema=c.table_schema AND pk.table_name=c.table_name AND pk.column_name=c.column_name WHERE c.table_name = 'Users' AND c.table_schema = 'public'
Executing (default): SELECT DISTINCT tc.constraint_name as constraint_name, tc.constraint_schema as constraint_schema, tc.constraint_catalog as constraint_catalog, tc.table_name as table_name,tc.table_schema as table_schema,tc.table_catalog as table_catalog,tc.initially_deferred as initially_deferred,tc.is_deferrable as is_deferrable,kcu.column_name as column_name,ccu.table_schema  AS referenced_table_schema,ccu.table_catalog  AS referenced_table_catalog,ccu.table_name  AS referenced_table_name,ccu.column_name AS referenced_column_name FROM information_schema.table_constraints AS tc JOIN information_schema.key_column_usage AS kcu ON tc.constraint_name = kcu.constraint_name JOIN information_schema.constraint_column_usage AS ccu ON ccu.constraint_name = tc.constraint_name WHERE constraint_type = 'FOREIGN KEY' AND tc.table_name = 'Users' AND tc.table_catalog = 'KURGI_KP'
Executing (default): ALTER TABLE "Users" ALTER COLUMN "email" SET NOT NULL;ALTER TABLE "Users" ALTER COLUMN "email" DROP DEFAULT;ALTER TABLE "Users"  ADD UNIQUE ("email");ALTER TABLE "Users" ALTER COLUMN "email" TYPE VARCHAR(255)  ;
Executing (default): ALTER TABLE "Users" ALTER COLUMN "password" SET NOT NULL;ALTER TABLE "Users" ALTER COLUMN "password" DROP DEFAULT;ALTER TABLE "Users" ALTER COLUMN "password" TYPE VARCHAR(255);
Executing (default): ALTER TABLE "Users" ALTER COLUMN "name" SET NOT NULL;ALTER TABLE "Users" ALTER COLUMN "name" DROP DEFAULT;ALTER TABLE "Users" ALTER COLUMN "name" TYPE VARCHAR(255);
Executing (default): ALTER TABLE "Users" ALTER COLUMN "role" DROP NOT NULL;ALTER TABLE "Users" ALTER COLUMN "role" SET DEFAULT 'manager';DO 'BEGIN CREATE TYPE "public"."enum_Users_role" AS ENUM(''manager'', ''admin''); EXCEPTION WHEN duplicate_object THEN null; END';ALTER TABLE "Users" ALTER COLUMN "role" TYPE "public"."enum_Users_role" USING ("role"::"public"."enum_Users_role");
Executing (default): ALTER TABLE "Users" ALTER COLUMN "createdAt" SET NOT NULL;ALTER TABLE "Users" ALTER COLUMN "createdAt" DROP DEFAULT;ALTER TABLE "Users" ALTER COLUMN "createdAt" TYPE TIMESTAMP WITH TIME ZONE;
Executing (default): ALTER TABLE "Users" ALTER COLUMN "updatedAt" SET NOT NULL;ALTER TABLE "Users" ALTER COLUMN "updatedAt" DROP DEFAULT;ALTER TABLE "Users" ALTER COLUMN "updatedAt" TYPE TIMESTAMP WITH TIME ZONE;
Executing (default): ALTER TABLE "Users" ALTER COLUMN "job" DROP NOT NULL;ALTER TABLE "Users" ALTER COLUMN "job" DROP DEFAULT;ALTER TABLE "Users" ALTER COLUMN "job" TYPE VARCHAR(255);
Executing (default): ALTER TABLE "Users" ALTER COLUMN "tel" DROP NOT NULL;ALTER TABLE "Users" ALTER COLUMN "tel" DROP DEFAULT;ALTER TABLE "Users" ALTER COLUMN "tel" TYPE VARCHAR(255);
Executing (default): ALTER TABLE "Users" ALTER COLUMN "photo" DROP NOT NULL;ALTER TABLE "Users" ALTER COLUMN "photo" DROP DEFAULT;ALTER TABLE "Users" ALTER COLUMN "photo" TYPE VARCHAR(255);
Executing (default): SELECT i.relname AS name, ix.indisprimary AS primary, ix.indisunique AS unique, ix.indkey AS indkey, array_agg(a.attnum) as column_indexes, array_agg(a.attname) AS column_names, pg_get_indexdef(ix.indexrelid) AS definition FROM pg_class t, pg_class i, pg_index ix, pg_attribute a WHERE t.oid = ix.indrelid AND i.oid = ix.indexrelid AND a.attrelid = t.oid AND t.relkind = 'r' and t.relname = 'Users' GROUP BY i.relname, ix.indexrelid, ix.indisprimary, ix.indisunique, ix.indkey ORDER BY i.relname;
Executing (default): SELECT table_name FROM information_schema.tables WHERE table_schema = 'public' AND table_name = 'Contractors'
Executing (default): SELECT pk.constraint_type as "Constraint",c.column_name as "Field", c.column_default as "Default",c.is_nullable as "Null", (CASE WHEN c.udt_name = 'hstore' THEN c.udt_name ELSE c.data_type END) || (CASE WHEN c.character_maximum_length IS NOT NULL THEN '(' || c.character_maximum_length || ')' ELSE '' END) as "Type", (SELECT array_agg(e.enumlabel) FROM pg_catalog.pg_type t JOIN pg_catalog.pg_enum e ON t.oid=e.enumtypid WHERE t.typname=c.udt_name) AS "special", (SELECT pgd.description FROM pg_catalog.pg_statio_all_tables AS st INNER JOIN pg_catalog.pg_description pgd on (pgd.objoid=st.relid) WHERE c.ordinal_position=pgd.objsubid AND c.table_name=st.relname) AS "Comment" FROM information_schema.columns c LEFT JOIN (SELECT tc.table_schema, tc.table_name, cu.column_name, tc.constraint_type FROM information_schema.TABLE_CONSTRAINTS tc JOIN information_schema.KEY_COLUMN_USAGE  cu ON tc.table_schema=cu.table_schema and tc.table_name=cu.table_name and tc.constraint_name=cu.constraint_name and tc.constraint_type='PRIMARY KEY') pk ON pk.table_schema=c.table_schema AND pk.table_name=c.table_name AND pk.column_name=c.column_name WHERE c.table_name = 'Contractors' AND c.table_schema = 'public'
Executing (default): SELECT DISTINCT tc.constraint_name as constraint_name, tc.constraint_schema as constraint_schema, tc.constraint_catalog as constraint_catalog, tc.table_name as table_name,tc.table_schema as table_schema,tc.table_catalog as table_catalog,tc.initially_deferred as initially_deferred,tc.is_deferrable as is_deferrable,kcu.column_name as column_name,ccu.table_schema  AS referenced_table_schema,ccu.table_catalog  AS referenced_table_catalog,ccu.table_name  AS referenced_table_name,ccu.column_name AS referenced_column_name FROM information_schema.table_constraints AS tc JOIN information_schema.key_column_usage AS kcu ON tc.constraint_name = kcu.constraint_name JOIN information_schema.constraint_column_usage AS ccu ON ccu.constraint_name = tc.constraint_name WHERE constraint_type = 'FOREIGN KEY' AND tc.table_name = 'Contractors' AND tc.table_catalog = 'KURGI_KP'
Executing (default): ALTER TABLE "Contractors" ALTER COLUMN "companyName" SET NOT NULL;ALTER TABLE "Contractors" ALTER COLUMN "companyName" DROP DEFAULT;ALTER TABLE "Contractors" ALTER COLUMN "companyName" TYPE VARCHAR(255);
Executing (default): ALTER TABLE "Contractors" ALTER COLUMN "contactPerson" DROP NOT NULL;ALTER TABLE "Contractors" ALTER COLUMN "contactPerson" DROP DEFAULT;ALTER TABLE "Contractors" ALTER COLUMN "contactPerson" TYPE VARCHAR(255);
Executing (default): ALTER TABLE "Contractors" ALTER COLUMN "phone" DROP NOT NULL;ALTER TABLE "Contractors" ALTER COLUMN "phone" DROP DEFAULT;ALTER TABLE "Contractors" ALTER COLUMN "phone" TYPE VARCHAR(255);
Executing (default): ALTER TABLE "Contractors" ALTER COLUMN "email" DROP NOT NULL;ALTER TABLE "Contractors" ALTER COLUMN "email" DROP DEFAULT;ALTER TABLE "Contractors" ALTER COLUMN "email" TYPE VARCHAR(255);
Executing (default): ALTER TABLE "Contractors" ALTER COLUMN "notes" DROP NOT NULL;ALTER TABLE "Contractors" ALTER COLUMN "notes" DROP DEFAULT;ALTER TABLE "Contractors" ALTER COLUMN "notes" TYPE TEXT;
Executing (default): ALTER TABLE "Contractors" ALTER COLUMN "createdAt" SET NOT NULL;ALTER TABLE "Contractors" ALTER COLUMN "createdAt" DROP DEFAULT;ALTER TABLE "Contractors" ALTER COLUMN "createdAt" TYPE TIMESTAMP WITH TIME ZONE;
Executing (default): ALTER TABLE "Contractors" ALTER COLUMN "updatedAt" SET NOT NULL;ALTER TABLE "Contractors" ALTER COLUMN "updatedAt" DROP DEFAULT;ALTER TABLE "Contractors" ALTER COLUMN "updatedAt" TYPE TIMESTAMP WITH TIME ZONE;
Executing (default): SELECT i.relname AS name, ix.indisprimary AS primary, ix.indisunique AS unique, ix.indkey AS indkey, array_agg(a.attnum) as column_indexes, array_agg(a.attname) AS column_names, pg_get_indexdef(ix.indexrelid) AS definition FROM pg_class t, pg_class i, pg_index ix, pg_attribute a WHERE t.oid = ix.indrelid AND i.oid = ix.indexrelid AND a.attrelid = t.oid AND t.relkind = 'r' and t.relname = 'Contractors' GROUP BY i.relname, ix.indexrelid, ix.indisprimary, ix.indisunique, ix.indkey ORDER BY i.relname;
Executing (default): SELECT table_name FROM information_schema.tables WHERE table_schema = 'public' AND table_name = 'Events'
Executing (default): SELECT pk.constraint_type as "Constraint",c.column_name as "Field", c.column_default as "Default",c.is_nullable as "Null", (CASE WHEN c.udt_name = 'hstore' THEN c.udt_name ELSE c.data_type END) || (CASE WHEN c.character_maximum_length IS NOT NULL THEN '(' || c.character_maximum_length || ')' ELSE '' END) as "Type", (SELECT array_agg(e.enumlabel) FROM pg_catalog.pg_type t JOIN pg_catalog.pg_enum e ON t.oid=e.enumtypid WHERE t.typname=c.udt_name) AS "special", (SELECT pgd.description FROM pg_catalog.pg_statio_all_tables AS st INNER JOIN pg_catalog.pg_description pgd on (pgd.objoid=st.relid) WHERE c.ordinal_position=pgd.objsubid AND c.table_name=st.relname) AS "Comment" FROM information_schema.columns c LEFT JOIN (SELECT tc.table_schema, tc.table_name, cu.column_name, tc.constraint_type FROM information_schema.TABLE_CONSTRAINTS tc JOIN information_schema.KEY_COLUMN_USAGE  cu ON tc.table_schema=cu.table_schema and tc.table_name=cu.table_name and tc.constraint_name=cu.constraint_name and tc.constraint_type='PRIMARY KEY') pk ON pk.table_schema=c.table_schema AND pk.table_name=c.table_name AND pk.column_name=c.column_name WHERE c.table_name = 'Events' AND c.table_schema = 'public'
Executing (default): SELECT DISTINCT tc.constraint_name as constraint_name, tc.constraint_schema as constraint_schema, tc.constraint_catalog as constraint_catalog, tc.table_name as table_name,tc.table_schema as table_schema,tc.table_catalog as table_catalog,tc.initially_deferred as initially_deferred,tc.is_deferrable as is_deferrable,kcu.column_name as column_name,ccu.table_schema  AS referenced_table_schema,ccu.table_catalog  AS referenced_table_catalog,ccu.table_name  AS referenced_table_name,ccu.column_name AS referenced_column_name FROM information_schema.table_constraints AS tc JOIN information_schema.key_column_usage AS kcu ON tc.constraint_name = kcu.constraint_name JOIN information_schema.constraint_column_usage AS ccu ON ccu.constraint_name = tc.constraint_name WHERE constraint_type = 'FOREIGN KEY' AND tc.table_name = 'Events' AND tc.table_catalog = 'KURGI_KP'
Executing (default): ALTER TABLE "Events" ALTER COLUMN "title" SET NOT NULL;ALTER TABLE "Events" ALTER COLUMN "title" DROP DEFAULT;ALTER TABLE "Events" ALTER COLUMN "title" TYPE VARCHAR(255);
Executing (default): ALTER TABLE "Events" DROP CONSTRAINT "Events_contractorId_fkey"
Executing (default): ALTER TABLE "Events"  ADD FOREIGN KEY ("contractorId") REFERENCES "Contractors" ("id") ON DELETE SET NULL ON UPDATE CASCADE;
Executing (default): ALTER TABLE "Events" ALTER COLUMN "eventDate" DROP NOT NULL;ALTER TABLE "Events" ALTER COLUMN "eventDate" DROP DEFAULT;ALTER TABLE "Events" ALTER COLUMN "eventDate" TYPE DATE;
Executing (default): ALTER TABLE "Events" ALTER COLUMN "startTime" DROP NOT NULL;ALTER TABLE "Events" ALTER COLUMN "startTime" DROP DEFAULT;ALTER TABLE "Events" ALTER COLUMN "startTime" TYPE TIME;
Executing (default): ALTER TABLE "Events" ALTER COLUMN "endTime" DROP NOT NULL;ALTER TABLE "Events" ALTER COLUMN "endTime" DROP DEFAULT;ALTER TABLE "Events" ALTER COLUMN "endTime" TYPE TIME;
Executing (default): ALTER TABLE "Events" ALTER COLUMN "location" DROP NOT NULL;ALTER TABLE "Events" ALTER COLUMN "location" DROP DEFAULT;ALTER TABLE "Events" ALTER COLUMN "location" TYPE VARCHAR(255);
Executing (default): ALTER TABLE "Events" ALTER COLUMN "status" SET NOT NULL;ALTER TABLE "Events" ALTER COLUMN "status" SET DEFAULT 'Draft';ALTER TABLE "Events" ALTER COLUMN "status" TYPE VARCHAR(255);
Executing (default): ALTER TABLE "Events" ALTER COLUMN "notes" DROP NOT NULL;ALTER TABLE "Events" ALTER COLUMN "notes" DROP DEFAULT;ALTER TABLE "Events" ALTER COLUMN "notes" TYPE TEXT;
Executing (default): ALTER TABLE "Events" ALTER COLUMN "createdAt" SET NOT NULL;ALTER TABLE "Events" ALTER COLUMN "createdAt" DROP DEFAULT;ALTER TABLE "Events" ALTER COLUMN "createdAt" TYPE TIMESTAMP WITH TIME ZONE;
Executing (default): ALTER TABLE "Events" ALTER COLUMN "updatedAt" SET NOT NULL;ALTER TABLE "Events" ALTER COLUMN "updatedAt" DROP DEFAULT;ALTER TABLE "Events" ALTER COLUMN "updatedAt" TYPE TIMESTAMP WITH TIME ZONE;
Executing (default): ALTER TABLE "Events" ALTER COLUMN "startEvent" DROP NOT NULL;ALTER TABLE "Events" ALTER COLUMN "startEvent" DROP DEFAULT;ALTER TABLE "Events" ALTER COLUMN "startEvent" TYPE DATE;
Executing (default): ALTER TABLE "Events" ALTER COLUMN "endEvent" DROP NOT NULL;ALTER TABLE "Events" ALTER COLUMN "endEvent" DROP DEFAULT;ALTER TABLE "Events" ALTER COLUMN "endEvent" TYPE DATE;
Executing (default): ALTER TABLE "Events" ALTER COLUMN "startTimeStartEvent" DROP NOT NULL;ALTER TABLE "Events" ALTER COLUMN "startTimeStartEvent" DROP DEFAULT;ALTER TABLE "Events" ALTER COLUMN "startTimeStartEvent" TYPE TIME;
Executing (default): ALTER TABLE "Events" ALTER COLUMN "endTimeStartEvent" DROP NOT NULL;ALTER TABLE "Events" ALTER COLUMN "endTimeStartEvent" DROP DEFAULT;ALTER TABLE "Events" ALTER COLUMN "endTimeStartEvent" TYPE TIME;
Executing (default): ALTER TABLE "Events" ALTER COLUMN "startTimeEndEvent" DROP NOT NULL;ALTER TABLE "Events" ALTER COLUMN "startTimeEndEvent" DROP DEFAULT;ALTER TABLE "Events" ALTER COLUMN "startTimeEndEvent" TYPE TIME;
Executing (default): ALTER TABLE "Events" ALTER COLUMN "endTimeEndEvent" DROP NOT NULL;ALTER TABLE "Events" ALTER COLUMN "endTimeEndEvent" DROP DEFAULT;ALTER TABLE "Events" ALTER COLUMN "endTimeEndEvent" TYPE TIME;
Executing (default): SELECT i.relname AS name, ix.indisprimary AS primary, ix.indisunique AS unique, ix.indkey AS indkey, array_agg(a.attnum) as column_indexes, array_agg(a.attname) AS column_names, pg_get_indexdef(ix.indexrelid) AS definition FROM pg_class t, pg_class i, pg_index ix, pg_attribute a WHERE t.oid = ix.indrelid AND i.oid = ix.indexrelid AND a.attrelid = t.oid AND t.relkind = 'r' and t.relname = 'Events' GROUP BY i.relname, ix.indexrelid, ix.indisprimary, ix.indisunique, ix.indkey ORDER BY i.relname;
Executing (default): SELECT table_name FROM information_schema.tables WHERE table_schema = 'public' AND table_name = 'menuItems'
Executing (default): SELECT pk.constraint_type as "Constraint",c.column_name as "Field", c.column_default as "Default",c.is_nullable as "Null", (CASE WHEN c.udt_name = 'hstore' THEN c.udt_name ELSE c.data_type END) || (CASE WHEN c.character_maximum_length IS NOT NULL THEN '(' || c.character_maximum_length || ')' ELSE '' END) as "Type", (SELECT array_agg(e.enumlabel) FROM pg_catalog.pg_type t JOIN pg_catalog.pg_enum e ON t.oid=e.enumtypid WHERE t.typname=c.udt_name) AS "special", (SELECT pgd.description FROM pg_catalog.pg_statio_all_tables AS st INNER JOIN pg_catalog.pg_description pgd on (pgd.objoid=st.relid) WHERE c.ordinal_position=pgd.objsubid AND c.table_name=st.relname) AS "Comment" FROM information_schema.columns c LEFT JOIN (SELECT tc.table_schema, tc.table_name, cu.column_name, tc.constraint_type FROM information_schema.TABLE_CONSTRAINTS tc JOIN information_schema.KEY_COLUMN_USAGE  cu ON tc.table_schema=cu.table_schema and tc.table_name=cu.table_name and tc.constraint_name=cu.constraint_name and tc.constraint_type='PRIMARY KEY') pk ON pk.table_schema=c.table_schema AND pk.table_name=c.table_name AND pk.column_name=c.column_name WHERE c.table_name = 'menuItems' AND c.table_schema = 'public'
Executing (default): SELECT DISTINCT tc.constraint_name as constraint_name, tc.constraint_schema as constraint_schema, tc.constraint_catalog as constraint_catalog, tc.table_name as table_name,tc.table_schema as table_schema,tc.table_catalog as table_catalog,tc.initially_deferred as initially_deferred,tc.is_deferrable as is_deferrable,kcu.column_name as column_name,ccu.table_schema  AS referenced_table_schema,ccu.table_catalog  AS referenced_table_catalog,ccu.table_name  AS referenced_table_name,ccu.column_name AS referenced_column_name FROM information_schema.table_constraints AS tc JOIN information_schema.key_column_usage AS kcu ON tc.constraint_name = kcu.constraint_name JOIN information_schema.constraint_column_usage AS ccu ON ccu.constraint_name = tc.constraint_name WHERE constraint_type = 'FOREIGN KEY' AND tc.table_name = 'menuItems' AND tc.table_catalog = 'KURGI_KP'
Executing (default): ALTER TABLE "menuItems" ALTER COLUMN "title" SET NOT NULL;ALTER TABLE "menuItems" ALTER COLUMN "title" DROP DEFAULT;ALTER TABLE "menuItems" ALTER COLUMN "title" TYPE VARCHAR(255);
Executing (default): ALTER TABLE "menuItems" ALTER COLUMN "description" DROP NOT NULL;ALTER TABLE "menuItems" ALTER COLUMN "description" DROP DEFAULT;ALTER TABLE "menuItems" ALTER COLUMN "description" TYPE TEXT;
Executing (default): ALTER TABLE "menuItems" ALTER COLUMN "category" DROP NOT NULL;ALTER TABLE "menuItems" ALTER COLUMN "category" DROP DEFAULT;ALTER TABLE "menuItems" ALTER COLUMN "category" TYPE VARCHAR(255);
Executing (default): ALTER TABLE "menuItems" ALTER COLUMN "weight" DROP NOT NULL;ALTER TABLE "menuItems" ALTER COLUMN "weight" DROP DEFAULT;ALTER TABLE "menuItems" ALTER COLUMN "weight" TYPE INTEGER;
Executing (default): ALTER TABLE "menuItems" ALTER COLUMN "price" DROP NOT NULL;ALTER TABLE "menuItems" ALTER COLUMN "price" DROP DEFAULT;ALTER TABLE "menuItems" ALTER COLUMN "price" TYPE INTEGER;
Executing (default): ALTER TABLE "menuItems" ALTER COLUMN "active" DROP NOT NULL;ALTER TABLE "menuItems" ALTER COLUMN "active" SET DEFAULT true;ALTER TABLE "menuItems" ALTER COLUMN "active" TYPE BOOLEAN;
Executing (default): ALTER TABLE "menuItems" ALTER COLUMN "createdAt" SET NOT NULL;ALTER TABLE "menuItems" ALTER COLUMN "createdAt" DROP DEFAULT;ALTER TABLE "menuItems" ALTER COLUMN "createdAt" TYPE TIMESTAMP WITH TIME ZONE;
Executing (default): ALTER TABLE "menuItems" ALTER COLUMN "updatedAt" SET NOT NULL;ALTER TABLE "menuItems" ALTER COLUMN "updatedAt" DROP DEFAULT;ALTER TABLE "menuItems" ALTER COLUMN "updatedAt" TYPE TIMESTAMP WITH TIME ZONE;
Executing (default): SELECT i.relname AS name, ix.indisprimary AS primary, ix.indisunique AS unique, ix.indkey AS indkey, array_agg(a.attnum) as column_indexes, array_agg(a.attname) AS column_names, pg_get_indexdef(ix.indexrelid) AS definition FROM pg_class t, pg_class i, pg_index ix, pg_attribute a WHERE t.oid = ix.indrelid AND i.oid = ix.indexrelid AND a.attrelid = t.oid AND t.relkind = 'r' and t.relname = 'menuItems' GROUP BY i.relname, ix.indexrelid, ix.indisprimary, ix.indisunique, ix.indkey ORDER BY i.relname;
Executing (default): SELECT table_name FROM information_schema.tables WHERE table_schema = 'public' AND table_name = 'kps'
Executing (default): SELECT pk.constraint_type as "Constraint",c.column_name as "Field", c.column_default as "Default",c.is_nullable as "Null", (CASE WHEN c.udt_name = 'hstore' THEN c.udt_name ELSE c.data_type END) || (CASE WHEN c.character_maximum_length IS NOT NULL THEN '(' || c.character_maximum_length || ')' ELSE '' END) as "Type", (SELECT array_agg(e.enumlabel) FROM pg_catalog.pg_type t JOIN pg_catalog.pg_enum e ON t.oid=e.enumtypid WHERE t.typname=c.udt_name) AS "special", (SELECT pgd.description FROM pg_catalog.pg_statio_all_tables AS st INNER JOIN pg_catalog.pg_description pgd on (pgd.objoid=st.relid) WHERE c.ordinal_position=pgd.objsubid AND c.table_name=st.relname) AS "Comment" FROM information_schema.columns c LEFT JOIN (SELECT tc.table_schema, tc.table_name, cu.column_name, tc.constraint_type FROM information_schema.TABLE_CONSTRAINTS tc JOIN information_schema.KEY_COLUMN_USAGE  cu ON tc.table_schema=cu.table_schema and tc.table_name=cu.table_name and tc.constraint_name=cu.constraint_name and tc.constraint_type='PRIMARY KEY') pk ON pk.table_schema=c.table_schema AND pk.table_name=c.table_name AND pk.column_name=c.column_name WHERE c.table_name = 'kps' AND c.table_schema = 'public'
Executing (default): SELECT DISTINCT tc.constraint_name as constraint_name, tc.constraint_schema as constraint_schema, tc.constraint_catalog as constraint_catalog, tc.table_name as table_name,tc.table_schema as table_schema,tc.table_catalog as table_catalog,tc.initially_deferred as initially_deferred,tc.is_deferrable as is_deferrable,kcu.column_name as column_name,ccu.table_schema  AS referenced_table_schema,ccu.table_catalog  AS referenced_table_catalog,ccu.table_name  AS referenced_table_name,ccu.column_name AS referenced_column_name FROM information_schema.table_constraints AS tc JOIN information_schema.key_column_usage AS kcu ON tc.constraint_name = kcu.constraint_name JOIN information_schema.constraint_column_usage AS ccu ON ccu.constraint_name = tc.constraint_name WHERE constraint_type = 'FOREIGN KEY' AND tc.table_name = 'kps' AND tc.table_catalog = 'KURGI_KP'
Executing (default): ALTER TABLE "kps" ALTER COLUMN "kpNumber" DROP NOT NULL;ALTER TABLE "kps" ALTER COLUMN "kpNumber" DROP DEFAULT;ALTER TABLE "kps"  ADD UNIQUE ("kpNumber");ALTER TABLE "kps" ALTER COLUMN "kpNumber" TYPE VARCHAR(255) ;
Executing (default): ALTER TABLE "kps" ALTER COLUMN "kpDate" DROP NOT NULL;ALTER TABLE "kps" ALTER COLUMN "kpDate" DROP DEFAULT;ALTER TABLE "kps" ALTER COLUMN "kpDate" TYPE DATE;
Executing (default): ALTER TABLE "kps" ALTER COLUMN "contractNumber" DROP NOT NULL;ALTER TABLE "kps" ALTER COLUMN "contractNumber" DROP DEFAULT;ALTER TABLE "kps" ALTER COLUMN "contractNumber" TYPE VARCHAR(255);
Executing (default): ALTER TABLE "kps" ALTER COLUMN "contractDate" DROP NOT NULL;ALTER TABLE "kps" ALTER COLUMN "contractDate" DROP DEFAULT;ALTER TABLE "kps" ALTER COLUMN "contractDate" TYPE DATE;
Executing (default): ALTER TABLE "kps" ALTER COLUMN "startEvent" DROP NOT NULL;ALTER TABLE "kps" ALTER COLUMN "startEvent" DROP DEFAULT;ALTER TABLE "kps" ALTER COLUMN "startEvent" TYPE DATE;
Executing (default): ALTER TABLE "kps" ALTER COLUMN "endEvent" DROP NOT NULL;ALTER TABLE "kps" ALTER COLUMN "endEvent" DROP DEFAULT;ALTER TABLE "kps" ALTER COLUMN "endEvent" TYPE DATE;
Executing (default): ALTER TABLE "kps" ALTER COLUMN "eventPlace" DROP NOT NULL;ALTER TABLE "kps" ALTER COLUMN "eventPlace" DROP DEFAULT;ALTER TABLE "kps" ALTER COLUMN "eventPlace" TYPE VARCHAR(255);
Executing (default): ALTER TABLE "kps" ALTER COLUMN "countOfPerson" DROP NOT NULL;ALTER TABLE "kps" ALTER COLUMN "countOfPerson" DROP DEFAULT;ALTER TABLE "kps" ALTER COLUMN "countOfPerson" TYPE VARCHAR(255);
Executing (default): ALTER TABLE "kps" ALTER COLUMN "isWithinMkad" DROP NOT NULL;ALTER TABLE "kps" ALTER COLUMN "isWithinMkad" SET DEFAULT true;ALTER TABLE "kps" ALTER COLUMN "isWithinMkad" TYPE BOOLEAN;
Executing (default): ALTER TABLE "kps" ALTER COLUMN "logisticsCost" DROP NOT NULL;ALTER TABLE "kps" ALTER COLUMN "logisticsCost" DROP DEFAULT;ALTER TABLE "kps" ALTER COLUMN "logisticsCost" TYPE INTEGER;
Executing (default): ALTER TABLE "kps" ALTER COLUMN "listTitle" DROP NOT NULL;ALTER TABLE "kps" ALTER COLUMN "listTitle" DROP DEFAULT;ALTER TABLE "kps" ALTER COLUMN "listTitle" TYPE VARCHAR(255);
Executing (default): ALTER TABLE "kps" ALTER COLUMN "managerName" SET NOT NULL;ALTER TABLE "kps" ALTER COLUMN "managerName" DROP DEFAULT;ALTER TABLE "kps" ALTER COLUMN "managerName" TYPE VARCHAR(255);
Executing (default): ALTER TABLE "kps" ALTER COLUMN "createdAt" SET NOT NULL;ALTER TABLE "kps" ALTER COLUMN "createdAt" DROP DEFAULT;ALTER TABLE "kps" ALTER COLUMN "createdAt" TYPE TIMESTAMP WITH TIME ZONE;
Executing (default): ALTER TABLE "kps" ALTER COLUMN "updatedAt" SET NOT NULL;ALTER TABLE "kps" ALTER COLUMN "updatedAt" DROP DEFAULT;ALTER TABLE "kps" ALTER COLUMN "updatedAt" TYPE TIMESTAMP WITH TIME ZONE;
Executing (default): ALTER TABLE "kps" DROP CONSTRAINT "kps_managerId_fkey"
Executing (default): ALTER TABLE "kps"  ADD FOREIGN KEY ("managerId") REFERENCES "Users" ("id") ON DELETE SET NULL ON UPDATE CASCADE;
Executing (default): ALTER TABLE "kps" DROP CONSTRAINT "kps_contractorId_fkey"
Executing (default): ALTER TABLE "kps"  ADD FOREIGN KEY ("contractorId") REFERENCES "Contractors" ("id") ON DELETE SET NULL ON UPDATE CASCADE;
Executing (default): ALTER TABLE "kps" DROP CONSTRAINT "kps_eventId_fkey"
Executing (default): ALTER TABLE "kps"  ADD FOREIGN KEY ("eventId") REFERENCES "Events" ("id") ON DELETE SET NULL ON UPDATE CASCADE;
Executing (default): ALTER TABLE "kps" ALTER COLUMN "status" DROP NOT NULL;ALTER TABLE "kps" ALTER COLUMN "status" SET DEFAULT 'draft';ALTER TABLE "kps" ALTER COLUMN "status" TYPE VARCHAR(255);
Executing (default): ALTER TABLE "kps" ALTER COLUMN "totalAmount" DROP NOT NULL;ALTER TABLE "kps" ALTER COLUMN "totalAmount" DROP DEFAULT;ALTER TABLE "kps" ALTER COLUMN "totalAmount" TYPE INTEGER;
Executing (default): SELECT i.relname AS name, ix.indisprimary AS primary, ix.indisunique AS unique, ix.indkey AS indkey, array_agg(a.attnum) as column_indexes, array_agg(a.attname) AS column_names, pg_get_indexdef(ix.indexrelid) AS definition FROM pg_class t, pg_class i, pg_index ix, pg_attribute a WHERE t.oid = ix.indrelid AND i.oid = ix.indexrelid AND a.attrelid = t.oid AND t.relkind = 'r' and t.relname = 'kps' GROUP BY i.relname, ix.indexrelid, ix.indisprimary, ix.indisunique, ix.indkey ORDER BY i.relname;
Executing (default): SELECT table_name FROM information_schema.tables WHERE table_schema = 'public' AND table_name = 'lists'
Executing (default): SELECT pk.constraint_type as "Constraint",c.column_name as "Field", c.column_default as "Default",c.is_nullable as "Null", (CASE WHEN c.udt_name = 'hstore' THEN c.udt_name ELSE c.data_type END) || (CASE WHEN c.character_maximum_length IS NOT NULL THEN '(' || c.character_maximum_length || ')' ELSE '' END) as "Type", (SELECT array_agg(e.enumlabel) FROM pg_catalog.pg_type t JOIN pg_catalog.pg_enum e ON t.oid=e.enumtypid WHERE t.typname=c.udt_name) AS "special", (SELECT pgd.description FROM pg_catalog.pg_statio_all_tables AS st INNER JOIN pg_catalog.pg_description pgd on (pgd.objoid=st.relid) WHERE c.ordinal_position=pgd.objsubid AND c.table_name=st.relname) AS "Comment" FROM information_schema.columns c LEFT JOIN (SELECT tc.table_schema, tc.table_name, cu.column_name, tc.constraint_type FROM information_schema.TABLE_CONSTRAINTS tc JOIN information_schema.KEY_COLUMN_USAGE  cu ON tc.table_schema=cu.table_schema and tc.table_name=cu.table_name and tc.constraint_name=cu.constraint_name and tc.constraint_type='PRIMARY KEY') pk ON pk.table_schema=c.table_schema AND pk.table_name=c.table_name AND pk.column_name=c.column_name WHERE c.table_name = 'lists' AND c.table_schema = 'public'
Executing (default): SELECT DISTINCT tc.constraint_name as constraint_name, tc.constraint_schema as constraint_schema, tc.constraint_catalog as constraint_catalog, tc.table_name as table_name,tc.table_schema as table_schema,tc.table_catalog as table_catalog,tc.initially_deferred as initially_deferred,tc.is_deferrable as is_deferrable,kcu.column_name as column_name,ccu.table_schema  AS referenced_table_schema,ccu.table_catalog  AS referenced_table_catalog,ccu.table_name  AS referenced_table_name,ccu.column_name AS referenced_column_name FROM information_schema.table_constraints AS tc JOIN information_schema.key_column_usage AS kcu ON tc.constraint_name = kcu.constraint_name JOIN information_schema.constraint_column_usage AS ccu ON ccu.constraint_name = tc.constraint_name WHERE constraint_type = 'FOREIGN KEY' AND tc.table_name = 'lists' AND tc.table_catalog = 'KURGI_KP'
Executing (default): ALTER TABLE "lists" ALTER COLUMN "startEvent" SET NOT NULL;ALTER TABLE "lists" ALTER COLUMN "startEvent" DROP DEFAULT;ALTER TABLE "lists" ALTER COLUMN "startEvent" TYPE DATE;
Executing (default): ALTER TABLE "lists" ALTER COLUMN "endEvent" SET NOT NULL;ALTER TABLE "lists" ALTER COLUMN "endEvent" DROP DEFAULT;ALTER TABLE "lists" ALTER COLUMN "endEvent" TYPE DATE;
Executing (default): ALTER TABLE "lists" ALTER COLUMN "startTimeStartEvent" SET NOT NULL;ALTER TABLE "lists" ALTER COLUMN "startTimeStartEvent" DROP DEFAULT;ALTER TABLE "lists" ALTER COLUMN "startTimeStartEvent" TYPE TIME;
Executing (default): ALTER TABLE "lists" ALTER COLUMN "endTimeStartEvent" SET NOT NULL;ALTER TABLE "lists" ALTER COLUMN "endTimeStartEvent" DROP DEFAULT;ALTER TABLE "lists" ALTER COLUMN "endTimeStartEvent" TYPE TIME;
Executing (default): ALTER TABLE "lists" ALTER COLUMN "startTimeEndEvent" SET NOT NULL;ALTER TABLE "lists" ALTER COLUMN "startTimeEndEvent" DROP DEFAULT;ALTER TABLE "lists" ALTER COLUMN "startTimeEndEvent" TYPE TIME;
Executing (default): ALTER TABLE "lists" ALTER COLUMN "endTimeEndEvent" SET NOT NULL;ALTER TABLE "lists" ALTER COLUMN "endTimeEndEvent" DROP DEFAULT;ALTER TABLE "lists" ALTER COLUMN "endTimeEndEvent" TYPE TIME;
Executing (default): ALTER TABLE "lists" ALTER COLUMN "eventPlace" SET NOT NULL;ALTER TABLE "lists" ALTER COLUMN "eventPlace" DROP DEFAULT;ALTER TABLE "lists" ALTER COLUMN "eventPlace" TYPE VARCHAR(255);
Executing (default): ALTER TABLE "lists" ALTER COLUMN "countOfPerson" SET NOT NULL;ALTER TABLE "lists" ALTER COLUMN "countOfPerson" DROP DEFAULT;ALTER TABLE "lists" ALTER COLUMN "countOfPerson" TYPE VARCHAR(255);
Executing (default): ALTER TABLE "lists" ALTER COLUMN "listTitle" DROP NOT NULL;ALTER TABLE "lists" ALTER COLUMN "listTitle" DROP DEFAULT;ALTER TABLE "lists" ALTER COLUMN "listTitle" TYPE VARCHAR(255);
Executing (default): ALTER TABLE "lists" ALTER COLUMN "createdAt" SET NOT NULL;ALTER TABLE "lists" ALTER COLUMN "createdAt" DROP DEFAULT;ALTER TABLE "lists" ALTER COLUMN "createdAt" TYPE TIMESTAMP WITH TIME ZONE;
Executing (default): ALTER TABLE "lists" ALTER COLUMN "updatedAt" SET NOT NULL;ALTER TABLE "lists" ALTER COLUMN "updatedAt" DROP DEFAULT;ALTER TABLE "lists" ALTER COLUMN "updatedAt" TYPE TIMESTAMP WITH TIME ZONE;
Executing (default): ALTER TABLE "lists" DROP CONSTRAINT "lists_kpId_fkey"
Executing (default): ALTER TABLE "lists"  ADD FOREIGN KEY ("kpId") REFERENCES "kps" ("id") ON DELETE SET NULL ON UPDATE CASCADE;
Executing (default): SELECT i.relname AS name, ix.indisprimary AS primary, ix.indisunique AS unique, ix.indkey AS indkey, array_agg(a.attnum) as column_indexes, array_agg(a.attname) AS column_names, pg_get_indexdef(ix.indexrelid) AS definition FROM pg_class t, pg_class i, pg_index ix, pg_attribute a WHERE t.oid = ix.indrelid AND i.oid = ix.indexrelid AND a.attrelid = t.oid AND t.relkind = 'r' and t.relname = 'lists' GROUP BY i.relname, ix.indexrelid, ix.indisprimary, ix.indisunique, ix.indkey ORDER BY i.relname;
Executing (default): SELECT table_name FROM information_schema.tables WHERE table_schema = 'public' AND table_name = 'rows'
Executing (default): SELECT pk.constraint_type as "Constraint",c.column_name as "Field", c.column_default as "Default",c.is_nullable as "Null", (CASE WHEN c.udt_name = 'hstore' THEN c.udt_name ELSE c.data_type END) || (CASE WHEN c.character_maximum_length IS NOT NULL THEN '(' || c.character_maximum_length || ')' ELSE '' END) as "Type", (SELECT array_agg(e.enumlabel) FROM pg_catalog.pg_type t JOIN pg_catalog.pg_enum e ON t.oid=e.enumtypid WHERE t.typname=c.udt_name) AS "special", (SELECT pgd.description FROM pg_catalog.pg_statio_all_tables AS st INNER JOIN pg_catalog.pg_description pgd on (pgd.objoid=st.relid) WHERE c.ordinal_position=pgd.objsubid AND c.table_name=st.relname) AS "Comment" FROM information_schema.columns c LEFT JOIN (SELECT tc.table_schema, tc.table_name, cu.column_name, tc.constraint_type FROM information_schema.TABLE_CONSTRAINTS tc JOIN information_schema.KEY_COLUMN_USAGE  cu ON tc.table_schema=cu.table_schema and tc.table_name=cu.table_name and tc.constraint_name=cu.constraint_name and tc.constraint_type='PRIMARY KEY') pk ON pk.table_schema=c.table_schema AND pk.table_name=c.table_name AND pk.column_name=c.column_name WHERE c.table_name = 'rows' AND c.table_schema = 'public'
Executing (default): SELECT DISTINCT tc.constraint_name as constraint_name, tc.constraint_schema as constraint_schema, tc.constraint_catalog as constraint_catalog, tc.table_name as table_name,tc.table_schema as table_schema,tc.table_catalog as table_catalog,tc.initially_deferred as initially_deferred,tc.is_deferrable as is_deferrable,kcu.column_name as column_name,ccu.table_schema  AS referenced_table_schema,ccu.table_catalog  AS referenced_table_catalog,ccu.table_name  AS referenced_table_name,ccu.column_name AS referenced_column_name FROM information_schema.table_constraints AS tc JOIN information_schema.key_column_usage AS kcu ON tc.constraint_name = kcu.constraint_name JOIN information_schema.constraint_column_usage AS ccu ON ccu.constraint_name = tc.constraint_name WHERE constraint_type = 'FOREIGN KEY' AND tc.table_name = 'rows' AND tc.table_catalog = 'KURGI_KP'
Executing (default): ALTER TABLE "rows" ALTER COLUMN "product" SET NOT NULL;ALTER TABLE "rows" ALTER COLUMN "product" DROP DEFAULT;ALTER TABLE "rows" ALTER COLUMN "product" TYPE VARCHAR(255);
Executing (default): ALTER TABLE "rows" ALTER COLUMN "composition" DROP NOT NULL;ALTER TABLE "rows" ALTER COLUMN "composition" DROP DEFAULT;ALTER TABLE "rows" ALTER COLUMN "composition" TYPE VARCHAR(255);
Executing (default): ALTER TABLE "rows" ALTER COLUMN "productWeight" DROP NOT NULL;ALTER TABLE "rows" ALTER COLUMN "productWeight" DROP DEFAULT;ALTER TABLE "rows" ALTER COLUMN "productWeight" TYPE INTEGER;
Executing (default): ALTER TABLE "rows" ALTER COLUMN "countOfProduct" SET NOT NULL;ALTER TABLE "rows" ALTER COLUMN "countOfProduct" DROP DEFAULT;ALTER TABLE "rows" ALTER COLUMN "countOfProduct" TYPE INTEGER;
Executing (default): ALTER TABLE "rows" ALTER COLUMN "priceOfProduct" SET NOT NULL;ALTER TABLE "rows" ALTER COLUMN "priceOfProduct" DROP DEFAULT;ALTER TABLE "rows" ALTER COLUMN "priceOfProduct" TYPE INTEGER;
Executing (default): ALTER TABLE "rows" ALTER COLUMN "createdAt" SET NOT NULL;ALTER TABLE "rows" ALTER COLUMN "createdAt" DROP DEFAULT;ALTER TABLE "rows" ALTER COLUMN "createdAt" TYPE TIMESTAMP WITH TIME ZONE;
Executing (default): ALTER TABLE "rows" ALTER COLUMN "updatedAt" SET NOT NULL;ALTER TABLE "rows" ALTER COLUMN "updatedAt" DROP DEFAULT;ALTER TABLE "rows" ALTER COLUMN "updatedAt" TYPE TIMESTAMP WITH TIME ZONE;
Executing (default): ALTER TABLE "rows" DROP CONSTRAINT "rows_listId_fkey"
Executing (default): ALTER TABLE "rows"  ADD FOREIGN KEY ("listId") REFERENCES "lists" ("id") ON DELETE SET NULL ON UPDATE CASCADE;
Executing (default): ALTER TABLE "rows" ALTER COLUMN "typeOfProduct" DROP NOT NULL;ALTER TABLE "rows" ALTER COLUMN "typeOfProduct" DROP DEFAULT;ALTER TABLE "rows" ALTER COLUMN "typeOfProduct" TYPE VARCHAR(255);
Executing (default): ALTER TABLE "rows" ALTER COLUMN "order" SET NOT NULL;ALTER TABLE "rows" ALTER COLUMN "order" SET DEFAULT 0;ALTER TABLE "rows" ALTER COLUMN "order" TYPE INTEGER;
Executing (default): SELECT i.relname AS name, ix.indisprimary AS primary, ix.indisunique AS unique, ix.indkey AS indkey, array_agg(a.attnum) as column_indexes, array_agg(a.attname) AS column_names, pg_get_indexdef(ix.indexrelid) AS definition FROM pg_class t, pg_class i, pg_index ix, pg_attribute a WHERE t.oid = ix.indrelid AND i.oid = ix.indexrelid AND a.attrelid = t.oid AND t.relkind = 'r' and t.relname = 'rows' GROUP BY i.relname, ix.indexrelid, ix.indisprimary, ix.indisunique, ix.indkey ORDER BY i.relname;
server started on port 3000
[32m[nodemon] restarting due to changes...[39m
[32m[nodemon] starting `node index.js`[39m
Executing (default): SELECT 1+1 AS result
Executing (default): SELECT table_name FROM information_schema.tables WHERE table_schema = 'public' AND table_name = 'Users'
Executing (default): SELECT t.typname enum_name, array_agg(e.enumlabel ORDER BY enumsortorder) enum_value FROM pg_type t JOIN pg_enum e ON t.oid = e.enumtypid JOIN pg_catalog.pg_namespace n ON n.oid = t.typnamespace WHERE n.nspname = 'public' AND t.typname='enum_Users_role' GROUP BY 1
Executing (default): SELECT pk.constraint_type as "Constraint",c.column_name as "Field", c.column_default as "Default",c.is_nullable as "Null", (CASE WHEN c.udt_name = 'hstore' THEN c.udt_name ELSE c.data_type END) || (CASE WHEN c.character_maximum_length IS NOT NULL THEN '(' || c.character_maximum_length || ')' ELSE '' END) as "Type", (SELECT array_agg(e.enumlabel) FROM pg_catalog.pg_type t JOIN pg_catalog.pg_enum e ON t.oid=e.enumtypid WHERE t.typname=c.udt_name) AS "special", (SELECT pgd.description FROM pg_catalog.pg_statio_all_tables AS st INNER JOIN pg_catalog.pg_description pgd on (pgd.objoid=st.relid) WHERE c.ordinal_position=pgd.objsubid AND c.table_name=st.relname) AS "Comment" FROM information_schema.columns c LEFT JOIN (SELECT tc.table_schema, tc.table_name, cu.column_name, tc.constraint_type FROM information_schema.TABLE_CONSTRAINTS tc JOIN information_schema.KEY_COLUMN_USAGE  cu ON tc.table_schema=cu.table_schema and tc.table_name=cu.table_name and tc.constraint_name=cu.constraint_name and tc.constraint_type='PRIMARY KEY') pk ON pk.table_schema=c.table_schema AND pk.table_name=c.table_name AND pk.column_name=c.column_name WHERE c.table_name = 'Users' AND c.table_schema = 'public'
Executing (default): SELECT DISTINCT tc.constraint_name as constraint_name, tc.constraint_schema as constraint_schema, tc.constraint_catalog as constraint_catalog, tc.table_name as table_name,tc.table_schema as table_schema,tc.table_catalog as table_catalog,tc.initially_deferred as initially_deferred,tc.is_deferrable as is_deferrable,kcu.column_name as column_name,ccu.table_schema  AS referenced_table_schema,ccu.table_catalog  AS referenced_table_catalog,ccu.table_name  AS referenced_table_name,ccu.column_name AS referenced_column_name FROM information_schema.table_constraints AS tc JOIN information_schema.key_column_usage AS kcu ON tc.constraint_name = kcu.constraint_name JOIN information_schema.constraint_column_usage AS ccu ON ccu.constraint_name = tc.constraint_name WHERE constraint_type = 'FOREIGN KEY' AND tc.table_name = 'Users' AND tc.table_catalog = 'KURGI_KP'
Executing (default): ALTER TABLE "Users" ALTER COLUMN "email" SET NOT NULL;ALTER TABLE "Users" ALTER COLUMN "email" DROP DEFAULT;ALTER TABLE "Users"  ADD UNIQUE ("email");ALTER TABLE "Users" ALTER COLUMN "email" TYPE VARCHAR(255)  ;
Executing (default): ALTER TABLE "Users" ALTER COLUMN "password" SET NOT NULL;ALTER TABLE "Users" ALTER COLUMN "password" DROP DEFAULT;ALTER TABLE "Users" ALTER COLUMN "password" TYPE VARCHAR(255);
Executing (default): ALTER TABLE "Users" ALTER COLUMN "name" SET NOT NULL;ALTER TABLE "Users" ALTER COLUMN "name" DROP DEFAULT;ALTER TABLE "Users" ALTER COLUMN "name" TYPE VARCHAR(255);
Executing (default): ALTER TABLE "Users" ALTER COLUMN "role" DROP NOT NULL;ALTER TABLE "Users" ALTER COLUMN "role" SET DEFAULT 'manager';DO 'BEGIN CREATE TYPE "public"."enum_Users_role" AS ENUM(''manager'', ''admin''); EXCEPTION WHEN duplicate_object THEN null; END';ALTER TABLE "Users" ALTER COLUMN "role" TYPE "public"."enum_Users_role" USING ("role"::"public"."enum_Users_role");
Executing (default): ALTER TABLE "Users" ALTER COLUMN "createdAt" SET NOT NULL;ALTER TABLE "Users" ALTER COLUMN "createdAt" DROP DEFAULT;ALTER TABLE "Users" ALTER COLUMN "createdAt" TYPE TIMESTAMP WITH TIME ZONE;
Executing (default): ALTER TABLE "Users" ALTER COLUMN "updatedAt" SET NOT NULL;ALTER TABLE "Users" ALTER COLUMN "updatedAt" DROP DEFAULT;ALTER TABLE "Users" ALTER COLUMN "updatedAt" TYPE TIMESTAMP WITH TIME ZONE;
Executing (default): ALTER TABLE "Users" ALTER COLUMN "job" DROP NOT NULL;ALTER TABLE "Users" ALTER COLUMN "job" DROP DEFAULT;ALTER TABLE "Users" ALTER COLUMN "job" TYPE VARCHAR(255);
Executing (default): ALTER TABLE "Users" ALTER COLUMN "tel" DROP NOT NULL;ALTER TABLE "Users" ALTER COLUMN "tel" DROP DEFAULT;ALTER TABLE "Users" ALTER COLUMN "tel" TYPE VARCHAR(255);
Executing (default): ALTER TABLE "Users" ALTER COLUMN "photo" DROP NOT NULL;ALTER TABLE "Users" ALTER COLUMN "photo" DROP DEFAULT;ALTER TABLE "Users" ALTER COLUMN "photo" TYPE VARCHAR(255);
Executing (default): SELECT i.relname AS name, ix.indisprimary AS primary, ix.indisunique AS unique, ix.indkey AS indkey, array_agg(a.attnum) as column_indexes, array_agg(a.attname) AS column_names, pg_get_indexdef(ix.indexrelid) AS definition FROM pg_class t, pg_class i, pg_index ix, pg_attribute a WHERE t.oid = ix.indrelid AND i.oid = ix.indexrelid AND a.attrelid = t.oid AND t.relkind = 'r' and t.relname = 'Users' GROUP BY i.relname, ix.indexrelid, ix.indisprimary, ix.indisunique, ix.indkey ORDER BY i.relname;
Executing (default): SELECT table_name FROM information_schema.tables WHERE table_schema = 'public' AND table_name = 'Contractors'
Executing (default): SELECT pk.constraint_type as "Constraint",c.column_name as "Field", c.column_default as "Default",c.is_nullable as "Null", (CASE WHEN c.udt_name = 'hstore' THEN c.udt_name ELSE c.data_type END) || (CASE WHEN c.character_maximum_length IS NOT NULL THEN '(' || c.character_maximum_length || ')' ELSE '' END) as "Type", (SELECT array_agg(e.enumlabel) FROM pg_catalog.pg_type t JOIN pg_catalog.pg_enum e ON t.oid=e.enumtypid WHERE t.typname=c.udt_name) AS "special", (SELECT pgd.description FROM pg_catalog.pg_statio_all_tables AS st INNER JOIN pg_catalog.pg_description pgd on (pgd.objoid=st.relid) WHERE c.ordinal_position=pgd.objsubid AND c.table_name=st.relname) AS "Comment" FROM information_schema.columns c LEFT JOIN (SELECT tc.table_schema, tc.table_name, cu.column_name, tc.constraint_type FROM information_schema.TABLE_CONSTRAINTS tc JOIN information_schema.KEY_COLUMN_USAGE  cu ON tc.table_schema=cu.table_schema and tc.table_name=cu.table_name and tc.constraint_name=cu.constraint_name and tc.constraint_type='PRIMARY KEY') pk ON pk.table_schema=c.table_schema AND pk.table_name=c.table_name AND pk.column_name=c.column_name WHERE c.table_name = 'Contractors' AND c.table_schema = 'public'
Executing (default): SELECT DISTINCT tc.constraint_name as constraint_name, tc.constraint_schema as constraint_schema, tc.constraint_catalog as constraint_catalog, tc.table_name as table_name,tc.table_schema as table_schema,tc.table_catalog as table_catalog,tc.initially_deferred as initially_deferred,tc.is_deferrable as is_deferrable,kcu.column_name as column_name,ccu.table_schema  AS referenced_table_schema,ccu.table_catalog  AS referenced_table_catalog,ccu.table_name  AS referenced_table_name,ccu.column_name AS referenced_column_name FROM information_schema.table_constraints AS tc JOIN information_schema.key_column_usage AS kcu ON tc.constraint_name = kcu.constraint_name JOIN information_schema.constraint_column_usage AS ccu ON ccu.constraint_name = tc.constraint_name WHERE constraint_type = 'FOREIGN KEY' AND tc.table_name = 'Contractors' AND tc.table_catalog = 'KURGI_KP'
Executing (default): ALTER TABLE "Contractors" ALTER COLUMN "companyName" SET NOT NULL;ALTER TABLE "Contractors" ALTER COLUMN "companyName" DROP DEFAULT;ALTER TABLE "Contractors" ALTER COLUMN "companyName" TYPE VARCHAR(255);
Executing (default): ALTER TABLE "Contractors" ALTER COLUMN "contactPerson" DROP NOT NULL;ALTER TABLE "Contractors" ALTER COLUMN "contactPerson" DROP DEFAULT;ALTER TABLE "Contractors" ALTER COLUMN "contactPerson" TYPE VARCHAR(255);
Executing (default): ALTER TABLE "Contractors" ALTER COLUMN "phone" DROP NOT NULL;ALTER TABLE "Contractors" ALTER COLUMN "phone" DROP DEFAULT;ALTER TABLE "Contractors" ALTER COLUMN "phone" TYPE VARCHAR(255);
Executing (default): ALTER TABLE "Contractors" ALTER COLUMN "email" DROP NOT NULL;ALTER TABLE "Contractors" ALTER COLUMN "email" DROP DEFAULT;ALTER TABLE "Contractors" ALTER COLUMN "email" TYPE VARCHAR(255);
Executing (default): ALTER TABLE "Contractors" ALTER COLUMN "notes" DROP NOT NULL;ALTER TABLE "Contractors" ALTER COLUMN "notes" DROP DEFAULT;ALTER TABLE "Contractors" ALTER COLUMN "notes" TYPE TEXT;
Executing (default): ALTER TABLE "Contractors" ALTER COLUMN "createdAt" SET NOT NULL;ALTER TABLE "Contractors" ALTER COLUMN "createdAt" DROP DEFAULT;ALTER TABLE "Contractors" ALTER COLUMN "createdAt" TYPE TIMESTAMP WITH TIME ZONE;
Executing (default): ALTER TABLE "Contractors" ALTER COLUMN "updatedAt" SET NOT NULL;ALTER TABLE "Contractors" ALTER COLUMN "updatedAt" DROP DEFAULT;ALTER TABLE "Contractors" ALTER COLUMN "updatedAt" TYPE TIMESTAMP WITH TIME ZONE;
Executing (default): SELECT i.relname AS name, ix.indisprimary AS primary, ix.indisunique AS unique, ix.indkey AS indkey, array_agg(a.attnum) as column_indexes, array_agg(a.attname) AS column_names, pg_get_indexdef(ix.indexrelid) AS definition FROM pg_class t, pg_class i, pg_index ix, pg_attribute a WHERE t.oid = ix.indrelid AND i.oid = ix.indexrelid AND a.attrelid = t.oid AND t.relkind = 'r' and t.relname = 'Contractors' GROUP BY i.relname, ix.indexrelid, ix.indisprimary, ix.indisunique, ix.indkey ORDER BY i.relname;
Executing (default): SELECT table_name FROM information_schema.tables WHERE table_schema = 'public' AND table_name = 'Events'
Executing (default): SELECT pk.constraint_type as "Constraint",c.column_name as "Field", c.column_default as "Default",c.is_nullable as "Null", (CASE WHEN c.udt_name = 'hstore' THEN c.udt_name ELSE c.data_type END) || (CASE WHEN c.character_maximum_length IS NOT NULL THEN '(' || c.character_maximum_length || ')' ELSE '' END) as "Type", (SELECT array_agg(e.enumlabel) FROM pg_catalog.pg_type t JOIN pg_catalog.pg_enum e ON t.oid=e.enumtypid WHERE t.typname=c.udt_name) AS "special", (SELECT pgd.description FROM pg_catalog.pg_statio_all_tables AS st INNER JOIN pg_catalog.pg_description pgd on (pgd.objoid=st.relid) WHERE c.ordinal_position=pgd.objsubid AND c.table_name=st.relname) AS "Comment" FROM information_schema.columns c LEFT JOIN (SELECT tc.table_schema, tc.table_name, cu.column_name, tc.constraint_type FROM information_schema.TABLE_CONSTRAINTS tc JOIN information_schema.KEY_COLUMN_USAGE  cu ON tc.table_schema=cu.table_schema and tc.table_name=cu.table_name and tc.constraint_name=cu.constraint_name and tc.constraint_type='PRIMARY KEY') pk ON pk.table_schema=c.table_schema AND pk.table_name=c.table_name AND pk.column_name=c.column_name WHERE c.table_name = 'Events' AND c.table_schema = 'public'
Executing (default): SELECT DISTINCT tc.constraint_name as constraint_name, tc.constraint_schema as constraint_schema, tc.constraint_catalog as constraint_catalog, tc.table_name as table_name,tc.table_schema as table_schema,tc.table_catalog as table_catalog,tc.initially_deferred as initially_deferred,tc.is_deferrable as is_deferrable,kcu.column_name as column_name,ccu.table_schema  AS referenced_table_schema,ccu.table_catalog  AS referenced_table_catalog,ccu.table_name  AS referenced_table_name,ccu.column_name AS referenced_column_name FROM information_schema.table_constraints AS tc JOIN information_schema.key_column_usage AS kcu ON tc.constraint_name = kcu.constraint_name JOIN information_schema.constraint_column_usage AS ccu ON ccu.constraint_name = tc.constraint_name WHERE constraint_type = 'FOREIGN KEY' AND tc.table_name = 'Events' AND tc.table_catalog = 'KURGI_KP'
Executing (default): ALTER TABLE "Events" ALTER COLUMN "title" SET NOT NULL;ALTER TABLE "Events" ALTER COLUMN "title" DROP DEFAULT;ALTER TABLE "Events" ALTER COLUMN "title" TYPE VARCHAR(255);
Executing (default): ALTER TABLE "Events" DROP CONSTRAINT "Events_contractorId_fkey"
Ошибка подключения к БД SequelizeUnknownConstraintError: Unknown constraint error
[32m[nodemon] clean exit - waiting for changes before restart[39m
[32m[nodemon] restarting due to changes...[39m
[32m[nodemon] starting `node index.js`[39m
Executing (default): SELECT 1+1 AS result
Executing (default): SELECT table_name FROM information_schema.tables WHERE table_schema = 'public' AND table_name = 'Users'
Executing (default): SELECT t.typname enum_name, array_agg(e.enumlabel ORDER BY enumsortorder) enum_value FROM pg_type t JOIN pg_enum e ON t.oid = e.enumtypid JOIN pg_catalog.pg_namespace n ON n.oid = t.typnamespace WHERE n.nspname = 'public' AND t.typname='enum_Users_role' GROUP BY 1
Executing (default): SELECT pk.constraint_type as "Constraint",c.column_name as "Field", c.column_default as "Default",c.is_nullable as "Null", (CASE WHEN c.udt_name = 'hstore' THEN c.udt_name ELSE c.data_type END) || (CASE WHEN c.character_maximum_length IS NOT NULL THEN '(' || c.character_maximum_length || ')' ELSE '' END) as "Type", (SELECT array_agg(e.enumlabel) FROM pg_catalog.pg_type t JOIN pg_catalog.pg_enum e ON t.oid=e.enumtypid WHERE t.typname=c.udt_name) AS "special", (SELECT pgd.description FROM pg_catalog.pg_statio_all_tables AS st INNER JOIN pg_catalog.pg_description pgd on (pgd.objoid=st.relid) WHERE c.ordinal_position=pgd.objsubid AND c.table_name=st.relname) AS "Comment" FROM information_schema.columns c LEFT JOIN (SELECT tc.table_schema, tc.table_name, cu.column_name, tc.constraint_type FROM information_schema.TABLE_CONSTRAINTS tc JOIN information_schema.KEY_COLUMN_USAGE  cu ON tc.table_schema=cu.table_schema and tc.table_name=cu.table_name and tc.constraint_name=cu.constraint_name and tc.constraint_type='PRIMARY KEY') pk ON pk.table_schema=c.table_schema AND pk.table_name=c.table_name AND pk.column_name=c.column_name WHERE c.table_name = 'Users' AND c.table_schema = 'public'
Executing (default): SELECT DISTINCT tc.constraint_name as constraint_name, tc.constraint_schema as constraint_schema, tc.constraint_catalog as constraint_catalog, tc.table_name as table_name,tc.table_schema as table_schema,tc.table_catalog as table_catalog,tc.initially_deferred as initially_deferred,tc.is_deferrable as is_deferrable,kcu.column_name as column_name,ccu.table_schema  AS referenced_table_schema,ccu.table_catalog  AS referenced_table_catalog,ccu.table_name  AS referenced_table_name,ccu.column_name AS referenced_column_name FROM information_schema.table_constraints AS tc JOIN information_schema.key_column_usage AS kcu ON tc.constraint_name = kcu.constraint_name JOIN information_schema.constraint_column_usage AS ccu ON ccu.constraint_name = tc.constraint_name WHERE constraint_type = 'FOREIGN KEY' AND tc.table_name = 'Users' AND tc.table_catalog = 'KURGI_KP'
Executing (default): ALTER TABLE "Users" ALTER COLUMN "email" SET NOT NULL;ALTER TABLE "Users" ALTER COLUMN "email" DROP DEFAULT;ALTER TABLE "Users"  ADD UNIQUE ("email");ALTER TABLE "Users" ALTER COLUMN "email" TYPE VARCHAR(255)  ;
Executing (default): ALTER TABLE "Users" ALTER COLUMN "password" SET NOT NULL;ALTER TABLE "Users" ALTER COLUMN "password" DROP DEFAULT;ALTER TABLE "Users" ALTER COLUMN "password" TYPE VARCHAR(255);
Executing (default): ALTER TABLE "Users" ALTER COLUMN "name" SET NOT NULL;ALTER TABLE "Users" ALTER COLUMN "name" DROP DEFAULT;ALTER TABLE "Users" ALTER COLUMN "name" TYPE VARCHAR(255);
Executing (default): ALTER TABLE "Users" ALTER COLUMN "role" DROP NOT NULL;ALTER TABLE "Users" ALTER COLUMN "role" SET DEFAULT 'manager';DO 'BEGIN CREATE TYPE "public"."enum_Users_role" AS ENUM(''manager'', ''admin''); EXCEPTION WHEN duplicate_object THEN null; END';ALTER TABLE "Users" ALTER COLUMN "role" TYPE "public"."enum_Users_role" USING ("role"::"public"."enum_Users_role");
Executing (default): ALTER TABLE "Users" ALTER COLUMN "createdAt" SET NOT NULL;ALTER TABLE "Users" ALTER COLUMN "createdAt" DROP DEFAULT;ALTER TABLE "Users" ALTER COLUMN "createdAt" TYPE TIMESTAMP WITH TIME ZONE;
Executing (default): ALTER TABLE "Users" ALTER COLUMN "updatedAt" SET NOT NULL;ALTER TABLE "Users" ALTER COLUMN "updatedAt" DROP DEFAULT;ALTER TABLE "Users" ALTER COLUMN "updatedAt" TYPE TIMESTAMP WITH TIME ZONE;
Executing (default): ALTER TABLE "Users" ALTER COLUMN "job" DROP NOT NULL;ALTER TABLE "Users" ALTER COLUMN "job" DROP DEFAULT;ALTER TABLE "Users" ALTER COLUMN "job" TYPE VARCHAR(255);
Executing (default): ALTER TABLE "Users" ALTER COLUMN "tel" DROP NOT NULL;ALTER TABLE "Users" ALTER COLUMN "tel" DROP DEFAULT;ALTER TABLE "Users" ALTER COLUMN "tel" TYPE VARCHAR(255);
Executing (default): ALTER TABLE "Users" ALTER COLUMN "photo" DROP NOT NULL;ALTER TABLE "Users" ALTER COLUMN "photo" DROP DEFAULT;ALTER TABLE "Users" ALTER COLUMN "photo" TYPE VARCHAR(255);
Executing (default): SELECT i.relname AS name, ix.indisprimary AS primary, ix.indisunique AS unique, ix.indkey AS indkey, array_agg(a.attnum) as column_indexes, array_agg(a.attname) AS column_names, pg_get_indexdef(ix.indexrelid) AS definition FROM pg_class t, pg_class i, pg_index ix, pg_attribute a WHERE t.oid = ix.indrelid AND i.oid = ix.indexrelid AND a.attrelid = t.oid AND t.relkind = 'r' and t.relname = 'Users' GROUP BY i.relname, ix.indexrelid, ix.indisprimary, ix.indisunique, ix.indkey ORDER BY i.relname;
Executing (default): SELECT table_name FROM information_schema.tables WHERE table_schema = 'public' AND table_name = 'Contractors'
Executing (default): SELECT pk.constraint_type as "Constraint",c.column_name as "Field", c.column_default as "Default",c.is_nullable as "Null", (CASE WHEN c.udt_name = 'hstore' THEN c.udt_name ELSE c.data_type END) || (CASE WHEN c.character_maximum_length IS NOT NULL THEN '(' || c.character_maximum_length || ')' ELSE '' END) as "Type", (SELECT array_agg(e.enumlabel) FROM pg_catalog.pg_type t JOIN pg_catalog.pg_enum e ON t.oid=e.enumtypid WHERE t.typname=c.udt_name) AS "special", (SELECT pgd.description FROM pg_catalog.pg_statio_all_tables AS st INNER JOIN pg_catalog.pg_description pgd on (pgd.objoid=st.relid) WHERE c.ordinal_position=pgd.objsubid AND c.table_name=st.relname) AS "Comment" FROM information_schema.columns c LEFT JOIN (SELECT tc.table_schema, tc.table_name, cu.column_name, tc.constraint_type FROM information_schema.TABLE_CONSTRAINTS tc JOIN information_schema.KEY_COLUMN_USAGE  cu ON tc.table_schema=cu.table_schema and tc.table_name=cu.table_name and tc.constraint_name=cu.constraint_name and tc.constraint_type='PRIMARY KEY') pk ON pk.table_schema=c.table_schema AND pk.table_name=c.table_name AND pk.column_name=c.column_name WHERE c.table_name = 'Contractors' AND c.table_schema = 'public'
Executing (default): SELECT DISTINCT tc.constraint_name as constraint_name, tc.constraint_schema as constraint_schema, tc.constraint_catalog as constraint_catalog, tc.table_name as table_name,tc.table_schema as table_schema,tc.table_catalog as table_catalog,tc.initially_deferred as initially_deferred,tc.is_deferrable as is_deferrable,kcu.column_name as column_name,ccu.table_schema  AS referenced_table_schema,ccu.table_catalog  AS referenced_table_catalog,ccu.table_name  AS referenced_table_name,ccu.column_name AS referenced_column_name FROM information_schema.table_constraints AS tc JOIN information_schema.key_column_usage AS kcu ON tc.constraint_name = kcu.constraint_name JOIN information_schema.constraint_column_usage AS ccu ON ccu.constraint_name = tc.constraint_name WHERE constraint_type = 'FOREIGN KEY' AND tc.table_name = 'Contractors' AND tc.table_catalog = 'KURGI_KP'
Executing (default): ALTER TABLE "Contractors" ALTER COLUMN "companyName" SET NOT NULL;ALTER TABLE "Contractors" ALTER COLUMN "companyName" DROP DEFAULT;ALTER TABLE "Contractors" ALTER COLUMN "companyName" TYPE VARCHAR(255);
Executing (default): ALTER TABLE "Contractors" ALTER COLUMN "contactPerson" DROP NOT NULL;ALTER TABLE "Contractors" ALTER COLUMN "contactPerson" DROP DEFAULT;ALTER TABLE "Contractors" ALTER COLUMN "contactPerson" TYPE VARCHAR(255);
Executing (default): ALTER TABLE "Contractors" ALTER COLUMN "phone" DROP NOT NULL;ALTER TABLE "Contractors" ALTER COLUMN "phone" DROP DEFAULT;ALTER TABLE "Contractors" ALTER COLUMN "phone" TYPE VARCHAR(255);
Executing (default): ALTER TABLE "Contractors" ALTER COLUMN "email" DROP NOT NULL;ALTER TABLE "Contractors" ALTER COLUMN "email" DROP DEFAULT;ALTER TABLE "Contractors" ALTER COLUMN "email" TYPE VARCHAR(255);
Executing (default): ALTER TABLE "Contractors" ALTER COLUMN "notes" DROP NOT NULL;ALTER TABLE "Contractors" ALTER COLUMN "notes" DROP DEFAULT;ALTER TABLE "Contractors" ALTER COLUMN "notes" TYPE TEXT;
Executing (default): ALTER TABLE "Contractors" ALTER COLUMN "createdAt" SET NOT NULL;ALTER TABLE "Contractors" ALTER COLUMN "createdAt" DROP DEFAULT;ALTER TABLE "Contractors" ALTER COLUMN "createdAt" TYPE TIMESTAMP WITH TIME ZONE;
Executing (default): ALTER TABLE "Contractors" ALTER COLUMN "updatedAt" SET NOT NULL;ALTER TABLE "Contractors" ALTER COLUMN "updatedAt" DROP DEFAULT;ALTER TABLE "Contractors" ALTER COLUMN "updatedAt" TYPE TIMESTAMP WITH TIME ZONE;
Executing (default): SELECT i.relname AS name, ix.indisprimary AS primary, ix.indisunique AS unique, ix.indkey AS indkey, array_agg(a.attnum) as column_indexes, array_agg(a.attname) AS column_names, pg_get_indexdef(ix.indexrelid) AS definition FROM pg_class t, pg_class i, pg_index ix, pg_attribute a WHERE t.oid = ix.indrelid AND i.oid = ix.indexrelid AND a.attrelid = t.oid AND t.relkind = 'r' and t.relname = 'Contractors' GROUP BY i.relname, ix.indexrelid, ix.indisprimary, ix.indisunique, ix.indkey ORDER BY i.relname;
Executing (default): SELECT table_name FROM information_schema.tables WHERE table_schema = 'public' AND table_name = 'Events'
Executing (default): SELECT pk.constraint_type as "Constraint",c.column_name as "Field", c.column_default as "Default",c.is_nullable as "Null", (CASE WHEN c.udt_name = 'hstore' THEN c.udt_name ELSE c.data_type END) || (CASE WHEN c.character_maximum_length IS NOT NULL THEN '(' || c.character_maximum_length || ')' ELSE '' END) as "Type", (SELECT array_agg(e.enumlabel) FROM pg_catalog.pg_type t JOIN pg_catalog.pg_enum e ON t.oid=e.enumtypid WHERE t.typname=c.udt_name) AS "special", (SELECT pgd.description FROM pg_catalog.pg_statio_all_tables AS st INNER JOIN pg_catalog.pg_description pgd on (pgd.objoid=st.relid) WHERE c.ordinal_position=pgd.objsubid AND c.table_name=st.relname) AS "Comment" FROM information_schema.columns c LEFT JOIN (SELECT tc.table_schema, tc.table_name, cu.column_name, tc.constraint_type FROM information_schema.TABLE_CONSTRAINTS tc JOIN information_schema.KEY_COLUMN_USAGE  cu ON tc.table_schema=cu.table_schema and tc.table_name=cu.table_name and tc.constraint_name=cu.constraint_name and tc.constraint_type='PRIMARY KEY') pk ON pk.table_schema=c.table_schema AND pk.table_name=c.table_name AND pk.column_name=c.column_name WHERE c.table_name = 'Events' AND c.table_schema = 'public'
Executing (default): SELECT DISTINCT tc.constraint_name as constraint_name, tc.constraint_schema as constraint_schema, tc.constraint_catalog as constraint_catalog, tc.table_name as table_name,tc.table_schema as table_schema,tc.table_catalog as table_catalog,tc.initially_deferred as initially_deferred,tc.is_deferrable as is_deferrable,kcu.column_name as column_name,ccu.table_schema  AS referenced_table_schema,ccu.table_catalog  AS referenced_table_catalog,ccu.table_name  AS referenced_table_name,ccu.column_name AS referenced_column_name FROM information_schema.table_constraints AS tc JOIN information_schema.key_column_usage AS kcu ON tc.constraint_name = kcu.constraint_name JOIN information_schema.constraint_column_usage AS ccu ON ccu.constraint_name = tc.constraint_name WHERE constraint_type = 'FOREIGN KEY' AND tc.table_name = 'Events' AND tc.table_catalog = 'KURGI_KP'
Executing (default): ALTER TABLE "Events" ALTER COLUMN "title" SET NOT NULL;ALTER TABLE "Events" ALTER COLUMN "title" DROP DEFAULT;ALTER TABLE "Events" ALTER COLUMN "title" TYPE VARCHAR(255);
Executing (default): ALTER TABLE "Events" DROP CONSTRAINT "Events_contractorId_fkey"
Executing (default): ALTER TABLE "Events"  ADD FOREIGN KEY ("contractorId") REFERENCES "Contractors" ("id") ON DELETE SET NULL ON UPDATE CASCADE;
Executing (default): ALTER TABLE "Events" ALTER COLUMN "eventDate" DROP NOT NULL;ALTER TABLE "Events" ALTER COLUMN "eventDate" DROP DEFAULT;ALTER TABLE "Events" ALTER COLUMN "eventDate" TYPE DATE;
Executing (default): ALTER TABLE "Events" ALTER COLUMN "startTime" DROP NOT NULL;ALTER TABLE "Events" ALTER COLUMN "startTime" DROP DEFAULT;ALTER TABLE "Events" ALTER COLUMN "startTime" TYPE TIME;
Executing (default): ALTER TABLE "Events" ALTER COLUMN "endTime" DROP NOT NULL;ALTER TABLE "Events" ALTER COLUMN "endTime" DROP DEFAULT;ALTER TABLE "Events" ALTER COLUMN "endTime" TYPE TIME;
Executing (default): ALTER TABLE "Events" ALTER COLUMN "location" DROP NOT NULL;ALTER TABLE "Events" ALTER COLUMN "location" DROP DEFAULT;ALTER TABLE "Events" ALTER COLUMN "location" TYPE VARCHAR(255);
Executing (default): ALTER TABLE "Events" ALTER COLUMN "status" SET NOT NULL;ALTER TABLE "Events" ALTER COLUMN "status" SET DEFAULT 'Draft';ALTER TABLE "Events" ALTER COLUMN "status" TYPE VARCHAR(255);
Executing (default): ALTER TABLE "Events" ALTER COLUMN "notes" DROP NOT NULL;ALTER TABLE "Events" ALTER COLUMN "notes" DROP DEFAULT;ALTER TABLE "Events" ALTER COLUMN "notes" TYPE TEXT;
Executing (default): ALTER TABLE "Events" ALTER COLUMN "createdAt" SET NOT NULL;ALTER TABLE "Events" ALTER COLUMN "createdAt" DROP DEFAULT;ALTER TABLE "Events" ALTER COLUMN "createdAt" TYPE TIMESTAMP WITH TIME ZONE;
Executing (default): ALTER TABLE "Events" ALTER COLUMN "updatedAt" SET NOT NULL;ALTER TABLE "Events" ALTER COLUMN "updatedAt" DROP DEFAULT;ALTER TABLE "Events" ALTER COLUMN "updatedAt" TYPE TIMESTAMP WITH TIME ZONE;
Executing (default): ALTER TABLE "Events" ALTER COLUMN "startEvent" DROP NOT NULL;ALTER TABLE "Events" ALTER COLUMN "startEvent" DROP DEFAULT;ALTER TABLE "Events" ALTER COLUMN "startEvent" TYPE DATE;
Executing (default): ALTER TABLE "Events" ALTER COLUMN "endEvent" DROP NOT NULL;ALTER TABLE "Events" ALTER COLUMN "endEvent" DROP DEFAULT;ALTER TABLE "Events" ALTER COLUMN "endEvent" TYPE DATE;
Executing (default): ALTER TABLE "Events" ALTER COLUMN "startTimeStartEvent" DROP NOT NULL;ALTER TABLE "Events" ALTER COLUMN "startTimeStartEvent" DROP DEFAULT;ALTER TABLE "Events" ALTER COLUMN "startTimeStartEvent" TYPE TIME;
Executing (default): ALTER TABLE "Events" ALTER COLUMN "endTimeStartEvent" DROP NOT NULL;ALTER TABLE "Events" ALTER COLUMN "endTimeStartEvent" DROP DEFAULT;ALTER TABLE "Events" ALTER COLUMN "endTimeStartEvent" TYPE TIME;
Executing (default): ALTER TABLE "Events" ALTER COLUMN "startTimeEndEvent" DROP NOT NULL;ALTER TABLE "Events" ALTER COLUMN "startTimeEndEvent" DROP DEFAULT;ALTER TABLE "Events" ALTER COLUMN "startTimeEndEvent" TYPE TIME;
Executing (default): ALTER TABLE "Events" ALTER COLUMN "endTimeEndEvent" DROP NOT NULL;ALTER TABLE "Events" ALTER COLUMN "endTimeEndEvent" DROP DEFAULT;ALTER TABLE "Events" ALTER COLUMN "endTimeEndEvent" TYPE TIME;
Executing (default): ALTER TABLE "Events" ALTER COLUMN "countOfPerson" DROP NOT NULL;ALTER TABLE "Events" ALTER COLUMN "countOfPerson" DROP DEFAULT;ALTER TABLE "Events" ALTER COLUMN "countOfPerson" TYPE INTEGER;
Executing (default): SELECT i.relname AS name, ix.indisprimary AS primary, ix.indisunique AS unique, ix.indkey AS indkey, array_agg(a.attnum) as column_indexes, array_agg(a.attname) AS column_names, pg_get_indexdef(ix.indexrelid) AS definition FROM pg_class t, pg_class i, pg_index ix, pg_attribute a WHERE t.oid = ix.indrelid AND i.oid = ix.indexrelid AND a.attrelid = t.oid AND t.relkind = 'r' and t.relname = 'Events' GROUP BY i.relname, ix.indexrelid, ix.indisprimary, ix.indisunique, ix.indkey ORDER BY i.relname;
Executing (default): SELECT table_name FROM information_schema.tables WHERE table_schema = 'public' AND table_name = 'menuItems'
Executing (default): SELECT pk.constraint_type as "Constraint",c.column_name as "Field", c.column_default as "Default",c.is_nullable as "Null", (CASE WHEN c.udt_name = 'hstore' THEN c.udt_name ELSE c.data_type END) || (CASE WHEN c.character_maximum_length IS NOT NULL THEN '(' || c.character_maximum_length || ')' ELSE '' END) as "Type", (SELECT array_agg(e.enumlabel) FROM pg_catalog.pg_type t JOIN pg_catalog.pg_enum e ON t.oid=e.enumtypid WHERE t.typname=c.udt_name) AS "special", (SELECT pgd.description FROM pg_catalog.pg_statio_all_tables AS st INNER JOIN pg_catalog.pg_description pgd on (pgd.objoid=st.relid) WHERE c.ordinal_position=pgd.objsubid AND c.table_name=st.relname) AS "Comment" FROM information_schema.columns c LEFT JOIN (SELECT tc.table_schema, tc.table_name, cu.column_name, tc.constraint_type FROM information_schema.TABLE_CONSTRAINTS tc JOIN information_schema.KEY_COLUMN_USAGE  cu ON tc.table_schema=cu.table_schema and tc.table_name=cu.table_name and tc.constraint_name=cu.constraint_name and tc.constraint_type='PRIMARY KEY') pk ON pk.table_schema=c.table_schema AND pk.table_name=c.table_name AND pk.column_name=c.column_name WHERE c.table_name = 'menuItems' AND c.table_schema = 'public'
Executing (default): SELECT DISTINCT tc.constraint_name as constraint_name, tc.constraint_schema as constraint_schema, tc.constraint_catalog as constraint_catalog, tc.table_name as table_name,tc.table_schema as table_schema,tc.table_catalog as table_catalog,tc.initially_deferred as initially_deferred,tc.is_deferrable as is_deferrable,kcu.column_name as column_name,ccu.table_schema  AS referenced_table_schema,ccu.table_catalog  AS referenced_table_catalog,ccu.table_name  AS referenced_table_name,ccu.column_name AS referenced_column_name FROM information_schema.table_constraints AS tc JOIN information_schema.key_column_usage AS kcu ON tc.constraint_name = kcu.constraint_name JOIN information_schema.constraint_column_usage AS ccu ON ccu.constraint_name = tc.constraint_name WHERE constraint_type = 'FOREIGN KEY' AND tc.table_name = 'menuItems' AND tc.table_catalog = 'KURGI_KP'
Executing (default): ALTER TABLE "menuItems" ALTER COLUMN "title" SET NOT NULL;ALTER TABLE "menuItems" ALTER COLUMN "title" DROP DEFAULT;ALTER TABLE "menuItems" ALTER COLUMN "title" TYPE VARCHAR(255);
Executing (default): ALTER TABLE "menuItems" ALTER COLUMN "description" DROP NOT NULL;ALTER TABLE "menuItems" ALTER COLUMN "description" DROP DEFAULT;ALTER TABLE "menuItems" ALTER COLUMN "description" TYPE TEXT;
Executing (default): ALTER TABLE "menuItems" ALTER COLUMN "category" DROP NOT NULL;ALTER TABLE "menuItems" ALTER COLUMN "category" DROP DEFAULT;ALTER TABLE "menuItems" ALTER COLUMN "category" TYPE VARCHAR(255);
Executing (default): ALTER TABLE "menuItems" ALTER COLUMN "weight" DROP NOT NULL;ALTER TABLE "menuItems" ALTER COLUMN "weight" DROP DEFAULT;ALTER TABLE "menuItems" ALTER COLUMN "weight" TYPE INTEGER;
Executing (default): ALTER TABLE "menuItems" ALTER COLUMN "price" DROP NOT NULL;ALTER TABLE "menuItems" ALTER COLUMN "price" DROP DEFAULT;ALTER TABLE "menuItems" ALTER COLUMN "price" TYPE INTEGER;
Executing (default): ALTER TABLE "menuItems" ALTER COLUMN "active" DROP NOT NULL;ALTER TABLE "menuItems" ALTER COLUMN "active" SET DEFAULT true;ALTER TABLE "menuItems" ALTER COLUMN "active" TYPE BOOLEAN;
Executing (default): ALTER TABLE "menuItems" ALTER COLUMN "createdAt" SET NOT NULL;ALTER TABLE "menuItems" ALTER COLUMN "createdAt" DROP DEFAULT;ALTER TABLE "menuItems" ALTER COLUMN "createdAt" TYPE TIMESTAMP WITH TIME ZONE;
Executing (default): ALTER TABLE "menuItems" ALTER COLUMN "updatedAt" SET NOT NULL;ALTER TABLE "menuItems" ALTER COLUMN "updatedAt" DROP DEFAULT;ALTER TABLE "menuItems" ALTER COLUMN "updatedAt" TYPE TIMESTAMP WITH TIME ZONE;
Executing (default): SELECT i.relname AS name, ix.indisprimary AS primary, ix.indisunique AS unique, ix.indkey AS indkey, array_agg(a.attnum) as column_indexes, array_agg(a.attname) AS column_names, pg_get_indexdef(ix.indexrelid) AS definition FROM pg_class t, pg_class i, pg_index ix, pg_attribute a WHERE t.oid = ix.indrelid AND i.oid = ix.indexrelid AND a.attrelid = t.oid AND t.relkind = 'r' and t.relname = 'menuItems' GROUP BY i.relname, ix.indexrelid, ix.indisprimary, ix.indisunique, ix.indkey ORDER BY i.relname;
Executing (default): SELECT table_name FROM information_schema.tables WHERE table_schema = 'public' AND table_name = 'kps'
Executing (default): SELECT pk.constraint_type as "Constraint",c.column_name as "Field", c.column_default as "Default",c.is_nullable as "Null", (CASE WHEN c.udt_name = 'hstore' THEN c.udt_name ELSE c.data_type END) || (CASE WHEN c.character_maximum_length IS NOT NULL THEN '(' || c.character_maximum_length || ')' ELSE '' END) as "Type", (SELECT array_agg(e.enumlabel) FROM pg_catalog.pg_type t JOIN pg_catalog.pg_enum e ON t.oid=e.enumtypid WHERE t.typname=c.udt_name) AS "special", (SELECT pgd.description FROM pg_catalog.pg_statio_all_tables AS st INNER JOIN pg_catalog.pg_description pgd on (pgd.objoid=st.relid) WHERE c.ordinal_position=pgd.objsubid AND c.table_name=st.relname) AS "Comment" FROM information_schema.columns c LEFT JOIN (SELECT tc.table_schema, tc.table_name, cu.column_name, tc.constraint_type FROM information_schema.TABLE_CONSTRAINTS tc JOIN information_schema.KEY_COLUMN_USAGE  cu ON tc.table_schema=cu.table_schema and tc.table_name=cu.table_name and tc.constraint_name=cu.constraint_name and tc.constraint_type='PRIMARY KEY') pk ON pk.table_schema=c.table_schema AND pk.table_name=c.table_name AND pk.column_name=c.column_name WHERE c.table_name = 'kps' AND c.table_schema = 'public'
Executing (default): SELECT DISTINCT tc.constraint_name as constraint_name, tc.constraint_schema as constraint_schema, tc.constraint_catalog as constraint_catalog, tc.table_name as table_name,tc.table_schema as table_schema,tc.table_catalog as table_catalog,tc.initially_deferred as initially_deferred,tc.is_deferrable as is_deferrable,kcu.column_name as column_name,ccu.table_schema  AS referenced_table_schema,ccu.table_catalog  AS referenced_table_catalog,ccu.table_name  AS referenced_table_name,ccu.column_name AS referenced_column_name FROM information_schema.table_constraints AS tc JOIN information_schema.key_column_usage AS kcu ON tc.constraint_name = kcu.constraint_name JOIN information_schema.constraint_column_usage AS ccu ON ccu.constraint_name = tc.constraint_name WHERE constraint_type = 'FOREIGN KEY' AND tc.table_name = 'kps' AND tc.table_catalog = 'KURGI_KP'
Executing (default): ALTER TABLE "kps" ALTER COLUMN "kpNumber" DROP NOT NULL;ALTER TABLE "kps" ALTER COLUMN "kpNumber" DROP DEFAULT;ALTER TABLE "kps"  ADD UNIQUE ("kpNumber");ALTER TABLE "kps" ALTER COLUMN "kpNumber" TYPE VARCHAR(255) ;
Executing (default): ALTER TABLE "kps" ALTER COLUMN "kpDate" DROP NOT NULL;ALTER TABLE "kps" ALTER COLUMN "kpDate" DROP DEFAULT;ALTER TABLE "kps" ALTER COLUMN "kpDate" TYPE DATE;
Executing (default): ALTER TABLE "kps" ALTER COLUMN "contractNumber" DROP NOT NULL;ALTER TABLE "kps" ALTER COLUMN "contractNumber" DROP DEFAULT;ALTER TABLE "kps" ALTER COLUMN "contractNumber" TYPE VARCHAR(255);
Executing (default): ALTER TABLE "kps" ALTER COLUMN "contractDate" DROP NOT NULL;ALTER TABLE "kps" ALTER COLUMN "contractDate" DROP DEFAULT;ALTER TABLE "kps" ALTER COLUMN "contractDate" TYPE DATE;
Executing (default): ALTER TABLE "kps" ALTER COLUMN "startEvent" DROP NOT NULL;ALTER TABLE "kps" ALTER COLUMN "startEvent" DROP DEFAULT;ALTER TABLE "kps" ALTER COLUMN "startEvent" TYPE DATE;
Executing (default): ALTER TABLE "kps" ALTER COLUMN "endEvent" DROP NOT NULL;ALTER TABLE "kps" ALTER COLUMN "endEvent" DROP DEFAULT;ALTER TABLE "kps" ALTER COLUMN "endEvent" TYPE DATE;
Executing (default): ALTER TABLE "kps" ALTER COLUMN "eventPlace" DROP NOT NULL;ALTER TABLE "kps" ALTER COLUMN "eventPlace" DROP DEFAULT;ALTER TABLE "kps" ALTER COLUMN "eventPlace" TYPE VARCHAR(255);
Executing (default): ALTER TABLE "kps" ALTER COLUMN "countOfPerson" DROP NOT NULL;ALTER TABLE "kps" ALTER COLUMN "countOfPerson" DROP DEFAULT;ALTER TABLE "kps" ALTER COLUMN "countOfPerson" TYPE VARCHAR(255);
Executing (default): ALTER TABLE "kps" ALTER COLUMN "isWithinMkad" DROP NOT NULL;ALTER TABLE "kps" ALTER COLUMN "isWithinMkad" SET DEFAULT true;ALTER TABLE "kps" ALTER COLUMN "isWithinMkad" TYPE BOOLEAN;
Executing (default): ALTER TABLE "kps" ALTER COLUMN "logisticsCost" DROP NOT NULL;ALTER TABLE "kps" ALTER COLUMN "logisticsCost" DROP DEFAULT;ALTER TABLE "kps" ALTER COLUMN "logisticsCost" TYPE INTEGER;
Executing (default): ALTER TABLE "kps" ALTER COLUMN "listTitle" DROP NOT NULL;ALTER TABLE "kps" ALTER COLUMN "listTitle" DROP DEFAULT;ALTER TABLE "kps" ALTER COLUMN "listTitle" TYPE VARCHAR(255);
Executing (default): ALTER TABLE "kps" ALTER COLUMN "managerName" SET NOT NULL;ALTER TABLE "kps" ALTER COLUMN "managerName" DROP DEFAULT;ALTER TABLE "kps" ALTER COLUMN "managerName" TYPE VARCHAR(255);
Executing (default): ALTER TABLE "kps" ALTER COLUMN "createdAt" SET NOT NULL;ALTER TABLE "kps" ALTER COLUMN "createdAt" DROP DEFAULT;ALTER TABLE "kps" ALTER COLUMN "createdAt" TYPE TIMESTAMP WITH TIME ZONE;
Executing (default): ALTER TABLE "kps" ALTER COLUMN "updatedAt" SET NOT NULL;ALTER TABLE "kps" ALTER COLUMN "updatedAt" DROP DEFAULT;ALTER TABLE "kps" ALTER COLUMN "updatedAt" TYPE TIMESTAMP WITH TIME ZONE;
Executing (default): ALTER TABLE "kps" DROP CONSTRAINT "kps_managerId_fkey"
Executing (default): ALTER TABLE "kps"  ADD FOREIGN KEY ("managerId") REFERENCES "Users" ("id") ON DELETE SET NULL ON UPDATE CASCADE;
Executing (default): ALTER TABLE "kps" DROP CONSTRAINT "kps_contractorId_fkey"
Executing (default): ALTER TABLE "kps"  ADD FOREIGN KEY ("contractorId") REFERENCES "Contractors" ("id") ON DELETE SET NULL ON UPDATE CASCADE;
Executing (default): ALTER TABLE "kps" DROP CONSTRAINT "kps_eventId_fkey"
Executing (default): ALTER TABLE "kps"  ADD FOREIGN KEY ("eventId") REFERENCES "Events" ("id") ON DELETE SET NULL ON UPDATE CASCADE;
Executing (default): ALTER TABLE "kps" ALTER COLUMN "status" DROP NOT NULL;ALTER TABLE "kps" ALTER COLUMN "status" SET DEFAULT 'draft';ALTER TABLE "kps" ALTER COLUMN "status" TYPE VARCHAR(255);
Executing (default): ALTER TABLE "kps" ALTER COLUMN "totalAmount" DROP NOT NULL;ALTER TABLE "kps" ALTER COLUMN "totalAmount" DROP DEFAULT;ALTER TABLE "kps" ALTER COLUMN "totalAmount" TYPE INTEGER;
Executing (default): SELECT i.relname AS name, ix.indisprimary AS primary, ix.indisunique AS unique, ix.indkey AS indkey, array_agg(a.attnum) as column_indexes, array_agg(a.attname) AS column_names, pg_get_indexdef(ix.indexrelid) AS definition FROM pg_class t, pg_class i, pg_index ix, pg_attribute a WHERE t.oid = ix.indrelid AND i.oid = ix.indexrelid AND a.attrelid = t.oid AND t.relkind = 'r' and t.relname = 'kps' GROUP BY i.relname, ix.indexrelid, ix.indisprimary, ix.indisunique, ix.indkey ORDER BY i.relname;
Executing (default): SELECT table_name FROM information_schema.tables WHERE table_schema = 'public' AND table_name = 'lists'
Executing (default): SELECT pk.constraint_type as "Constraint",c.column_name as "Field", c.column_default as "Default",c.is_nullable as "Null", (CASE WHEN c.udt_name = 'hstore' THEN c.udt_name ELSE c.data_type END) || (CASE WHEN c.character_maximum_length IS NOT NULL THEN '(' || c.character_maximum_length || ')' ELSE '' END) as "Type", (SELECT array_agg(e.enumlabel) FROM pg_catalog.pg_type t JOIN pg_catalog.pg_enum e ON t.oid=e.enumtypid WHERE t.typname=c.udt_name) AS "special", (SELECT pgd.description FROM pg_catalog.pg_statio_all_tables AS st INNER JOIN pg_catalog.pg_description pgd on (pgd.objoid=st.relid) WHERE c.ordinal_position=pgd.objsubid AND c.table_name=st.relname) AS "Comment" FROM information_schema.columns c LEFT JOIN (SELECT tc.table_schema, tc.table_name, cu.column_name, tc.constraint_type FROM information_schema.TABLE_CONSTRAINTS tc JOIN information_schema.KEY_COLUMN_USAGE  cu ON tc.table_schema=cu.table_schema and tc.table_name=cu.table_name and tc.constraint_name=cu.constraint_name and tc.constraint_type='PRIMARY KEY') pk ON pk.table_schema=c.table_schema AND pk.table_name=c.table_name AND pk.column_name=c.column_name WHERE c.table_name = 'lists' AND c.table_schema = 'public'
Executing (default): SELECT DISTINCT tc.constraint_name as constraint_name, tc.constraint_schema as constraint_schema, tc.constraint_catalog as constraint_catalog, tc.table_name as table_name,tc.table_schema as table_schema,tc.table_catalog as table_catalog,tc.initially_deferred as initially_deferred,tc.is_deferrable as is_deferrable,kcu.column_name as column_name,ccu.table_schema  AS referenced_table_schema,ccu.table_catalog  AS referenced_table_catalog,ccu.table_name  AS referenced_table_name,ccu.column_name AS referenced_column_name FROM information_schema.table_constraints AS tc JOIN information_schema.key_column_usage AS kcu ON tc.constraint_name = kcu.constraint_name JOIN information_schema.constraint_column_usage AS ccu ON ccu.constraint_name = tc.constraint_name WHERE constraint_type = 'FOREIGN KEY' AND tc.table_name = 'lists' AND tc.table_catalog = 'KURGI_KP'
Executing (default): ALTER TABLE "lists" ALTER COLUMN "startEvent" SET NOT NULL;ALTER TABLE "lists" ALTER COLUMN "startEvent" DROP DEFAULT;ALTER TABLE "lists" ALTER COLUMN "startEvent" TYPE DATE;
Executing (default): ALTER TABLE "lists" ALTER COLUMN "endEvent" SET NOT NULL;ALTER TABLE "lists" ALTER COLUMN "endEvent" DROP DEFAULT;ALTER TABLE "lists" ALTER COLUMN "endEvent" TYPE DATE;
Executing (default): ALTER TABLE "lists" ALTER COLUMN "startTimeStartEvent" SET NOT NULL;ALTER TABLE "lists" ALTER COLUMN "startTimeStartEvent" DROP DEFAULT;ALTER TABLE "lists" ALTER COLUMN "startTimeStartEvent" TYPE TIME;
Executing (default): ALTER TABLE "lists" ALTER COLUMN "endTimeStartEvent" SET NOT NULL;ALTER TABLE "lists" ALTER COLUMN "endTimeStartEvent" DROP DEFAULT;ALTER TABLE "lists" ALTER COLUMN "endTimeStartEvent" TYPE TIME;
Executing (default): ALTER TABLE "lists" ALTER COLUMN "startTimeEndEvent" SET NOT NULL;ALTER TABLE "lists" ALTER COLUMN "startTimeEndEvent" DROP DEFAULT;ALTER TABLE "lists" ALTER COLUMN "startTimeEndEvent" TYPE TIME;
Executing (default): ALTER TABLE "lists" ALTER COLUMN "endTimeEndEvent" SET NOT NULL;ALTER TABLE "lists" ALTER COLUMN "endTimeEndEvent" DROP DEFAULT;ALTER TABLE "lists" ALTER COLUMN "endTimeEndEvent" TYPE TIME;
Executing (default): ALTER TABLE "lists" ALTER COLUMN "eventPlace" SET NOT NULL;ALTER TABLE "lists" ALTER COLUMN "eventPlace" DROP DEFAULT;ALTER TABLE "lists" ALTER COLUMN "eventPlace" TYPE VARCHAR(255);
Executing (default): ALTER TABLE "lists" ALTER COLUMN "countOfPerson" SET NOT NULL;ALTER TABLE "lists" ALTER COLUMN "countOfPerson" DROP DEFAULT;ALTER TABLE "lists" ALTER COLUMN "countOfPerson" TYPE VARCHAR(255);
Executing (default): ALTER TABLE "lists" ALTER COLUMN "listTitle" DROP NOT NULL;ALTER TABLE "lists" ALTER COLUMN "listTitle" DROP DEFAULT;ALTER TABLE "lists" ALTER COLUMN "listTitle" TYPE VARCHAR(255);
Executing (default): ALTER TABLE "lists" ALTER COLUMN "createdAt" SET NOT NULL;ALTER TABLE "lists" ALTER COLUMN "createdAt" DROP DEFAULT;ALTER TABLE "lists" ALTER COLUMN "createdAt" TYPE TIMESTAMP WITH TIME ZONE;
Executing (default): ALTER TABLE "lists" ALTER COLUMN "updatedAt" SET NOT NULL;ALTER TABLE "lists" ALTER COLUMN "updatedAt" DROP DEFAULT;ALTER TABLE "lists" ALTER COLUMN "updatedAt" TYPE TIMESTAMP WITH TIME ZONE;
Executing (default): ALTER TABLE "lists" DROP CONSTRAINT "lists_kpId_fkey"
Executing (default): ALTER TABLE "lists"  ADD FOREIGN KEY ("kpId") REFERENCES "kps" ("id") ON DELETE SET NULL ON UPDATE CASCADE;
Executing (default): SELECT i.relname AS name, ix.indisprimary AS primary, ix.indisunique AS unique, ix.indkey AS indkey, array_agg(a.attnum) as column_indexes, array_agg(a.attname) AS column_names, pg_get_indexdef(ix.indexrelid) AS definition FROM pg_class t, pg_class i, pg_index ix, pg_attribute a WHERE t.oid = ix.indrelid AND i.oid = ix.indexrelid AND a.attrelid = t.oid AND t.relkind = 'r' and t.relname = 'lists' GROUP BY i.relname, ix.indexrelid, ix.indisprimary, ix.indisunique, ix.indkey ORDER BY i.relname;
Executing (default): SELECT table_name FROM information_schema.tables WHERE table_schema = 'public' AND table_name = 'rows'
Executing (default): SELECT pk.constraint_type as "Constraint",c.column_name as "Field", c.column_default as "Default",c.is_nullable as "Null", (CASE WHEN c.udt_name = 'hstore' THEN c.udt_name ELSE c.data_type END) || (CASE WHEN c.character_maximum_length IS NOT NULL THEN '(' || c.character_maximum_length || ')' ELSE '' END) as "Type", (SELECT array_agg(e.enumlabel) FROM pg_catalog.pg_type t JOIN pg_catalog.pg_enum e ON t.oid=e.enumtypid WHERE t.typname=c.udt_name) AS "special", (SELECT pgd.description FROM pg_catalog.pg_statio_all_tables AS st INNER JOIN pg_catalog.pg_description pgd on (pgd.objoid=st.relid) WHERE c.ordinal_position=pgd.objsubid AND c.table_name=st.relname) AS "Comment" FROM information_schema.columns c LEFT JOIN (SELECT tc.table_schema, tc.table_name, cu.column_name, tc.constraint_type FROM information_schema.TABLE_CONSTRAINTS tc JOIN information_schema.KEY_COLUMN_USAGE  cu ON tc.table_schema=cu.table_schema and tc.table_name=cu.table_name and tc.constraint_name=cu.constraint_name and tc.constraint_type='PRIMARY KEY') pk ON pk.table_schema=c.table_schema AND pk.table_name=c.table_name AND pk.column_name=c.column_name WHERE c.table_name = 'rows' AND c.table_schema = 'public'
Executing (default): SELECT DISTINCT tc.constraint_name as constraint_name, tc.constraint_schema as constraint_schema, tc.constraint_catalog as constraint_catalog, tc.table_name as table_name,tc.table_schema as table_schema,tc.table_catalog as table_catalog,tc.initially_deferred as initially_deferred,tc.is_deferrable as is_deferrable,kcu.column_name as column_name,ccu.table_schema  AS referenced_table_schema,ccu.table_catalog  AS referenced_table_catalog,ccu.table_name  AS referenced_table_name,ccu.column_name AS referenced_column_name FROM information_schema.table_constraints AS tc JOIN information_schema.key_column_usage AS kcu ON tc.constraint_name = kcu.constraint_name JOIN information_schema.constraint_column_usage AS ccu ON ccu.constraint_name = tc.constraint_name WHERE constraint_type = 'FOREIGN KEY' AND tc.table_name = 'rows' AND tc.table_catalog = 'KURGI_KP'
Executing (default): ALTER TABLE "rows" ALTER COLUMN "product" SET NOT NULL;ALTER TABLE "rows" ALTER COLUMN "product" DROP DEFAULT;ALTER TABLE "rows" ALTER COLUMN "product" TYPE VARCHAR(255);
Executing (default): ALTER TABLE "rows" ALTER COLUMN "composition" DROP NOT NULL;ALTER TABLE "rows" ALTER COLUMN "composition" DROP DEFAULT;ALTER TABLE "rows" ALTER COLUMN "composition" TYPE VARCHAR(255);
Executing (default): ALTER TABLE "rows" ALTER COLUMN "productWeight" DROP NOT NULL;ALTER TABLE "rows" ALTER COLUMN "productWeight" DROP DEFAULT;ALTER TABLE "rows" ALTER COLUMN "productWeight" TYPE INTEGER;
Executing (default): ALTER TABLE "rows" ALTER COLUMN "countOfProduct" SET NOT NULL;ALTER TABLE "rows" ALTER COLUMN "countOfProduct" DROP DEFAULT;ALTER TABLE "rows" ALTER COLUMN "countOfProduct" TYPE INTEGER;
Executing (default): ALTER TABLE "rows" ALTER COLUMN "priceOfProduct" SET NOT NULL;ALTER TABLE "rows" ALTER COLUMN "priceOfProduct" DROP DEFAULT;ALTER TABLE "rows" ALTER COLUMN "priceOfProduct" TYPE INTEGER;
Executing (default): ALTER TABLE "rows" ALTER COLUMN "createdAt" SET NOT NULL;ALTER TABLE "rows" ALTER COLUMN "createdAt" DROP DEFAULT;ALTER TABLE "rows" ALTER COLUMN "createdAt" TYPE TIMESTAMP WITH TIME ZONE;
Executing (default): ALTER TABLE "rows" ALTER COLUMN "updatedAt" SET NOT NULL;ALTER TABLE "rows" ALTER COLUMN "updatedAt" DROP DEFAULT;ALTER TABLE "rows" ALTER COLUMN "updatedAt" TYPE TIMESTAMP WITH TIME ZONE;
Executing (default): ALTER TABLE "rows" DROP CONSTRAINT "rows_listId_fkey"
Executing (default): ALTER TABLE "rows"  ADD FOREIGN KEY ("listId") REFERENCES "lists" ("id") ON DELETE SET NULL ON UPDATE CASCADE;
Executing (default): ALTER TABLE "rows" ALTER COLUMN "typeOfProduct" DROP NOT NULL;ALTER TABLE "rows" ALTER COLUMN "typeOfProduct" DROP DEFAULT;ALTER TABLE "rows" ALTER COLUMN "typeOfProduct" TYPE VARCHAR(255);
Executing (default): ALTER TABLE "rows" ALTER COLUMN "order" SET NOT NULL;ALTER TABLE "rows" ALTER COLUMN "order" SET DEFAULT 0;ALTER TABLE "rows" ALTER COLUMN "order" TYPE INTEGER;
Executing (default): SELECT i.relname AS name, ix.indisprimary AS primary, ix.indisunique AS unique, ix.indkey AS indkey, array_agg(a.attnum) as column_indexes, array_agg(a.attname) AS column_names, pg_get_indexdef(ix.indexrelid) AS definition FROM pg_class t, pg_class i, pg_index ix, pg_attribute a WHERE t.oid = ix.indrelid AND i.oid = ix.indexrelid AND a.attrelid = t.oid AND t.relkind = 'r' and t.relname = 'rows' GROUP BY i.relname, ix.indexrelid, ix.indisprimary, ix.indisunique, ix.indkey ORDER BY i.relname;
server started on port 3000
[32m[nodemon] restarting due to changes...[39m
[32m[nodemon] starting `node index.js`[39m
Executing (default): SELECT 1+1 AS result
Executing (default): SELECT table_name FROM information_schema.tables WHERE table_schema = 'public' AND table_name = 'Users'
Executing (default): SELECT t.typname enum_name, array_agg(e.enumlabel ORDER BY enumsortorder) enum_value FROM pg_type t JOIN pg_enum e ON t.oid = e.enumtypid JOIN pg_catalog.pg_namespace n ON n.oid = t.typnamespace WHERE n.nspname = 'public' AND t.typname='enum_Users_role' GROUP BY 1
Executing (default): SELECT pk.constraint_type as "Constraint",c.column_name as "Field", c.column_default as "Default",c.is_nullable as "Null", (CASE WHEN c.udt_name = 'hstore' THEN c.udt_name ELSE c.data_type END) || (CASE WHEN c.character_maximum_length IS NOT NULL THEN '(' || c.character_maximum_length || ')' ELSE '' END) as "Type", (SELECT array_agg(e.enumlabel) FROM pg_catalog.pg_type t JOIN pg_catalog.pg_enum e ON t.oid=e.enumtypid WHERE t.typname=c.udt_name) AS "special", (SELECT pgd.description FROM pg_catalog.pg_statio_all_tables AS st INNER JOIN pg_catalog.pg_description pgd on (pgd.objoid=st.relid) WHERE c.ordinal_position=pgd.objsubid AND c.table_name=st.relname) AS "Comment" FROM information_schema.columns c LEFT JOIN (SELECT tc.table_schema, tc.table_name, cu.column_name, tc.constraint_type FROM information_schema.TABLE_CONSTRAINTS tc JOIN information_schema.KEY_COLUMN_USAGE  cu ON tc.table_schema=cu.table_schema and tc.table_name=cu.table_name and tc.constraint_name=cu.constraint_name and tc.constraint_type='PRIMARY KEY') pk ON pk.table_schema=c.table_schema AND pk.table_name=c.table_name AND pk.column_name=c.column_name WHERE c.table_name = 'Users' AND c.table_schema = 'public'
Executing (default): SELECT DISTINCT tc.constraint_name as constraint_name, tc.constraint_schema as constraint_schema, tc.constraint_catalog as constraint_catalog, tc.table_name as table_name,tc.table_schema as table_schema,tc.table_catalog as table_catalog,tc.initially_deferred as initially_deferred,tc.is_deferrable as is_deferrable,kcu.column_name as column_name,ccu.table_schema  AS referenced_table_schema,ccu.table_catalog  AS referenced_table_catalog,ccu.table_name  AS referenced_table_name,ccu.column_name AS referenced_column_name FROM information_schema.table_constraints AS tc JOIN information_schema.key_column_usage AS kcu ON tc.constraint_name = kcu.constraint_name JOIN information_schema.constraint_column_usage AS ccu ON ccu.constraint_name = tc.constraint_name WHERE constraint_type = 'FOREIGN KEY' AND tc.table_name = 'Users' AND tc.table_catalog = 'KURGI_KP'
Executing (default): ALTER TABLE "Users" ALTER COLUMN "email" SET NOT NULL;ALTER TABLE "Users" ALTER COLUMN "email" DROP DEFAULT;ALTER TABLE "Users"  ADD UNIQUE ("email");ALTER TABLE "Users" ALTER COLUMN "email" TYPE VARCHAR(255)  ;
Executing (default): ALTER TABLE "Users" ALTER COLUMN "password" SET NOT NULL;ALTER TABLE "Users" ALTER COLUMN "password" DROP DEFAULT;ALTER TABLE "Users" ALTER COLUMN "password" TYPE VARCHAR(255);
Executing (default): ALTER TABLE "Users" ALTER COLUMN "name" SET NOT NULL;ALTER TABLE "Users" ALTER COLUMN "name" DROP DEFAULT;ALTER TABLE "Users" ALTER COLUMN "name" TYPE VARCHAR(255);
Executing (default): ALTER TABLE "Users" ALTER COLUMN "role" DROP NOT NULL;ALTER TABLE "Users" ALTER COLUMN "role" SET DEFAULT 'manager';DO 'BEGIN CREATE TYPE "public"."enum_Users_role" AS ENUM(''manager'', ''admin''); EXCEPTION WHEN duplicate_object THEN null; END';ALTER TABLE "Users" ALTER COLUMN "role" TYPE "public"."enum_Users_role" USING ("role"::"public"."enum_Users_role");
Executing (default): ALTER TABLE "Users" ALTER COLUMN "createdAt" SET NOT NULL;ALTER TABLE "Users" ALTER COLUMN "createdAt" DROP DEFAULT;ALTER TABLE "Users" ALTER COLUMN "createdAt" TYPE TIMESTAMP WITH TIME ZONE;
Executing (default): ALTER TABLE "Users" ALTER COLUMN "updatedAt" SET NOT NULL;ALTER TABLE "Users" ALTER COLUMN "updatedAt" DROP DEFAULT;ALTER TABLE "Users" ALTER COLUMN "updatedAt" TYPE TIMESTAMP WITH TIME ZONE;
Executing (default): ALTER TABLE "Users" ALTER COLUMN "job" DROP NOT NULL;ALTER TABLE "Users" ALTER COLUMN "job" DROP DEFAULT;ALTER TABLE "Users" ALTER COLUMN "job" TYPE VARCHAR(255);
Executing (default): ALTER TABLE "Users" ALTER COLUMN "tel" DROP NOT NULL;ALTER TABLE "Users" ALTER COLUMN "tel" DROP DEFAULT;ALTER TABLE "Users" ALTER COLUMN "tel" TYPE VARCHAR(255);
Executing (default): ALTER TABLE "Users" ALTER COLUMN "photo" DROP NOT NULL;ALTER TABLE "Users" ALTER COLUMN "photo" DROP DEFAULT;ALTER TABLE "Users" ALTER COLUMN "photo" TYPE VARCHAR(255);
Executing (default): SELECT i.relname AS name, ix.indisprimary AS primary, ix.indisunique AS unique, ix.indkey AS indkey, array_agg(a.attnum) as column_indexes, array_agg(a.attname) AS column_names, pg_get_indexdef(ix.indexrelid) AS definition FROM pg_class t, pg_class i, pg_index ix, pg_attribute a WHERE t.oid = ix.indrelid AND i.oid = ix.indexrelid AND a.attrelid = t.oid AND t.relkind = 'r' and t.relname = 'Users' GROUP BY i.relname, ix.indexrelid, ix.indisprimary, ix.indisunique, ix.indkey ORDER BY i.relname;
Executing (default): SELECT table_name FROM information_schema.tables WHERE table_schema = 'public' AND table_name = 'Contractors'
Executing (default): SELECT pk.constraint_type as "Constraint",c.column_name as "Field", c.column_default as "Default",c.is_nullable as "Null", (CASE WHEN c.udt_name = 'hstore' THEN c.udt_name ELSE c.data_type END) || (CASE WHEN c.character_maximum_length IS NOT NULL THEN '(' || c.character_maximum_length || ')' ELSE '' END) as "Type", (SELECT array_agg(e.enumlabel) FROM pg_catalog.pg_type t JOIN pg_catalog.pg_enum e ON t.oid=e.enumtypid WHERE t.typname=c.udt_name) AS "special", (SELECT pgd.description FROM pg_catalog.pg_statio_all_tables AS st INNER JOIN pg_catalog.pg_description pgd on (pgd.objoid=st.relid) WHERE c.ordinal_position=pgd.objsubid AND c.table_name=st.relname) AS "Comment" FROM information_schema.columns c LEFT JOIN (SELECT tc.table_schema, tc.table_name, cu.column_name, tc.constraint_type FROM information_schema.TABLE_CONSTRAINTS tc JOIN information_schema.KEY_COLUMN_USAGE  cu ON tc.table_schema=cu.table_schema and tc.table_name=cu.table_name and tc.constraint_name=cu.constraint_name and tc.constraint_type='PRIMARY KEY') pk ON pk.table_schema=c.table_schema AND pk.table_name=c.table_name AND pk.column_name=c.column_name WHERE c.table_name = 'Contractors' AND c.table_schema = 'public'
Executing (default): SELECT DISTINCT tc.constraint_name as constraint_name, tc.constraint_schema as constraint_schema, tc.constraint_catalog as constraint_catalog, tc.table_name as table_name,tc.table_schema as table_schema,tc.table_catalog as table_catalog,tc.initially_deferred as initially_deferred,tc.is_deferrable as is_deferrable,kcu.column_name as column_name,ccu.table_schema  AS referenced_table_schema,ccu.table_catalog  AS referenced_table_catalog,ccu.table_name  AS referenced_table_name,ccu.column_name AS referenced_column_name FROM information_schema.table_constraints AS tc JOIN information_schema.key_column_usage AS kcu ON tc.constraint_name = kcu.constraint_name JOIN information_schema.constraint_column_usage AS ccu ON ccu.constraint_name = tc.constraint_name WHERE constraint_type = 'FOREIGN KEY' AND tc.table_name = 'Contractors' AND tc.table_catalog = 'KURGI_KP'
Executing (default): ALTER TABLE "Contractors" ALTER COLUMN "companyName" SET NOT NULL;ALTER TABLE "Contractors" ALTER COLUMN "companyName" DROP DEFAULT;ALTER TABLE "Contractors" ALTER COLUMN "companyName" TYPE VARCHAR(255);
Executing (default): ALTER TABLE "Contractors" ALTER COLUMN "contactPerson" DROP NOT NULL;ALTER TABLE "Contractors" ALTER COLUMN "contactPerson" DROP DEFAULT;ALTER TABLE "Contractors" ALTER COLUMN "contactPerson" TYPE VARCHAR(255);
Executing (default): ALTER TABLE "Contractors" ALTER COLUMN "phone" DROP NOT NULL;ALTER TABLE "Contractors" ALTER COLUMN "phone" DROP DEFAULT;ALTER TABLE "Contractors" ALTER COLUMN "phone" TYPE VARCHAR(255);
Executing (default): ALTER TABLE "Contractors" ALTER COLUMN "email" DROP NOT NULL;ALTER TABLE "Contractors" ALTER COLUMN "email" DROP DEFAULT;ALTER TABLE "Contractors" ALTER COLUMN "email" TYPE VARCHAR(255);
Executing (default): ALTER TABLE "Contractors" ALTER COLUMN "notes" DROP NOT NULL;ALTER TABLE "Contractors" ALTER COLUMN "notes" DROP DEFAULT;ALTER TABLE "Contractors" ALTER COLUMN "notes" TYPE TEXT;
Executing (default): ALTER TABLE "Contractors" ALTER COLUMN "createdAt" SET NOT NULL;ALTER TABLE "Contractors" ALTER COLUMN "createdAt" DROP DEFAULT;ALTER TABLE "Contractors" ALTER COLUMN "createdAt" TYPE TIMESTAMP WITH TIME ZONE;
Executing (default): ALTER TABLE "Contractors" ALTER COLUMN "updatedAt" SET NOT NULL;ALTER TABLE "Contractors" ALTER COLUMN "updatedAt" DROP DEFAULT;ALTER TABLE "Contractors" ALTER COLUMN "updatedAt" TYPE TIMESTAMP WITH TIME ZONE;
Executing (default): SELECT i.relname AS name, ix.indisprimary AS primary, ix.indisunique AS unique, ix.indkey AS indkey, array_agg(a.attnum) as column_indexes, array_agg(a.attname) AS column_names, pg_get_indexdef(ix.indexrelid) AS definition FROM pg_class t, pg_class i, pg_index ix, pg_attribute a WHERE t.oid = ix.indrelid AND i.oid = ix.indexrelid AND a.attrelid = t.oid AND t.relkind = 'r' and t.relname = 'Contractors' GROUP BY i.relname, ix.indexrelid, ix.indisprimary, ix.indisunique, ix.indkey ORDER BY i.relname;
Executing (default): SELECT table_name FROM information_schema.tables WHERE table_schema = 'public' AND table_name = 'Events'
Executing (default): SELECT pk.constraint_type as "Constraint",c.column_name as "Field", c.column_default as "Default",c.is_nullable as "Null", (CASE WHEN c.udt_name = 'hstore' THEN c.udt_name ELSE c.data_type END) || (CASE WHEN c.character_maximum_length IS NOT NULL THEN '(' || c.character_maximum_length || ')' ELSE '' END) as "Type", (SELECT array_agg(e.enumlabel) FROM pg_catalog.pg_type t JOIN pg_catalog.pg_enum e ON t.oid=e.enumtypid WHERE t.typname=c.udt_name) AS "special", (SELECT pgd.description FROM pg_catalog.pg_statio_all_tables AS st INNER JOIN pg_catalog.pg_description pgd on (pgd.objoid=st.relid) WHERE c.ordinal_position=pgd.objsubid AND c.table_name=st.relname) AS "Comment" FROM information_schema.columns c LEFT JOIN (SELECT tc.table_schema, tc.table_name, cu.column_name, tc.constraint_type FROM information_schema.TABLE_CONSTRAINTS tc JOIN information_schema.KEY_COLUMN_USAGE  cu ON tc.table_schema=cu.table_schema and tc.table_name=cu.table_name and tc.constraint_name=cu.constraint_name and tc.constraint_type='PRIMARY KEY') pk ON pk.table_schema=c.table_schema AND pk.table_name=c.table_name AND pk.column_name=c.column_name WHERE c.table_name = 'Events' AND c.table_schema = 'public'
Executing (default): SELECT DISTINCT tc.constraint_name as constraint_name, tc.constraint_schema as constraint_schema, tc.constraint_catalog as constraint_catalog, tc.table_name as table_name,tc.table_schema as table_schema,tc.table_catalog as table_catalog,tc.initially_deferred as initially_deferred,tc.is_deferrable as is_deferrable,kcu.column_name as column_name,ccu.table_schema  AS referenced_table_schema,ccu.table_catalog  AS referenced_table_catalog,ccu.table_name  AS referenced_table_name,ccu.column_name AS referenced_column_name FROM information_schema.table_constraints AS tc JOIN information_schema.key_column_usage AS kcu ON tc.constraint_name = kcu.constraint_name JOIN information_schema.constraint_column_usage AS ccu ON ccu.constraint_name = tc.constraint_name WHERE constraint_type = 'FOREIGN KEY' AND tc.table_name = 'Events' AND tc.table_catalog = 'KURGI_KP'
Executing (default): ALTER TABLE "Events" ALTER COLUMN "title" SET NOT NULL;ALTER TABLE "Events" ALTER COLUMN "title" DROP DEFAULT;ALTER TABLE "Events" ALTER COLUMN "title" TYPE VARCHAR(255);
Executing (default): ALTER TABLE "Events" DROP CONSTRAINT "Events_contractorId_fkey"
Ошибка подключения к БД SequelizeUnknownConstraintError: Unknown constraint error
[32m[nodemon] clean exit - waiting for changes before restart[39m
[32m[nodemon] restarting due to changes...[39m
[32m[nodemon] starting `node index.js`[39m
Executing (default): SELECT 1+1 AS result
Executing (default): SELECT table_name FROM information_schema.tables WHERE table_schema = 'public' AND table_name = 'Users'
Executing (default): SELECT t.typname enum_name, array_agg(e.enumlabel ORDER BY enumsortorder) enum_value FROM pg_type t JOIN pg_enum e ON t.oid = e.enumtypid JOIN pg_catalog.pg_namespace n ON n.oid = t.typnamespace WHERE n.nspname = 'public' AND t.typname='enum_Users_role' GROUP BY 1
Executing (default): SELECT pk.constraint_type as "Constraint",c.column_name as "Field", c.column_default as "Default",c.is_nullable as "Null", (CASE WHEN c.udt_name = 'hstore' THEN c.udt_name ELSE c.data_type END) || (CASE WHEN c.character_maximum_length IS NOT NULL THEN '(' || c.character_maximum_length || ')' ELSE '' END) as "Type", (SELECT array_agg(e.enumlabel) FROM pg_catalog.pg_type t JOIN pg_catalog.pg_enum e ON t.oid=e.enumtypid WHERE t.typname=c.udt_name) AS "special", (SELECT pgd.description FROM pg_catalog.pg_statio_all_tables AS st INNER JOIN pg_catalog.pg_description pgd on (pgd.objoid=st.relid) WHERE c.ordinal_position=pgd.objsubid AND c.table_name=st.relname) AS "Comment" FROM information_schema.columns c LEFT JOIN (SELECT tc.table_schema, tc.table_name, cu.column_name, tc.constraint_type FROM information_schema.TABLE_CONSTRAINTS tc JOIN information_schema.KEY_COLUMN_USAGE  cu ON tc.table_schema=cu.table_schema and tc.table_name=cu.table_name and tc.constraint_name=cu.constraint_name and tc.constraint_type='PRIMARY KEY') pk ON pk.table_schema=c.table_schema AND pk.table_name=c.table_name AND pk.column_name=c.column_name WHERE c.table_name = 'Users' AND c.table_schema = 'public'
Executing (default): SELECT DISTINCT tc.constraint_name as constraint_name, tc.constraint_schema as constraint_schema, tc.constraint_catalog as constraint_catalog, tc.table_name as table_name,tc.table_schema as table_schema,tc.table_catalog as table_catalog,tc.initially_deferred as initially_deferred,tc.is_deferrable as is_deferrable,kcu.column_name as column_name,ccu.table_schema  AS referenced_table_schema,ccu.table_catalog  AS referenced_table_catalog,ccu.table_name  AS referenced_table_name,ccu.column_name AS referenced_column_name FROM information_schema.table_constraints AS tc JOIN information_schema.key_column_usage AS kcu ON tc.constraint_name = kcu.constraint_name JOIN information_schema.constraint_column_usage AS ccu ON ccu.constraint_name = tc.constraint_name WHERE constraint_type = 'FOREIGN KEY' AND tc.table_name = 'Users' AND tc.table_catalog = 'KURGI_KP'
Executing (default): ALTER TABLE "Users" ALTER COLUMN "email" SET NOT NULL;ALTER TABLE "Users" ALTER COLUMN "email" DROP DEFAULT;ALTER TABLE "Users"  ADD UNIQUE ("email");ALTER TABLE "Users" ALTER COLUMN "email" TYPE VARCHAR(255)  ;
Executing (default): ALTER TABLE "Users" ALTER COLUMN "password" SET NOT NULL;ALTER TABLE "Users" ALTER COLUMN "password" DROP DEFAULT;ALTER TABLE "Users" ALTER COLUMN "password" TYPE VARCHAR(255);
Executing (default): ALTER TABLE "Users" ALTER COLUMN "name" SET NOT NULL;ALTER TABLE "Users" ALTER COLUMN "name" DROP DEFAULT;ALTER TABLE "Users" ALTER COLUMN "name" TYPE VARCHAR(255);
Executing (default): ALTER TABLE "Users" ALTER COLUMN "role" DROP NOT NULL;ALTER TABLE "Users" ALTER COLUMN "role" SET DEFAULT 'manager';DO 'BEGIN CREATE TYPE "public"."enum_Users_role" AS ENUM(''manager'', ''admin''); EXCEPTION WHEN duplicate_object THEN null; END';ALTER TABLE "Users" ALTER COLUMN "role" TYPE "public"."enum_Users_role" USING ("role"::"public"."enum_Users_role");
Executing (default): ALTER TABLE "Users" ALTER COLUMN "createdAt" SET NOT NULL;ALTER TABLE "Users" ALTER COLUMN "createdAt" DROP DEFAULT;ALTER TABLE "Users" ALTER COLUMN "createdAt" TYPE TIMESTAMP WITH TIME ZONE;
Executing (default): ALTER TABLE "Users" ALTER COLUMN "updatedAt" SET NOT NULL;ALTER TABLE "Users" ALTER COLUMN "updatedAt" DROP DEFAULT;ALTER TABLE "Users" ALTER COLUMN "updatedAt" TYPE TIMESTAMP WITH TIME ZONE;
Executing (default): ALTER TABLE "Users" ALTER COLUMN "job" DROP NOT NULL;ALTER TABLE "Users" ALTER COLUMN "job" DROP DEFAULT;ALTER TABLE "Users" ALTER COLUMN "job" TYPE VARCHAR(255);
Executing (default): ALTER TABLE "Users" ALTER COLUMN "tel" DROP NOT NULL;ALTER TABLE "Users" ALTER COLUMN "tel" DROP DEFAULT;ALTER TABLE "Users" ALTER COLUMN "tel" TYPE VARCHAR(255);
Executing (default): ALTER TABLE "Users" ALTER COLUMN "photo" DROP NOT NULL;ALTER TABLE "Users" ALTER COLUMN "photo" DROP DEFAULT;ALTER TABLE "Users" ALTER COLUMN "photo" TYPE VARCHAR(255);
Executing (default): SELECT i.relname AS name, ix.indisprimary AS primary, ix.indisunique AS unique, ix.indkey AS indkey, array_agg(a.attnum) as column_indexes, array_agg(a.attname) AS column_names, pg_get_indexdef(ix.indexrelid) AS definition FROM pg_class t, pg_class i, pg_index ix, pg_attribute a WHERE t.oid = ix.indrelid AND i.oid = ix.indexrelid AND a.attrelid = t.oid AND t.relkind = 'r' and t.relname = 'Users' GROUP BY i.relname, ix.indexrelid, ix.indisprimary, ix.indisunique, ix.indkey ORDER BY i.relname;
Executing (default): SELECT table_name FROM information_schema.tables WHERE table_schema = 'public' AND table_name = 'Contractors'
Executing (default): SELECT pk.constraint_type as "Constraint",c.column_name as "Field", c.column_default as "Default",c.is_nullable as "Null", (CASE WHEN c.udt_name = 'hstore' THEN c.udt_name ELSE c.data_type END) || (CASE WHEN c.character_maximum_length IS NOT NULL THEN '(' || c.character_maximum_length || ')' ELSE '' END) as "Type", (SELECT array_agg(e.enumlabel) FROM pg_catalog.pg_type t JOIN pg_catalog.pg_enum e ON t.oid=e.enumtypid WHERE t.typname=c.udt_name) AS "special", (SELECT pgd.description FROM pg_catalog.pg_statio_all_tables AS st INNER JOIN pg_catalog.pg_description pgd on (pgd.objoid=st.relid) WHERE c.ordinal_position=pgd.objsubid AND c.table_name=st.relname) AS "Comment" FROM information_schema.columns c LEFT JOIN (SELECT tc.table_schema, tc.table_name, cu.column_name, tc.constraint_type FROM information_schema.TABLE_CONSTRAINTS tc JOIN information_schema.KEY_COLUMN_USAGE  cu ON tc.table_schema=cu.table_schema and tc.table_name=cu.table_name and tc.constraint_name=cu.constraint_name and tc.constraint_type='PRIMARY KEY') pk ON pk.table_schema=c.table_schema AND pk.table_name=c.table_name AND pk.column_name=c.column_name WHERE c.table_name = 'Contractors' AND c.table_schema = 'public'
Executing (default): SELECT DISTINCT tc.constraint_name as constraint_name, tc.constraint_schema as constraint_schema, tc.constraint_catalog as constraint_catalog, tc.table_name as table_name,tc.table_schema as table_schema,tc.table_catalog as table_catalog,tc.initially_deferred as initially_deferred,tc.is_deferrable as is_deferrable,kcu.column_name as column_name,ccu.table_schema  AS referenced_table_schema,ccu.table_catalog  AS referenced_table_catalog,ccu.table_name  AS referenced_table_name,ccu.column_name AS referenced_column_name FROM information_schema.table_constraints AS tc JOIN information_schema.key_column_usage AS kcu ON tc.constraint_name = kcu.constraint_name JOIN information_schema.constraint_column_usage AS ccu ON ccu.constraint_name = tc.constraint_name WHERE constraint_type = 'FOREIGN KEY' AND tc.table_name = 'Contractors' AND tc.table_catalog = 'KURGI_KP'
Executing (default): ALTER TABLE "Contractors" ALTER COLUMN "companyName" SET NOT NULL;ALTER TABLE "Contractors" ALTER COLUMN "companyName" DROP DEFAULT;ALTER TABLE "Contractors" ALTER COLUMN "companyName" TYPE VARCHAR(255);
Executing (default): ALTER TABLE "Contractors" ALTER COLUMN "contactPerson" DROP NOT NULL;ALTER TABLE "Contractors" ALTER COLUMN "contactPerson" DROP DEFAULT;ALTER TABLE "Contractors" ALTER COLUMN "contactPerson" TYPE VARCHAR(255);
Executing (default): ALTER TABLE "Contractors" ALTER COLUMN "phone" DROP NOT NULL;ALTER TABLE "Contractors" ALTER COLUMN "phone" DROP DEFAULT;ALTER TABLE "Contractors" ALTER COLUMN "phone" TYPE VARCHAR(255);
Executing (default): ALTER TABLE "Contractors" ALTER COLUMN "email" DROP NOT NULL;ALTER TABLE "Contractors" ALTER COLUMN "email" DROP DEFAULT;ALTER TABLE "Contractors" ALTER COLUMN "email" TYPE VARCHAR(255);
Executing (default): ALTER TABLE "Contractors" ALTER COLUMN "notes" DROP NOT NULL;ALTER TABLE "Contractors" ALTER COLUMN "notes" DROP DEFAULT;ALTER TABLE "Contractors" ALTER COLUMN "notes" TYPE TEXT;
Executing (default): ALTER TABLE "Contractors" ALTER COLUMN "createdAt" SET NOT NULL;ALTER TABLE "Contractors" ALTER COLUMN "createdAt" DROP DEFAULT;ALTER TABLE "Contractors" ALTER COLUMN "createdAt" TYPE TIMESTAMP WITH TIME ZONE;
Executing (default): ALTER TABLE "Contractors" ALTER COLUMN "updatedAt" SET NOT NULL;ALTER TABLE "Contractors" ALTER COLUMN "updatedAt" DROP DEFAULT;ALTER TABLE "Contractors" ALTER COLUMN "updatedAt" TYPE TIMESTAMP WITH TIME ZONE;
Executing (default): SELECT i.relname AS name, ix.indisprimary AS primary, ix.indisunique AS unique, ix.indkey AS indkey, array_agg(a.attnum) as column_indexes, array_agg(a.attname) AS column_names, pg_get_indexdef(ix.indexrelid) AS definition FROM pg_class t, pg_class i, pg_index ix, pg_attribute a WHERE t.oid = ix.indrelid AND i.oid = ix.indexrelid AND a.attrelid = t.oid AND t.relkind = 'r' and t.relname = 'Contractors' GROUP BY i.relname, ix.indexrelid, ix.indisprimary, ix.indisunique, ix.indkey ORDER BY i.relname;
Executing (default): SELECT table_name FROM information_schema.tables WHERE table_schema = 'public' AND table_name = 'Events'
Executing (default): SELECT pk.constraint_type as "Constraint",c.column_name as "Field", c.column_default as "Default",c.is_nullable as "Null", (CASE WHEN c.udt_name = 'hstore' THEN c.udt_name ELSE c.data_type END) || (CASE WHEN c.character_maximum_length IS NOT NULL THEN '(' || c.character_maximum_length || ')' ELSE '' END) as "Type", (SELECT array_agg(e.enumlabel) FROM pg_catalog.pg_type t JOIN pg_catalog.pg_enum e ON t.oid=e.enumtypid WHERE t.typname=c.udt_name) AS "special", (SELECT pgd.description FROM pg_catalog.pg_statio_all_tables AS st INNER JOIN pg_catalog.pg_description pgd on (pgd.objoid=st.relid) WHERE c.ordinal_position=pgd.objsubid AND c.table_name=st.relname) AS "Comment" FROM information_schema.columns c LEFT JOIN (SELECT tc.table_schema, tc.table_name, cu.column_name, tc.constraint_type FROM information_schema.TABLE_CONSTRAINTS tc JOIN information_schema.KEY_COLUMN_USAGE  cu ON tc.table_schema=cu.table_schema and tc.table_name=cu.table_name and tc.constraint_name=cu.constraint_name and tc.constraint_type='PRIMARY KEY') pk ON pk.table_schema=c.table_schema AND pk.table_name=c.table_name AND pk.column_name=c.column_name WHERE c.table_name = 'Events' AND c.table_schema = 'public'
Executing (default): SELECT DISTINCT tc.constraint_name as constraint_name, tc.constraint_schema as constraint_schema, tc.constraint_catalog as constraint_catalog, tc.table_name as table_name,tc.table_schema as table_schema,tc.table_catalog as table_catalog,tc.initially_deferred as initially_deferred,tc.is_deferrable as is_deferrable,kcu.column_name as column_name,ccu.table_schema  AS referenced_table_schema,ccu.table_catalog  AS referenced_table_catalog,ccu.table_name  AS referenced_table_name,ccu.column_name AS referenced_column_name FROM information_schema.table_constraints AS tc JOIN information_schema.key_column_usage AS kcu ON tc.constraint_name = kcu.constraint_name JOIN information_schema.constraint_column_usage AS ccu ON ccu.constraint_name = tc.constraint_name WHERE constraint_type = 'FOREIGN KEY' AND tc.table_name = 'Events' AND tc.table_catalog = 'KURGI_KP'
Executing (default): ALTER TABLE "Events" ALTER COLUMN "title" SET NOT NULL;ALTER TABLE "Events" ALTER COLUMN "title" DROP DEFAULT;ALTER TABLE "Events" ALTER COLUMN "title" TYPE VARCHAR(255);
Executing (default): ALTER TABLE "Events" DROP CONSTRAINT "Events_contractorId_fkey"
Executing (default): ALTER TABLE "Events"  ADD FOREIGN KEY ("contractorId") REFERENCES "Contractors" ("id") ON DELETE SET NULL ON UPDATE CASCADE;
Executing (default): ALTER TABLE "Events" ALTER COLUMN "eventDate" DROP NOT NULL;ALTER TABLE "Events" ALTER COLUMN "eventDate" DROP DEFAULT;ALTER TABLE "Events" ALTER COLUMN "eventDate" TYPE DATE;
Executing (default): ALTER TABLE "Events" ALTER COLUMN "startTime" DROP NOT NULL;ALTER TABLE "Events" ALTER COLUMN "startTime" DROP DEFAULT;ALTER TABLE "Events" ALTER COLUMN "startTime" TYPE TIME;
Executing (default): ALTER TABLE "Events" ALTER COLUMN "endTime" DROP NOT NULL;ALTER TABLE "Events" ALTER COLUMN "endTime" DROP DEFAULT;ALTER TABLE "Events" ALTER COLUMN "endTime" TYPE TIME;
Executing (default): ALTER TABLE "Events" ALTER COLUMN "location" DROP NOT NULL;ALTER TABLE "Events" ALTER COLUMN "location" DROP DEFAULT;ALTER TABLE "Events" ALTER COLUMN "location" TYPE VARCHAR(255);
Executing (default): ALTER TABLE "Events" ALTER COLUMN "status" SET NOT NULL;ALTER TABLE "Events" ALTER COLUMN "status" SET DEFAULT 'Draft';ALTER TABLE "Events" ALTER COLUMN "status" TYPE VARCHAR(255);
Executing (default): ALTER TABLE "Events" ALTER COLUMN "notes" DROP NOT NULL;ALTER TABLE "Events" ALTER COLUMN "notes" DROP DEFAULT;ALTER TABLE "Events" ALTER COLUMN "notes" TYPE TEXT;
Executing (default): ALTER TABLE "Events" ALTER COLUMN "createdAt" SET NOT NULL;ALTER TABLE "Events" ALTER COLUMN "createdAt" DROP DEFAULT;ALTER TABLE "Events" ALTER COLUMN "createdAt" TYPE TIMESTAMP WITH TIME ZONE;
Executing (default): ALTER TABLE "Events" ALTER COLUMN "updatedAt" SET NOT NULL;ALTER TABLE "Events" ALTER COLUMN "updatedAt" DROP DEFAULT;ALTER TABLE "Events" ALTER COLUMN "updatedAt" TYPE TIMESTAMP WITH TIME ZONE;
Executing (default): ALTER TABLE "Events" ALTER COLUMN "startEvent" DROP NOT NULL;ALTER TABLE "Events" ALTER COLUMN "startEvent" DROP DEFAULT;ALTER TABLE "Events" ALTER COLUMN "startEvent" TYPE DATE;
Executing (default): ALTER TABLE "Events" ALTER COLUMN "endEvent" DROP NOT NULL;ALTER TABLE "Events" ALTER COLUMN "endEvent" DROP DEFAULT;ALTER TABLE "Events" ALTER COLUMN "endEvent" TYPE DATE;
Executing (default): ALTER TABLE "Events" ALTER COLUMN "startTimeStartEvent" DROP NOT NULL;ALTER TABLE "Events" ALTER COLUMN "startTimeStartEvent" DROP DEFAULT;ALTER TABLE "Events" ALTER COLUMN "startTimeStartEvent" TYPE TIME;
Executing (default): ALTER TABLE "Events" ALTER COLUMN "endTimeStartEvent" DROP NOT NULL;ALTER TABLE "Events" ALTER COLUMN "endTimeStartEvent" DROP DEFAULT;ALTER TABLE "Events" ALTER COLUMN "endTimeStartEvent" TYPE TIME;
Executing (default): ALTER TABLE "Events" ALTER COLUMN "startTimeEndEvent" DROP NOT NULL;ALTER TABLE "Events" ALTER COLUMN "startTimeEndEvent" DROP DEFAULT;ALTER TABLE "Events" ALTER COLUMN "startTimeEndEvent" TYPE TIME;
Executing (default): ALTER TABLE "Events" ALTER COLUMN "endTimeEndEvent" DROP NOT NULL;ALTER TABLE "Events" ALTER COLUMN "endTimeEndEvent" DROP DEFAULT;ALTER TABLE "Events" ALTER COLUMN "endTimeEndEvent" TYPE TIME;
Executing (default): ALTER TABLE "Events" ALTER COLUMN "countOfPerson" DROP NOT NULL;ALTER TABLE "Events" ALTER COLUMN "countOfPerson" DROP DEFAULT;ALTER TABLE "Events" ALTER COLUMN "countOfPerson" TYPE INTEGER;
Executing (default): SELECT i.relname AS name, ix.indisprimary AS primary, ix.indisunique AS unique, ix.indkey AS indkey, array_agg(a.attnum) as column_indexes, array_agg(a.attname) AS column_names, pg_get_indexdef(ix.indexrelid) AS definition FROM pg_class t, pg_class i, pg_index ix, pg_attribute a WHERE t.oid = ix.indrelid AND i.oid = ix.indexrelid AND a.attrelid = t.oid AND t.relkind = 'r' and t.relname = 'Events' GROUP BY i.relname, ix.indexrelid, ix.indisprimary, ix.indisunique, ix.indkey ORDER BY i.relname;
Executing (default): SELECT table_name FROM information_schema.tables WHERE table_schema = 'public' AND table_name = 'menuItems'
Executing (default): SELECT pk.constraint_type as "Constraint",c.column_name as "Field", c.column_default as "Default",c.is_nullable as "Null", (CASE WHEN c.udt_name = 'hstore' THEN c.udt_name ELSE c.data_type END) || (CASE WHEN c.character_maximum_length IS NOT NULL THEN '(' || c.character_maximum_length || ')' ELSE '' END) as "Type", (SELECT array_agg(e.enumlabel) FROM pg_catalog.pg_type t JOIN pg_catalog.pg_enum e ON t.oid=e.enumtypid WHERE t.typname=c.udt_name) AS "special", (SELECT pgd.description FROM pg_catalog.pg_statio_all_tables AS st INNER JOIN pg_catalog.pg_description pgd on (pgd.objoid=st.relid) WHERE c.ordinal_position=pgd.objsubid AND c.table_name=st.relname) AS "Comment" FROM information_schema.columns c LEFT JOIN (SELECT tc.table_schema, tc.table_name, cu.column_name, tc.constraint_type FROM information_schema.TABLE_CONSTRAINTS tc JOIN information_schema.KEY_COLUMN_USAGE  cu ON tc.table_schema=cu.table_schema and tc.table_name=cu.table_name and tc.constraint_name=cu.constraint_name and tc.constraint_type='PRIMARY KEY') pk ON pk.table_schema=c.table_schema AND pk.table_name=c.table_name AND pk.column_name=c.column_name WHERE c.table_name = 'menuItems' AND c.table_schema = 'public'
Executing (default): SELECT DISTINCT tc.constraint_name as constraint_name, tc.constraint_schema as constraint_schema, tc.constraint_catalog as constraint_catalog, tc.table_name as table_name,tc.table_schema as table_schema,tc.table_catalog as table_catalog,tc.initially_deferred as initially_deferred,tc.is_deferrable as is_deferrable,kcu.column_name as column_name,ccu.table_schema  AS referenced_table_schema,ccu.table_catalog  AS referenced_table_catalog,ccu.table_name  AS referenced_table_name,ccu.column_name AS referenced_column_name FROM information_schema.table_constraints AS tc JOIN information_schema.key_column_usage AS kcu ON tc.constraint_name = kcu.constraint_name JOIN information_schema.constraint_column_usage AS ccu ON ccu.constraint_name = tc.constraint_name WHERE constraint_type = 'FOREIGN KEY' AND tc.table_name = 'menuItems' AND tc.table_catalog = 'KURGI_KP'
Executing (default): ALTER TABLE "menuItems" ALTER COLUMN "title" SET NOT NULL;ALTER TABLE "menuItems" ALTER COLUMN "title" DROP DEFAULT;ALTER TABLE "menuItems" ALTER COLUMN "title" TYPE VARCHAR(255);
Executing (default): ALTER TABLE "menuItems" ALTER COLUMN "description" DROP NOT NULL;ALTER TABLE "menuItems" ALTER COLUMN "description" DROP DEFAULT;ALTER TABLE "menuItems" ALTER COLUMN "description" TYPE TEXT;
Executing (default): ALTER TABLE "menuItems" ALTER COLUMN "category" DROP NOT NULL;ALTER TABLE "menuItems" ALTER COLUMN "category" DROP DEFAULT;ALTER TABLE "menuItems" ALTER COLUMN "category" TYPE VARCHAR(255);
Executing (default): ALTER TABLE "menuItems" ALTER COLUMN "weight" DROP NOT NULL;ALTER TABLE "menuItems" ALTER COLUMN "weight" DROP DEFAULT;ALTER TABLE "menuItems" ALTER COLUMN "weight" TYPE INTEGER;
Executing (default): ALTER TABLE "menuItems" ALTER COLUMN "price" DROP NOT NULL;ALTER TABLE "menuItems" ALTER COLUMN "price" DROP DEFAULT;ALTER TABLE "menuItems" ALTER COLUMN "price" TYPE INTEGER;
Executing (default): ALTER TABLE "menuItems" ALTER COLUMN "active" DROP NOT NULL;ALTER TABLE "menuItems" ALTER COLUMN "active" SET DEFAULT true;ALTER TABLE "menuItems" ALTER COLUMN "active" TYPE BOOLEAN;
Executing (default): ALTER TABLE "menuItems" ALTER COLUMN "createdAt" SET NOT NULL;ALTER TABLE "menuItems" ALTER COLUMN "createdAt" DROP DEFAULT;ALTER TABLE "menuItems" ALTER COLUMN "createdAt" TYPE TIMESTAMP WITH TIME ZONE;
Executing (default): ALTER TABLE "menuItems" ALTER COLUMN "updatedAt" SET NOT NULL;ALTER TABLE "menuItems" ALTER COLUMN "updatedAt" DROP DEFAULT;ALTER TABLE "menuItems" ALTER COLUMN "updatedAt" TYPE TIMESTAMP WITH TIME ZONE;
Executing (default): SELECT i.relname AS name, ix.indisprimary AS primary, ix.indisunique AS unique, ix.indkey AS indkey, array_agg(a.attnum) as column_indexes, array_agg(a.attname) AS column_names, pg_get_indexdef(ix.indexrelid) AS definition FROM pg_class t, pg_class i, pg_index ix, pg_attribute a WHERE t.oid = ix.indrelid AND i.oid = ix.indexrelid AND a.attrelid = t.oid AND t.relkind = 'r' and t.relname = 'menuItems' GROUP BY i.relname, ix.indexrelid, ix.indisprimary, ix.indisunique, ix.indkey ORDER BY i.relname;
Executing (default): SELECT table_name FROM information_schema.tables WHERE table_schema = 'public' AND table_name = 'kps'
Executing (default): SELECT pk.constraint_type as "Constraint",c.column_name as "Field", c.column_default as "Default",c.is_nullable as "Null", (CASE WHEN c.udt_name = 'hstore' THEN c.udt_name ELSE c.data_type END) || (CASE WHEN c.character_maximum_length IS NOT NULL THEN '(' || c.character_maximum_length || ')' ELSE '' END) as "Type", (SELECT array_agg(e.enumlabel) FROM pg_catalog.pg_type t JOIN pg_catalog.pg_enum e ON t.oid=e.enumtypid WHERE t.typname=c.udt_name) AS "special", (SELECT pgd.description FROM pg_catalog.pg_statio_all_tables AS st INNER JOIN pg_catalog.pg_description pgd on (pgd.objoid=st.relid) WHERE c.ordinal_position=pgd.objsubid AND c.table_name=st.relname) AS "Comment" FROM information_schema.columns c LEFT JOIN (SELECT tc.table_schema, tc.table_name, cu.column_name, tc.constraint_type FROM information_schema.TABLE_CONSTRAINTS tc JOIN information_schema.KEY_COLUMN_USAGE  cu ON tc.table_schema=cu.table_schema and tc.table_name=cu.table_name and tc.constraint_name=cu.constraint_name and tc.constraint_type='PRIMARY KEY') pk ON pk.table_schema=c.table_schema AND pk.table_name=c.table_name AND pk.column_name=c.column_name WHERE c.table_name = 'kps' AND c.table_schema = 'public'
Executing (default): SELECT DISTINCT tc.constraint_name as constraint_name, tc.constraint_schema as constraint_schema, tc.constraint_catalog as constraint_catalog, tc.table_name as table_name,tc.table_schema as table_schema,tc.table_catalog as table_catalog,tc.initially_deferred as initially_deferred,tc.is_deferrable as is_deferrable,kcu.column_name as column_name,ccu.table_schema  AS referenced_table_schema,ccu.table_catalog  AS referenced_table_catalog,ccu.table_name  AS referenced_table_name,ccu.column_name AS referenced_column_name FROM information_schema.table_constraints AS tc JOIN information_schema.key_column_usage AS kcu ON tc.constraint_name = kcu.constraint_name JOIN information_schema.constraint_column_usage AS ccu ON ccu.constraint_name = tc.constraint_name WHERE constraint_type = 'FOREIGN KEY' AND tc.table_name = 'kps' AND tc.table_catalog = 'KURGI_KP'
Executing (default): ALTER TABLE "kps" ALTER COLUMN "kpNumber" DROP NOT NULL;ALTER TABLE "kps" ALTER COLUMN "kpNumber" DROP DEFAULT;ALTER TABLE "kps"  ADD UNIQUE ("kpNumber");ALTER TABLE "kps" ALTER COLUMN "kpNumber" TYPE VARCHAR(255) ;
Executing (default): ALTER TABLE "kps" ALTER COLUMN "kpDate" DROP NOT NULL;ALTER TABLE "kps" ALTER COLUMN "kpDate" DROP DEFAULT;ALTER TABLE "kps" ALTER COLUMN "kpDate" TYPE DATE;
Executing (default): ALTER TABLE "kps" ALTER COLUMN "contractNumber" DROP NOT NULL;ALTER TABLE "kps" ALTER COLUMN "contractNumber" DROP DEFAULT;ALTER TABLE "kps" ALTER COLUMN "contractNumber" TYPE VARCHAR(255);
Executing (default): ALTER TABLE "kps" ALTER COLUMN "contractDate" DROP NOT NULL;ALTER TABLE "kps" ALTER COLUMN "contractDate" DROP DEFAULT;ALTER TABLE "kps" ALTER COLUMN "contractDate" TYPE DATE;
Executing (default): ALTER TABLE "kps" ALTER COLUMN "startEvent" DROP NOT NULL;ALTER TABLE "kps" ALTER COLUMN "startEvent" DROP DEFAULT;ALTER TABLE "kps" ALTER COLUMN "startEvent" TYPE DATE;
Executing (default): ALTER TABLE "kps" ALTER COLUMN "endEvent" DROP NOT NULL;ALTER TABLE "kps" ALTER COLUMN "endEvent" DROP DEFAULT;ALTER TABLE "kps" ALTER COLUMN "endEvent" TYPE DATE;
Executing (default): ALTER TABLE "kps" ALTER COLUMN "eventPlace" DROP NOT NULL;ALTER TABLE "kps" ALTER COLUMN "eventPlace" DROP DEFAULT;ALTER TABLE "kps" ALTER COLUMN "eventPlace" TYPE VARCHAR(255);
Executing (default): ALTER TABLE "kps" ALTER COLUMN "countOfPerson" DROP NOT NULL;ALTER TABLE "kps" ALTER COLUMN "countOfPerson" DROP DEFAULT;ALTER TABLE "kps" ALTER COLUMN "countOfPerson" TYPE VARCHAR(255);
Executing (default): ALTER TABLE "kps" ALTER COLUMN "isWithinMkad" DROP NOT NULL;ALTER TABLE "kps" ALTER COLUMN "isWithinMkad" SET DEFAULT true;ALTER TABLE "kps" ALTER COLUMN "isWithinMkad" TYPE BOOLEAN;
Executing (default): ALTER TABLE "kps" ALTER COLUMN "logisticsCost" DROP NOT NULL;ALTER TABLE "kps" ALTER COLUMN "logisticsCost" DROP DEFAULT;ALTER TABLE "kps" ALTER COLUMN "logisticsCost" TYPE INTEGER;
Executing (default): ALTER TABLE "kps" ALTER COLUMN "listTitle" DROP NOT NULL;ALTER TABLE "kps" ALTER COLUMN "listTitle" DROP DEFAULT;ALTER TABLE "kps" ALTER COLUMN "listTitle" TYPE VARCHAR(255);
Executing (default): ALTER TABLE "kps" ALTER COLUMN "managerName" SET NOT NULL;ALTER TABLE "kps" ALTER COLUMN "managerName" DROP DEFAULT;ALTER TABLE "kps" ALTER COLUMN "managerName" TYPE VARCHAR(255);
Executing (default): ALTER TABLE "kps" ALTER COLUMN "createdAt" SET NOT NULL;ALTER TABLE "kps" ALTER COLUMN "createdAt" DROP DEFAULT;ALTER TABLE "kps" ALTER COLUMN "createdAt" TYPE TIMESTAMP WITH TIME ZONE;
Executing (default): ALTER TABLE "kps" ALTER COLUMN "updatedAt" SET NOT NULL;ALTER TABLE "kps" ALTER COLUMN "updatedAt" DROP DEFAULT;ALTER TABLE "kps" ALTER COLUMN "updatedAt" TYPE TIMESTAMP WITH TIME ZONE;
Executing (default): ALTER TABLE "kps" DROP CONSTRAINT "kps_managerId_fkey"
Executing (default): ALTER TABLE "kps"  ADD FOREIGN KEY ("managerId") REFERENCES "Users" ("id") ON DELETE SET NULL ON UPDATE CASCADE;
Executing (default): ALTER TABLE "kps" DROP CONSTRAINT "kps_contractorId_fkey"
Executing (default): ALTER TABLE "kps"  ADD FOREIGN KEY ("contractorId") REFERENCES "Contractors" ("id") ON DELETE SET NULL ON UPDATE CASCADE;
Executing (default): ALTER TABLE "kps" DROP CONSTRAINT "kps_eventId_fkey"
Executing (default): ALTER TABLE "kps"  ADD FOREIGN KEY ("eventId") REFERENCES "Events" ("id") ON DELETE SET NULL ON UPDATE CASCADE;
Executing (default): ALTER TABLE "kps" ALTER COLUMN "status" DROP NOT NULL;ALTER TABLE "kps" ALTER COLUMN "status" SET DEFAULT 'draft';ALTER TABLE "kps" ALTER COLUMN "status" TYPE VARCHAR(255);
Executing (default): ALTER TABLE "kps" ALTER COLUMN "totalAmount" DROP NOT NULL;ALTER TABLE "kps" ALTER COLUMN "totalAmount" DROP DEFAULT;ALTER TABLE "kps" ALTER COLUMN "totalAmount" TYPE INTEGER;
Executing (default): SELECT i.relname AS name, ix.indisprimary AS primary, ix.indisunique AS unique, ix.indkey AS indkey, array_agg(a.attnum) as column_indexes, array_agg(a.attname) AS column_names, pg_get_indexdef(ix.indexrelid) AS definition FROM pg_class t, pg_class i, pg_index ix, pg_attribute a WHERE t.oid = ix.indrelid AND i.oid = ix.indexrelid AND a.attrelid = t.oid AND t.relkind = 'r' and t.relname = 'kps' GROUP BY i.relname, ix.indexrelid, ix.indisprimary, ix.indisunique, ix.indkey ORDER BY i.relname;
Executing (default): SELECT table_name FROM information_schema.tables WHERE table_schema = 'public' AND table_name = 'lists'
Executing (default): SELECT pk.constraint_type as "Constraint",c.column_name as "Field", c.column_default as "Default",c.is_nullable as "Null", (CASE WHEN c.udt_name = 'hstore' THEN c.udt_name ELSE c.data_type END) || (CASE WHEN c.character_maximum_length IS NOT NULL THEN '(' || c.character_maximum_length || ')' ELSE '' END) as "Type", (SELECT array_agg(e.enumlabel) FROM pg_catalog.pg_type t JOIN pg_catalog.pg_enum e ON t.oid=e.enumtypid WHERE t.typname=c.udt_name) AS "special", (SELECT pgd.description FROM pg_catalog.pg_statio_all_tables AS st INNER JOIN pg_catalog.pg_description pgd on (pgd.objoid=st.relid) WHERE c.ordinal_position=pgd.objsubid AND c.table_name=st.relname) AS "Comment" FROM information_schema.columns c LEFT JOIN (SELECT tc.table_schema, tc.table_name, cu.column_name, tc.constraint_type FROM information_schema.TABLE_CONSTRAINTS tc JOIN information_schema.KEY_COLUMN_USAGE  cu ON tc.table_schema=cu.table_schema and tc.table_name=cu.table_name and tc.constraint_name=cu.constraint_name and tc.constraint_type='PRIMARY KEY') pk ON pk.table_schema=c.table_schema AND pk.table_name=c.table_name AND pk.column_name=c.column_name WHERE c.table_name = 'lists' AND c.table_schema = 'public'
Executing (default): SELECT DISTINCT tc.constraint_name as constraint_name, tc.constraint_schema as constraint_schema, tc.constraint_catalog as constraint_catalog, tc.table_name as table_name,tc.table_schema as table_schema,tc.table_catalog as table_catalog,tc.initially_deferred as initially_deferred,tc.is_deferrable as is_deferrable,kcu.column_name as column_name,ccu.table_schema  AS referenced_table_schema,ccu.table_catalog  AS referenced_table_catalog,ccu.table_name  AS referenced_table_name,ccu.column_name AS referenced_column_name FROM information_schema.table_constraints AS tc JOIN information_schema.key_column_usage AS kcu ON tc.constraint_name = kcu.constraint_name JOIN information_schema.constraint_column_usage AS ccu ON ccu.constraint_name = tc.constraint_name WHERE constraint_type = 'FOREIGN KEY' AND tc.table_name = 'lists' AND tc.table_catalog = 'KURGI_KP'
Executing (default): ALTER TABLE "lists" ALTER COLUMN "startEvent" SET NOT NULL;ALTER TABLE "lists" ALTER COLUMN "startEvent" DROP DEFAULT;ALTER TABLE "lists" ALTER COLUMN "startEvent" TYPE DATE;
Executing (default): ALTER TABLE "lists" ALTER COLUMN "endEvent" SET NOT NULL;ALTER TABLE "lists" ALTER COLUMN "endEvent" DROP DEFAULT;ALTER TABLE "lists" ALTER COLUMN "endEvent" TYPE DATE;
Executing (default): ALTER TABLE "lists" ALTER COLUMN "startTimeStartEvent" SET NOT NULL;ALTER TABLE "lists" ALTER COLUMN "startTimeStartEvent" DROP DEFAULT;ALTER TABLE "lists" ALTER COLUMN "startTimeStartEvent" TYPE TIME;
Executing (default): ALTER TABLE "lists" ALTER COLUMN "endTimeStartEvent" SET NOT NULL;ALTER TABLE "lists" ALTER COLUMN "endTimeStartEvent" DROP DEFAULT;ALTER TABLE "lists" ALTER COLUMN "endTimeStartEvent" TYPE TIME;
Executing (default): ALTER TABLE "lists" ALTER COLUMN "startTimeEndEvent" SET NOT NULL;ALTER TABLE "lists" ALTER COLUMN "startTimeEndEvent" DROP DEFAULT;ALTER TABLE "lists" ALTER COLUMN "startTimeEndEvent" TYPE TIME;
Executing (default): ALTER TABLE "lists" ALTER COLUMN "endTimeEndEvent" SET NOT NULL;ALTER TABLE "lists" ALTER COLUMN "endTimeEndEvent" DROP DEFAULT;ALTER TABLE "lists" ALTER COLUMN "endTimeEndEvent" TYPE TIME;
Executing (default): ALTER TABLE "lists" ALTER COLUMN "eventPlace" SET NOT NULL;ALTER TABLE "lists" ALTER COLUMN "eventPlace" DROP DEFAULT;ALTER TABLE "lists" ALTER COLUMN "eventPlace" TYPE VARCHAR(255);
Executing (default): ALTER TABLE "lists" ALTER COLUMN "countOfPerson" SET NOT NULL;ALTER TABLE "lists" ALTER COLUMN "countOfPerson" DROP DEFAULT;ALTER TABLE "lists" ALTER COLUMN "countOfPerson" TYPE VARCHAR(255);
Executing (default): ALTER TABLE "lists" ALTER COLUMN "listTitle" DROP NOT NULL;ALTER TABLE "lists" ALTER COLUMN "listTitle" DROP DEFAULT;ALTER TABLE "lists" ALTER COLUMN "listTitle" TYPE VARCHAR(255);
Executing (default): ALTER TABLE "lists" ALTER COLUMN "createdAt" SET NOT NULL;ALTER TABLE "lists" ALTER COLUMN "createdAt" DROP DEFAULT;ALTER TABLE "lists" ALTER COLUMN "createdAt" TYPE TIMESTAMP WITH TIME ZONE;
Executing (default): ALTER TABLE "lists" ALTER COLUMN "updatedAt" SET NOT NULL;ALTER TABLE "lists" ALTER COLUMN "updatedAt" DROP DEFAULT;ALTER TABLE "lists" ALTER COLUMN "updatedAt" TYPE TIMESTAMP WITH TIME ZONE;
Executing (default): ALTER TABLE "lists" DROP CONSTRAINT "lists_kpId_fkey"
Executing (default): ALTER TABLE "lists"  ADD FOREIGN KEY ("kpId") REFERENCES "kps" ("id") ON DELETE SET NULL ON UPDATE CASCADE;
Executing (default): SELECT i.relname AS name, ix.indisprimary AS primary, ix.indisunique AS unique, ix.indkey AS indkey, array_agg(a.attnum) as column_indexes, array_agg(a.attname) AS column_names, pg_get_indexdef(ix.indexrelid) AS definition FROM pg_class t, pg_class i, pg_index ix, pg_attribute a WHERE t.oid = ix.indrelid AND i.oid = ix.indexrelid AND a.attrelid = t.oid AND t.relkind = 'r' and t.relname = 'lists' GROUP BY i.relname, ix.indexrelid, ix.indisprimary, ix.indisunique, ix.indkey ORDER BY i.relname;
Executing (default): SELECT table_name FROM information_schema.tables WHERE table_schema = 'public' AND table_name = 'rows'
Executing (default): SELECT pk.constraint_type as "Constraint",c.column_name as "Field", c.column_default as "Default",c.is_nullable as "Null", (CASE WHEN c.udt_name = 'hstore' THEN c.udt_name ELSE c.data_type END) || (CASE WHEN c.character_maximum_length IS NOT NULL THEN '(' || c.character_maximum_length || ')' ELSE '' END) as "Type", (SELECT array_agg(e.enumlabel) FROM pg_catalog.pg_type t JOIN pg_catalog.pg_enum e ON t.oid=e.enumtypid WHERE t.typname=c.udt_name) AS "special", (SELECT pgd.description FROM pg_catalog.pg_statio_all_tables AS st INNER JOIN pg_catalog.pg_description pgd on (pgd.objoid=st.relid) WHERE c.ordinal_position=pgd.objsubid AND c.table_name=st.relname) AS "Comment" FROM information_schema.columns c LEFT JOIN (SELECT tc.table_schema, tc.table_name, cu.column_name, tc.constraint_type FROM information_schema.TABLE_CONSTRAINTS tc JOIN information_schema.KEY_COLUMN_USAGE  cu ON tc.table_schema=cu.table_schema and tc.table_name=cu.table_name and tc.constraint_name=cu.constraint_name and tc.constraint_type='PRIMARY KEY') pk ON pk.table_schema=c.table_schema AND pk.table_name=c.table_name AND pk.column_name=c.column_name WHERE c.table_name = 'rows' AND c.table_schema = 'public'
Executing (default): SELECT DISTINCT tc.constraint_name as constraint_name, tc.constraint_schema as constraint_schema, tc.constraint_catalog as constraint_catalog, tc.table_name as table_name,tc.table_schema as table_schema,tc.table_catalog as table_catalog,tc.initially_deferred as initially_deferred,tc.is_deferrable as is_deferrable,kcu.column_name as column_name,ccu.table_schema  AS referenced_table_schema,ccu.table_catalog  AS referenced_table_catalog,ccu.table_name  AS referenced_table_name,ccu.column_name AS referenced_column_name FROM information_schema.table_constraints AS tc JOIN information_schema.key_column_usage AS kcu ON tc.constraint_name = kcu.constraint_name JOIN information_schema.constraint_column_usage AS ccu ON ccu.constraint_name = tc.constraint_name WHERE constraint_type = 'FOREIGN KEY' AND tc.table_name = 'rows' AND tc.table_catalog = 'KURGI_KP'
Executing (default): ALTER TABLE "rows" ALTER COLUMN "product" SET NOT NULL;ALTER TABLE "rows" ALTER COLUMN "product" DROP DEFAULT;ALTER TABLE "rows" ALTER COLUMN "product" TYPE VARCHAR(255);
Executing (default): ALTER TABLE "rows" ALTER COLUMN "composition" DROP NOT NULL;ALTER TABLE "rows" ALTER COLUMN "composition" DROP DEFAULT;ALTER TABLE "rows" ALTER COLUMN "composition" TYPE VARCHAR(255);
Executing (default): ALTER TABLE "rows" ALTER COLUMN "productWeight" DROP NOT NULL;ALTER TABLE "rows" ALTER COLUMN "productWeight" DROP DEFAULT;ALTER TABLE "rows" ALTER COLUMN "productWeight" TYPE INTEGER;
Executing (default): ALTER TABLE "rows" ALTER COLUMN "countOfProduct" SET NOT NULL;ALTER TABLE "rows" ALTER COLUMN "countOfProduct" DROP DEFAULT;ALTER TABLE "rows" ALTER COLUMN "countOfProduct" TYPE INTEGER;
Executing (default): ALTER TABLE "rows" ALTER COLUMN "priceOfProduct" SET NOT NULL;ALTER TABLE "rows" ALTER COLUMN "priceOfProduct" DROP DEFAULT;ALTER TABLE "rows" ALTER COLUMN "priceOfProduct" TYPE INTEGER;
Executing (default): ALTER TABLE "rows" ALTER COLUMN "createdAt" SET NOT NULL;ALTER TABLE "rows" ALTER COLUMN "createdAt" DROP DEFAULT;ALTER TABLE "rows" ALTER COLUMN "createdAt" TYPE TIMESTAMP WITH TIME ZONE;
Executing (default): ALTER TABLE "rows" ALTER COLUMN "updatedAt" SET NOT NULL;ALTER TABLE "rows" ALTER COLUMN "updatedAt" DROP DEFAULT;ALTER TABLE "rows" ALTER COLUMN "updatedAt" TYPE TIMESTAMP WITH TIME ZONE;
Executing (default): ALTER TABLE "rows" DROP CONSTRAINT "rows_listId_fkey"
Executing (default): ALTER TABLE "rows"  ADD FOREIGN KEY ("listId") REFERENCES "lists" ("id") ON DELETE SET NULL ON UPDATE CASCADE;
Executing (default): ALTER TABLE "rows" ALTER COLUMN "typeOfProduct" DROP NOT NULL;ALTER TABLE "rows" ALTER COLUMN "typeOfProduct" DROP DEFAULT;ALTER TABLE "rows" ALTER COLUMN "typeOfProduct" TYPE VARCHAR(255);
Executing (default): ALTER TABLE "rows" ALTER COLUMN "order" SET NOT NULL;ALTER TABLE "rows" ALTER COLUMN "order" SET DEFAULT 0;ALTER TABLE "rows" ALTER COLUMN "order" TYPE INTEGER;
Executing (default): SELECT i.relname AS name, ix.indisprimary AS primary, ix.indisunique AS unique, ix.indkey AS indkey, array_agg(a.attnum) as column_indexes, array_agg(a.attname) AS column_names, pg_get_indexdef(ix.indexrelid) AS definition FROM pg_class t, pg_class i, pg_index ix, pg_attribute a WHERE t.oid = ix.indrelid AND i.oid = ix.indexrelid AND a.attrelid = t.oid AND t.relkind = 'r' and t.relname = 'rows' GROUP BY i.relname, ix.indexrelid, ix.indisprimary, ix.indisunique, ix.indkey ORDER BY i.relname;
server started on port 3000
Executing (default): SELECT "id", "companyName", "contactPerson", "phone", "email", "notes", "createdAt", "updatedAt" FROM "Contractors" AS "Contractor" ORDER BY "Contractor"."companyName" ASC;
Executing (default): SELECT "id", "companyName", "contactPerson", "phone", "email", "notes", "createdAt", "updatedAt" FROM "Contractors" AS "Contractor" ORDER BY "Contractor"."companyName" ASC;
Executing (default): SELECT "Event"."id", "Event"."title", "Event"."contractorId", "Event"."eventDate", "Event"."startTime", "Event"."endTime", "Event"."startEvent", "Event"."endEvent", "Event"."startTimeStartEvent", "Event"."endTimeStartEvent", "Event"."startTimeEndEvent", "Event"."endTimeEndEvent", "Event"."location", "Event"."status", "Event"."countOfPerson", "Event"."notes", "Event"."createdAt", "Event"."updatedAt", "Contractor"."id" AS "Contractor.id", "Contractor"."companyName" AS "Contractor.companyName", "Contractor"."contactPerson" AS "Contractor.contactPerson" FROM "Events" AS "Event" LEFT OUTER JOIN "Contractors" AS "Contractor" ON "Event"."contractorId" = "Contractor"."id" ORDER BY "Event"."eventDate" ASC, "Event"."startTime" ASC;
Executing (default): SELECT "Event"."id", "Event"."title", "Event"."contractorId", "Event"."eventDate", "Event"."startTime", "Event"."endTime", "Event"."startEvent", "Event"."endEvent", "Event"."startTimeStartEvent", "Event"."endTimeStartEvent", "Event"."startTimeEndEvent", "Event"."endTimeEndEvent", "Event"."location", "Event"."status", "Event"."countOfPerson", "Event"."notes", "Event"."createdAt", "Event"."updatedAt", "Contractor"."id" AS "Contractor.id", "Contractor"."companyName" AS "Contractor.companyName", "Contractor"."contactPerson" AS "Contractor.contactPerson" FROM "Events" AS "Event" LEFT OUTER JOIN "Contractors" AS "Contractor" ON "Event"."contractorId" = "Contractor"."id" ORDER BY "Event"."eventDate" ASC, "Event"."startTime" ASC;
Executing (default): SELECT "Event"."id", "Event"."title", "Event"."contractorId", "Event"."eventDate", "Event"."startTime", "Event"."endTime", "Event"."startEvent", "Event"."endEvent", "Event"."startTimeStartEvent", "Event"."endTimeStartEvent", "Event"."startTimeEndEvent", "Event"."endTimeEndEvent", "Event"."location", "Event"."status", "Event"."countOfPerson", "Event"."notes", "Event"."createdAt", "Event"."updatedAt", "Contractor"."id" AS "Contractor.id", "Contractor"."companyName" AS "Contractor.companyName", "Contractor"."contactPerson" AS "Contractor.contactPerson", "kps"."id" AS "kps.id", "kps"."kpNumber" AS "kps.kpNumber", "kps"."listTitle" AS "kps.listTitle", "kps"."kpDate" AS "kps.kpDate" FROM "Events" AS "Event" LEFT OUTER JOIN "Contractors" AS "Contractor" ON "Event"."contractorId" = "Contractor"."id" LEFT OUTER JOIN "kps" AS "kps" ON "Event"."id" = "kps"."eventId" WHERE "Event"."id" = '47';
Executing (default): SELECT "Event"."id", "Event"."title", "Event"."contractorId", "Event"."eventDate", "Event"."startTime", "Event"."endTime", "Event"."startEvent", "Event"."endEvent", "Event"."startTimeStartEvent", "Event"."endTimeStartEvent", "Event"."startTimeEndEvent", "Event"."endTimeEndEvent", "Event"."location", "Event"."status", "Event"."countOfPerson", "Event"."notes", "Event"."createdAt", "Event"."updatedAt", "Contractor"."id" AS "Contractor.id", "Contractor"."companyName" AS "Contractor.companyName", "Contractor"."contactPerson" AS "Contractor.contactPerson", "kps"."id" AS "kps.id", "kps"."kpNumber" AS "kps.kpNumber", "kps"."listTitle" AS "kps.listTitle", "kps"."kpDate" AS "kps.kpDate" FROM "Events" AS "Event" LEFT OUTER JOIN "Contractors" AS "Contractor" ON "Event"."contractorId" = "Contractor"."id" LEFT OUTER JOIN "kps" AS "kps" ON "Event"."id" = "kps"."eventId" WHERE "Event"."id" = '47';
Executing (default): SELECT "Event"."id", "Event"."title", "Event"."contractorId", "Event"."eventDate", "Event"."startTime", "Event"."endTime", "Event"."startEvent", "Event"."endEvent", "Event"."startTimeStartEvent", "Event"."endTimeStartEvent", "Event"."startTimeEndEvent", "Event"."endTimeEndEvent", "Event"."location", "Event"."status", "Event"."countOfPerson", "Event"."notes", "Event"."createdAt", "Event"."updatedAt", "Contractor"."id" AS "Contractor.id", "Contractor"."companyName" AS "Contractor.companyName", "Contractor"."contactPerson" AS "Contractor.contactPerson" FROM "Events" AS "Event" LEFT OUTER JOIN "Contractors" AS "Contractor" ON "Event"."contractorId" = "Contractor"."id" ORDER BY "Event"."eventDate" ASC, "Event"."startTime" ASC;
Executing (default): SELECT "Event"."id", "Event"."title", "Event"."contractorId", "Event"."eventDate", "Event"."startTime", "Event"."endTime", "Event"."startEvent", "Event"."endEvent", "Event"."startTimeStartEvent", "Event"."endTimeStartEvent", "Event"."startTimeEndEvent", "Event"."endTimeEndEvent", "Event"."location", "Event"."status", "Event"."countOfPerson", "Event"."notes", "Event"."createdAt", "Event"."updatedAt", "Contractor"."id" AS "Contractor.id", "Contractor"."companyName" AS "Contractor.companyName", "Contractor"."contactPerson" AS "Contractor.contactPerson" FROM "Events" AS "Event" LEFT OUTER JOIN "Contractors" AS "Contractor" ON "Event"."contractorId" = "Contractor"."id" ORDER BY "Event"."eventDate" ASC, "Event"."startTime" ASC;
Executing (default): SELECT "id", "companyName", "contactPerson", "phone", "email", "notes", "createdAt", "updatedAt" FROM "Contractors" AS "Contractor" ORDER BY "Contractor"."companyName" ASC;
Executing (default): SELECT "id", "companyName", "contactPerson", "phone", "email", "notes", "createdAt", "updatedAt" FROM "Contractors" AS "Contractor" ORDER BY "Contractor"."companyName" ASC;
Executing (default): SELECT "id", "companyName", "contactPerson", "phone", "email", "notes", "createdAt", "updatedAt" FROM "Contractors" AS "Contractor" ORDER BY "Contractor"."companyName" ASC;
Executing (default): SELECT "Event"."id", "Event"."title", "Event"."contractorId", "Event"."eventDate", "Event"."startTime", "Event"."endTime", "Event"."startEvent", "Event"."endEvent", "Event"."startTimeStartEvent", "Event"."endTimeStartEvent", "Event"."startTimeEndEvent", "Event"."endTimeEndEvent", "Event"."location", "Event"."status", "Event"."countOfPerson", "Event"."notes", "Event"."createdAt", "Event"."updatedAt", "Contractor"."id" AS "Contractor.id", "Contractor"."companyName" AS "Contractor.companyName", "Contractor"."contactPerson" AS "Contractor.contactPerson" FROM "Events" AS "Event" LEFT OUTER JOIN "Contractors" AS "Contractor" ON "Event"."contractorId" = "Contractor"."id" ORDER BY "Event"."eventDate" ASC, "Event"."startTime" ASC;
Executing (default): SELECT "kpNumber" FROM "kps" AS "kp" ORDER BY CAST("kpNumber" AS INTEGER) DESC LIMIT 1;
Executing (default): SELECT "id", "companyName", "contactPerson", "phone", "email", "notes", "createdAt", "updatedAt" FROM "Contractors" AS "Contractor" ORDER BY "Contractor"."companyName" ASC;
Executing (default): SELECT "kpNumber" FROM "kps" AS "kp" ORDER BY CAST("kpNumber" AS INTEGER) DESC LIMIT 1;
Executing (default): SELECT "Event"."id", "Event"."title", "Event"."contractorId", "Event"."eventDate", "Event"."startTime", "Event"."endTime", "Event"."startEvent", "Event"."endEvent", "Event"."startTimeStartEvent", "Event"."endTimeStartEvent", "Event"."startTimeEndEvent", "Event"."endTimeEndEvent", "Event"."location", "Event"."status", "Event"."countOfPerson", "Event"."notes", "Event"."createdAt", "Event"."updatedAt", "Contractor"."id" AS "Contractor.id", "Contractor"."companyName" AS "Contractor.companyName", "Contractor"."contactPerson" AS "Contractor.contactPerson" FROM "Events" AS "Event" LEFT OUTER JOIN "Contractors" AS "Contractor" ON "Event"."contractorId" = "Contractor"."id" ORDER BY "Event"."eventDate" ASC, "Event"."startTime" ASC;
Executing (default): SELECT "kpNumber" FROM "kps" AS "kp" ORDER BY CAST("kpNumber" AS INTEGER) DESC LIMIT 1;
Executing (default): SELECT "id", "companyName", "contactPerson", "phone", "email", "notes", "createdAt", "updatedAt" FROM "Contractors" AS "Contractor" ORDER BY "Contractor"."companyName" ASC;
Executing (default): SELECT "Event"."id", "Event"."title", "Event"."contractorId", "Event"."eventDate", "Event"."startTime", "Event"."endTime", "Event"."startEvent", "Event"."endEvent", "Event"."startTimeStartEvent", "Event"."endTimeStartEvent", "Event"."startTimeEndEvent", "Event"."endTimeEndEvent", "Event"."location", "Event"."status", "Event"."countOfPerson", "Event"."notes", "Event"."createdAt", "Event"."updatedAt", "Contractor"."id" AS "Contractor.id", "Contractor"."companyName" AS "Contractor.companyName", "Contractor"."contactPerson" AS "Contractor.contactPerson" FROM "Events" AS "Event" LEFT OUTER JOIN "Contractors" AS "Contractor" ON "Event"."contractorId" = "Contractor"."id" ORDER BY "Event"."eventDate" ASC, "Event"."startTime" ASC;
Executing (default): SELECT "kpNumber" FROM "kps" AS "kp" ORDER BY CAST("kpNumber" AS INTEGER) DESC LIMIT 1;
Executing (default): SELECT "id", "companyName", "contactPerson", "phone", "email", "notes", "createdAt", "updatedAt" FROM "Contractors" AS "Contractor" ORDER BY "Contractor"."companyName" ASC;
Executing (default): SELECT "Event"."id", "Event"."title", "Event"."contractorId", "Event"."eventDate", "Event"."startTime", "Event"."endTime", "Event"."startEvent", "Event"."endEvent", "Event"."startTimeStartEvent", "Event"."endTimeStartEvent", "Event"."startTimeEndEvent", "Event"."endTimeEndEvent", "Event"."location", "Event"."status", "Event"."countOfPerson", "Event"."notes", "Event"."createdAt", "Event"."updatedAt", "Contractor"."id" AS "Contractor.id", "Contractor"."companyName" AS "Contractor.companyName", "Contractor"."contactPerson" AS "Contractor.contactPerson" FROM "Events" AS "Event" LEFT OUTER JOIN "Contractors" AS "Contractor" ON "Event"."contractorId" = "Contractor"."id" ORDER BY "Event"."eventDate" ASC, "Event"."startTime" ASC;
Executing (default): SELECT "kpNumber" FROM "kps" AS "kp" ORDER BY CAST("kpNumber" AS INTEGER) DESC LIMIT 1;
Executing (default): SELECT "id", "companyName", "contactPerson", "phone", "email", "notes", "createdAt", "updatedAt" FROM "Contractors" AS "Contractor" ORDER BY "Contractor"."companyName" ASC;
Executing (default): SELECT "Event"."id", "Event"."title", "Event"."contractorId", "Event"."eventDate", "Event"."startTime", "Event"."endTime", "Event"."startEvent", "Event"."endEvent", "Event"."startTimeStartEvent", "Event"."endTimeStartEvent", "Event"."startTimeEndEvent", "Event"."endTimeEndEvent", "Event"."location", "Event"."status", "Event"."countOfPerson", "Event"."notes", "Event"."createdAt", "Event"."updatedAt", "Contractor"."id" AS "Contractor.id", "Contractor"."companyName" AS "Contractor.companyName", "Contractor"."contactPerson" AS "Contractor.contactPerson" FROM "Events" AS "Event" LEFT OUTER JOIN "Contractors" AS "Contractor" ON "Event"."contractorId" = "Contractor"."id" ORDER BY "Event"."eventDate" ASC, "Event"."startTime" ASC;
Executing (default): SELECT "kp"."id", "kp"."kpNumber", "kp"."kpDate", "kp"."startEvent", "kp"."eventPlace", "kp"."status", "kp"."totalAmount", "contractor"."id" AS "contractor.id", "contractor"."companyName" AS "contractor.companyName", "event"."id" AS "event.id", "event"."title" AS "event.title" FROM "kps" AS "kp" LEFT OUTER JOIN "Contractors" AS "contractor" ON "kp"."contractorId" = "contractor"."id" LEFT OUTER JOIN "Events" AS "event" ON "kp"."eventId" = "event"."id" ORDER BY "kp"."id" DESC LIMIT 50;
Executing (default): SELECT "kp"."id", "kp"."kpNumber", "kp"."kpDate", "kp"."startEvent", "kp"."eventPlace", "kp"."status", "kp"."totalAmount", "contractor"."id" AS "contractor.id", "contractor"."companyName" AS "contractor.companyName", "event"."id" AS "event.id", "event"."title" AS "event.title" FROM "kps" AS "kp" LEFT OUTER JOIN "Contractors" AS "contractor" ON "kp"."contractorId" = "contractor"."id" LEFT OUTER JOIN "Events" AS "event" ON "kp"."eventId" = "event"."id" ORDER BY "kp"."id" DESC LIMIT 50;
Executing (default): SELECT "kp"."id", "kp"."kpNumber", "kp"."kpDate", "kp"."contractNumber", "kp"."contractDate", "kp"."startEvent", "kp"."endEvent", "kp"."eventPlace", "kp"."countOfPerson", "kp"."isWithinMkad", "kp"."logisticsCost", "kp"."totalAmount", "kp"."listTitle", "kp"."status", "kp"."managerName", "kp"."managerId", "kp"."createdAt", "kp"."updatedAt", "kp"."contractorId", "kp"."eventId", "contractor"."id" AS "contractor.id", "contractor"."companyName" AS "contractor.companyName", "event"."id" AS "event.id", "event"."title" AS "event.title", "lists"."id" AS "lists.id", "lists"."startEvent" AS "lists.startEvent", "lists"."endEvent" AS "lists.endEvent", "lists"."startTimeStartEvent" AS "lists.startTimeStartEvent", "lists"."endTimeStartEvent" AS "lists.endTimeStartEvent", "lists"."startTimeEndEvent" AS "lists.startTimeEndEvent", "lists"."endTimeEndEvent" AS "lists.endTimeEndEvent", "lists"."eventPlace" AS "lists.eventPlace", "lists"."countOfPerson" AS "lists.countOfPerson", "lists"."listTitle" AS "lists.listTitle" FROM "kps" AS "kp" LEFT OUTER JOIN "Contractors" AS "contractor" ON "kp"."contractorId" = "contractor"."id" LEFT OUTER JOIN "Events" AS "event" ON "kp"."eventId" = "event"."id" LEFT OUTER JOIN "lists" AS "lists" ON "kp"."id" = "lists"."kpId" WHERE "kp"."kpNumber" = '555' ORDER BY "lists"."id" ASC;
Executing (default): SELECT "kp"."id", "kp"."kpNumber", "kp"."kpDate", "kp"."contractNumber", "kp"."contractDate", "kp"."startEvent", "kp"."endEvent", "kp"."eventPlace", "kp"."countOfPerson", "kp"."isWithinMkad", "kp"."logisticsCost", "kp"."totalAmount", "kp"."listTitle", "kp"."status", "kp"."managerName", "kp"."managerId", "kp"."createdAt", "kp"."updatedAt", "kp"."contractorId", "kp"."eventId", "contractor"."id" AS "contractor.id", "contractor"."companyName" AS "contractor.companyName", "event"."id" AS "event.id", "event"."title" AS "event.title", "lists"."id" AS "lists.id", "lists"."startEvent" AS "lists.startEvent", "lists"."endEvent" AS "lists.endEvent", "lists"."startTimeStartEvent" AS "lists.startTimeStartEvent", "lists"."endTimeStartEvent" AS "lists.endTimeStartEvent", "lists"."startTimeEndEvent" AS "lists.startTimeEndEvent", "lists"."endTimeEndEvent" AS "lists.endTimeEndEvent", "lists"."eventPlace" AS "lists.eventPlace", "lists"."countOfPerson" AS "lists.countOfPerson", "lists"."listTitle" AS "lists.listTitle" FROM "kps" AS "kp" LEFT OUTER JOIN "Contractors" AS "contractor" ON "kp"."contractorId" = "contractor"."id" LEFT OUTER JOIN "Events" AS "event" ON "kp"."eventId" = "event"."id" LEFT OUTER JOIN "lists" AS "lists" ON "kp"."id" = "lists"."kpId" WHERE "kp"."kpNumber" = '555' ORDER BY "lists"."id" ASC;
Executing (default): SELECT "id", "countOfProduct", "priceOfProduct", "product", "composition", "productWeight", "typeOfProduct", "order", "listId" FROM "rows" AS "row" WHERE "row"."listId" IN (110) ORDER BY "row"."order" ASC, "row"."id" ASC;
Executing (default): SELECT "id", "countOfProduct", "priceOfProduct", "product", "composition", "productWeight", "typeOfProduct", "order", "listId" FROM "rows" AS "row" WHERE "row"."listId" IN (110) ORDER BY "row"."order" ASC, "row"."id" ASC;
Executing (default): SELECT "kp"."id", "kp"."kpNumber", "kp"."kpDate", "kp"."startEvent", "kp"."eventPlace", "kp"."status", "kp"."totalAmount", "contractor"."id" AS "contractor.id", "contractor"."companyName" AS "contractor.companyName", "event"."id" AS "event.id", "event"."title" AS "event.title" FROM "kps" AS "kp" LEFT OUTER JOIN "Contractors" AS "contractor" ON "kp"."contractorId" = "contractor"."id" LEFT OUTER JOIN "Events" AS "event" ON "kp"."eventId" = "event"."id" ORDER BY "kp"."id" DESC LIMIT 50;
Executing (default): SELECT "kp"."id", "kp"."kpNumber", "kp"."kpDate", "kp"."startEvent", "kp"."eventPlace", "kp"."status", "kp"."totalAmount", "contractor"."id" AS "contractor.id", "contractor"."companyName" AS "contractor.companyName", "event"."id" AS "event.id", "event"."title" AS "event.title" FROM "kps" AS "kp" LEFT OUTER JOIN "Contractors" AS "contractor" ON "kp"."contractorId" = "contractor"."id" LEFT OUTER JOIN "Events" AS "event" ON "kp"."eventId" = "event"."id" ORDER BY "kp"."id" DESC LIMIT 50;
Executing (default): SELECT "kpNumber" FROM "kps" AS "kp" ORDER BY CAST("kpNumber" AS INTEGER) DESC LIMIT 1;
Executing (default): SELECT "kpNumber" FROM "kps" AS "kp" ORDER BY CAST("kpNumber" AS INTEGER) DESC LIMIT 1;
Executing (default): SELECT "id", "email", "password", "name", "job", "tel", "photo", "role", "createdAt", "updatedAt" FROM "Users" AS "User" WHERE "User"."id" = 1;
Executing (default): SELECT "id", "email", "password", "name", "job", "tel", "photo", "role", "createdAt", "updatedAt" FROM "Users" AS "User" WHERE "User"."id" = 1;
Executing (default): SELECT "id", "email", "password", "name", "job", "tel", "photo", "role", "createdAt", "updatedAt" FROM "Users" AS "User" WHERE "User"."id" = 1;
Executing (default): SELECT "id", "email", "password", "name", "job", "tel", "photo", "role", "createdAt", "updatedAt" FROM "Users" AS "User" WHERE "User"."id" = 1;
Executing (default): SELECT "kp"."id", "kp"."kpNumber", "kp"."kpDate", "kp"."startEvent", "kp"."eventPlace", "kp"."status", "kp"."totalAmount", "contractor"."id" AS "contractor.id", "contractor"."companyName" AS "contractor.companyName", "event"."id" AS "event.id", "event"."title" AS "event.title" FROM "kps" AS "kp" LEFT OUTER JOIN "Contractors" AS "contractor" ON "kp"."contractorId" = "contractor"."id" LEFT OUTER JOIN "Events" AS "event" ON "kp"."eventId" = "event"."id" ORDER BY "kp"."id" DESC LIMIT 50;
Executing (default): SELECT "kp"."id", "kp"."kpNumber", "kp"."kpDate", "kp"."startEvent", "kp"."eventPlace", "kp"."status", "kp"."totalAmount", "contractor"."id" AS "contractor.id", "contractor"."companyName" AS "contractor.companyName", "event"."id" AS "event.id", "event"."title" AS "event.title" FROM "kps" AS "kp" LEFT OUTER JOIN "Contractors" AS "contractor" ON "kp"."contractorId" = "contractor"."id" LEFT OUTER JOIN "Events" AS "event" ON "kp"."eventId" = "event"."id" ORDER BY "kp"."id" DESC LIMIT 50;
Executing (default): SELECT "kpNumber" FROM "kps" AS "kp" ORDER BY CAST("kpNumber" AS INTEGER) DESC LIMIT 1;
Executing (default): SELECT "id", "email", "password", "name", "job", "tel", "photo", "role", "createdAt", "updatedAt" FROM "Users" AS "User" WHERE "User"."id" = 1;
Executing (default): SELECT "kpNumber" FROM "kps" AS "kp" ORDER BY CAST("kpNumber" AS INTEGER) DESC LIMIT 1;
Executing (default): SELECT "id", "email", "password", "name", "job", "tel", "photo", "role", "createdAt", "updatedAt" FROM "Users" AS "User" WHERE "User"."id" = 1;
Executing (default): SELECT "id", "email", "password", "name", "job", "tel", "photo", "role", "createdAt", "updatedAt" FROM "Users" AS "User" WHERE "User"."id" = 1;
Executing (default): SELECT "id", "email", "password", "name", "job", "tel", "photo", "role", "createdAt", "updatedAt" FROM "Users" AS "User" WHERE "User"."id" = 1;
Executing (default): SELECT "kp"."id", "kp"."kpNumber", "kp"."kpDate", "kp"."startEvent", "kp"."eventPlace", "kp"."status", "kp"."totalAmount", "contractor"."id" AS "contractor.id", "contractor"."companyName" AS "contractor.companyName", "event"."id" AS "event.id", "event"."title" AS "event.title" FROM "kps" AS "kp" LEFT OUTER JOIN "Contractors" AS "contractor" ON "kp"."contractorId" = "contractor"."id" LEFT OUTER JOIN "Events" AS "event" ON "kp"."eventId" = "event"."id" ORDER BY "kp"."id" DESC LIMIT 50;
Executing (default): SELECT "kp"."id", "kp"."kpNumber", "kp"."kpDate", "kp"."startEvent", "kp"."eventPlace", "kp"."status", "kp"."totalAmount", "contractor"."id" AS "contractor.id", "contractor"."companyName" AS "contractor.companyName", "event"."id" AS "event.id", "event"."title" AS "event.title" FROM "kps" AS "kp" LEFT OUTER JOIN "Contractors" AS "contractor" ON "kp"."contractorId" = "contractor"."id" LEFT OUTER JOIN "Events" AS "event" ON "kp"."eventId" = "event"."id" ORDER BY "kp"."id" DESC LIMIT 50;
Executing (default): SELECT "kpNumber" FROM "kps" AS "kp" ORDER BY CAST("kpNumber" AS INTEGER) DESC LIMIT 1;
Executing (default): SELECT "id", "email", "password", "name", "job", "tel", "photo", "role", "createdAt", "updatedAt" FROM "Users" AS "User" WHERE "User"."id" = 1;
Executing (default): SELECT "kpNumber" FROM "kps" AS "kp" ORDER BY CAST("kpNumber" AS INTEGER) DESC LIMIT 1;
Executing (default): SELECT "id", "email", "password", "name", "job", "tel", "photo", "role", "createdAt", "updatedAt" FROM "Users" AS "User" WHERE "User"."id" = 1;
Executing (default): SELECT "id", "email", "password", "name", "job", "tel", "photo", "role", "createdAt", "updatedAt" FROM "Users" AS "User" WHERE "User"."id" = 1;
Executing (default): SELECT "id", "email", "password", "name", "job", "tel", "photo", "role", "createdAt", "updatedAt" FROM "Users" AS "User" WHERE "User"."id" = 1;
Executing (default): SELECT "kp"."id", "kp"."kpNumber", "kp"."kpDate", "kp"."startEvent", "kp"."eventPlace", "kp"."status", "kp"."totalAmount", "contractor"."id" AS "contractor.id", "contractor"."companyName" AS "contractor.companyName", "event"."id" AS "event.id", "event"."title" AS "event.title" FROM "kps" AS "kp" LEFT OUTER JOIN "Contractors" AS "contractor" ON "kp"."contractorId" = "contractor"."id" LEFT OUTER JOIN "Events" AS "event" ON "kp"."eventId" = "event"."id" ORDER BY "kp"."id" DESC LIMIT 50;
Executing (default): SELECT "kp"."id", "kp"."kpNumber", "kp"."kpDate", "kp"."startEvent", "kp"."eventPlace", "kp"."status", "kp"."totalAmount", "contractor"."id" AS "contractor.id", "contractor"."companyName" AS "contractor.companyName", "event"."id" AS "event.id", "event"."title" AS "event.title" FROM "kps" AS "kp" LEFT OUTER JOIN "Contractors" AS "contractor" ON "kp"."contractorId" = "contractor"."id" LEFT OUTER JOIN "Events" AS "event" ON "kp"."eventId" = "event"."id" ORDER BY "kp"."id" DESC LIMIT 50;
Executing (default): SELECT "kpNumber" FROM "kps" AS "kp" ORDER BY CAST("kpNumber" AS INTEGER) DESC LIMIT 1;
Executing (default): SELECT "kpNumber" FROM "kps" AS "kp" ORDER BY CAST("kpNumber" AS INTEGER) DESC LIMIT 1;
Executing (default): SELECT "id", "email", "password", "name", "job", "tel", "photo", "role", "createdAt", "updatedAt" FROM "Users" AS "User" WHERE "User"."id" = 1;
Executing (default): SELECT "id", "email", "password", "name", "job", "tel", "photo", "role", "createdAt", "updatedAt" FROM "Users" AS "User" WHERE "User"."id" = 1;
Executing (default): SELECT "id", "email", "password", "name", "job", "tel", "photo", "role", "createdAt", "updatedAt" FROM "Users" AS "User" WHERE "User"."id" = 1;
Executing (default): SELECT "id", "email", "password", "name", "job", "tel", "photo", "role", "createdAt", "updatedAt" FROM "Users" AS "User" WHERE "User"."id" = 1;
Executing (default): SELECT "kp"."id", "kp"."kpNumber", "kp"."kpDate", "kp"."startEvent", "kp"."eventPlace", "kp"."status", "kp"."totalAmount", "contractor"."id" AS "contractor.id", "contractor"."companyName" AS "contractor.companyName", "event"."id" AS "event.id", "event"."title" AS "event.title" FROM "kps" AS "kp" LEFT OUTER JOIN "Contractors" AS "contractor" ON "kp"."contractorId" = "contractor"."id" LEFT OUTER JOIN "Events" AS "event" ON "kp"."eventId" = "event"."id" ORDER BY "kp"."id" DESC LIMIT 50;
Executing (default): SELECT "kp"."id", "kp"."kpNumber", "kp"."kpDate", "kp"."startEvent", "kp"."eventPlace", "kp"."status", "kp"."totalAmount", "contractor"."id" AS "contractor.id", "contractor"."companyName" AS "contractor.companyName", "event"."id" AS "event.id", "event"."title" AS "event.title" FROM "kps" AS "kp" LEFT OUTER JOIN "Contractors" AS "contractor" ON "kp"."contractorId" = "contractor"."id" LEFT OUTER JOIN "Events" AS "event" ON "kp"."eventId" = "event"."id" ORDER BY "kp"."id" DESC LIMIT 50;
Executing (default): SELECT "kpNumber" FROM "kps" AS "kp" ORDER BY CAST("kpNumber" AS INTEGER) DESC LIMIT 1;
Executing (default): SELECT "kpNumber" FROM "kps" AS "kp" ORDER BY CAST("kpNumber" AS INTEGER) DESC LIMIT 1;
Executing (default): SELECT "id", "companyName", "contactPerson", "phone", "email", "notes", "createdAt", "updatedAt" FROM "Contractors" AS "Contractor" ORDER BY "Contractor"."companyName" ASC;
Executing (default): SELECT "Event"."id", "Event"."title", "Event"."contractorId", "Event"."eventDate", "Event"."startTime", "Event"."endTime", "Event"."startEvent", "Event"."endEvent", "Event"."startTimeStartEvent", "Event"."endTimeStartEvent", "Event"."startTimeEndEvent", "Event"."endTimeEndEvent", "Event"."location", "Event"."status", "Event"."countOfPerson", "Event"."notes", "Event"."createdAt", "Event"."updatedAt", "Contractor"."id" AS "Contractor.id", "Contractor"."companyName" AS "Contractor.companyName", "Contractor"."contactPerson" AS "Contractor.contactPerson" FROM "Events" AS "Event" LEFT OUTER JOIN "Contractors" AS "Contractor" ON "Event"."contractorId" = "Contractor"."id" ORDER BY "Event"."eventDate" ASC, "Event"."startTime" ASC;
Executing (default): SELECT "id", "companyName", "contactPerson", "phone", "email", "notes", "createdAt", "updatedAt" FROM "Contractors" AS "Contractor" ORDER BY "Contractor"."companyName" ASC;
Executing (default): SELECT "Event"."id", "Event"."title", "Event"."contractorId", "Event"."eventDate", "Event"."startTime", "Event"."endTime", "Event"."startEvent", "Event"."endEvent", "Event"."startTimeStartEvent", "Event"."endTimeStartEvent", "Event"."startTimeEndEvent", "Event"."endTimeEndEvent", "Event"."location", "Event"."status", "Event"."countOfPerson", "Event"."notes", "Event"."createdAt", "Event"."updatedAt", "Contractor"."id" AS "Contractor.id", "Contractor"."companyName" AS "Contractor.companyName", "Contractor"."contactPerson" AS "Contractor.contactPerson" FROM "Events" AS "Event" LEFT OUTER JOIN "Contractors" AS "Contractor" ON "Event"."contractorId" = "Contractor"."id" ORDER BY "Event"."eventDate" ASC, "Event"."startTime" ASC;
Executing (default): SELECT "kpNumber" FROM "kps" AS "kp" ORDER BY CAST("kpNumber" AS INTEGER) DESC LIMIT 1;
Executing (default): SELECT "kpNumber" FROM "kps" AS "kp" ORDER BY CAST("kpNumber" AS INTEGER) DESC LIMIT 1;
Executing (default): SELECT "id", "email", "password", "name", "job", "tel", "photo", "role", "createdAt", "updatedAt" FROM "Users" AS "User" WHERE "User"."id" = 1;
Executing (default): SELECT "id", "email", "password", "name", "job", "tel", "photo", "role", "createdAt", "updatedAt" FROM "Users" AS "User" WHERE "User"."id" = 1;
Executing (default): SELECT "id", "email", "password", "name", "job", "tel", "photo", "role", "createdAt", "updatedAt" FROM "Users" AS "User" WHERE "User"."id" = 1;
Executing (default): SELECT "id", "email", "password", "name", "job", "tel", "photo", "role", "createdAt", "updatedAt" FROM "Users" AS "User" WHERE "User"."id" = 1;
Executing (default): SELECT "kpNumber" FROM "kps" AS "kp" ORDER BY CAST("kpNumber" AS INTEGER) DESC LIMIT 1;
Executing (default): SELECT "kpNumber" FROM "kps" AS "kp" ORDER BY CAST("kpNumber" AS INTEGER) DESC LIMIT 1;
Executing (default): SELECT "id", "companyName", "contactPerson", "phone", "email", "notes", "createdAt", "updatedAt" FROM "Contractors" AS "Contractor" ORDER BY "Contractor"."companyName" ASC;
Executing (default): SELECT "Event"."id", "Event"."title", "Event"."contractorId", "Event"."eventDate", "Event"."startTime", "Event"."endTime", "Event"."startEvent", "Event"."endEvent", "Event"."startTimeStartEvent", "Event"."endTimeStartEvent", "Event"."startTimeEndEvent", "Event"."endTimeEndEvent", "Event"."location", "Event"."status", "Event"."countOfPerson", "Event"."notes", "Event"."createdAt", "Event"."updatedAt", "Contractor"."id" AS "Contractor.id", "Contractor"."companyName" AS "Contractor.companyName", "Contractor"."contactPerson" AS "Contractor.contactPerson" FROM "Events" AS "Event" LEFT OUTER JOIN "Contractors" AS "Contractor" ON "Event"."contractorId" = "Contractor"."id" ORDER BY "Event"."eventDate" ASC, "Event"."startTime" ASC;
Executing (default): SELECT "id", "companyName", "contactPerson", "phone", "email", "notes", "createdAt", "updatedAt" FROM "Contractors" AS "Contractor" ORDER BY "Contractor"."companyName" ASC;
Executing (default): SELECT "Event"."id", "Event"."title", "Event"."contractorId", "Event"."eventDate", "Event"."startTime", "Event"."endTime", "Event"."startEvent", "Event"."endEvent", "Event"."startTimeStartEvent", "Event"."endTimeStartEvent", "Event"."startTimeEndEvent", "Event"."endTimeEndEvent", "Event"."location", "Event"."status", "Event"."countOfPerson", "Event"."notes", "Event"."createdAt", "Event"."updatedAt", "Contractor"."id" AS "Contractor.id", "Contractor"."companyName" AS "Contractor.companyName", "Contractor"."contactPerson" AS "Contractor.contactPerson" FROM "Events" AS "Event" LEFT OUTER JOIN "Contractors" AS "Contractor" ON "Event"."contractorId" = "Contractor"."id" ORDER BY "Event"."eventDate" ASC, "Event"."startTime" ASC;
Executing (default): SELECT "kpNumber" FROM "kps" AS "kp" ORDER BY CAST("kpNumber" AS INTEGER) DESC LIMIT 1;
Executing (default): SELECT "id", "companyName", "contactPerson", "phone", "email", "notes", "createdAt", "updatedAt" FROM "Contractors" AS "Contractor" ORDER BY "Contractor"."companyName" ASC;
Executing (default): SELECT "Event"."id", "Event"."title", "Event"."contractorId", "Event"."eventDate", "Event"."startTime", "Event"."endTime", "Event"."startEvent", "Event"."endEvent", "Event"."startTimeStartEvent", "Event"."endTimeStartEvent", "Event"."startTimeEndEvent", "Event"."endTimeEndEvent", "Event"."location", "Event"."status", "Event"."countOfPerson", "Event"."notes", "Event"."createdAt", "Event"."updatedAt", "Contractor"."id" AS "Contractor.id", "Contractor"."companyName" AS "Contractor.companyName", "Contractor"."contactPerson" AS "Contractor.contactPerson" FROM "Events" AS "Event" LEFT OUTER JOIN "Contractors" AS "Contractor" ON "Event"."contractorId" = "Contractor"."id" ORDER BY "Event"."eventDate" ASC, "Event"."startTime" ASC;
Executing (default): SELECT "Event"."id", "Event"."title", "Event"."contractorId", "Event"."eventDate", "Event"."startTime", "Event"."endTime", "Event"."startEvent", "Event"."endEvent", "Event"."startTimeStartEvent", "Event"."endTimeStartEvent", "Event"."startTimeEndEvent", "Event"."endTimeEndEvent", "Event"."location", "Event"."status", "Event"."countOfPerson", "Event"."notes", "Event"."createdAt", "Event"."updatedAt", "Contractor"."id" AS "Contractor.id", "Contractor"."companyName" AS "Contractor.companyName", "Contractor"."contactPerson" AS "Contractor.contactPerson" FROM "Events" AS "Event" LEFT OUTER JOIN "Contractors" AS "Contractor" ON "Event"."contractorId" = "Contractor"."id" ORDER BY "Event"."eventDate" ASC, "Event"."startTime" ASC;
Executing (default): SELECT "id", "companyName", "contactPerson", "phone", "email", "notes", "createdAt", "updatedAt" FROM "Contractors" AS "Contractor" ORDER BY "Contractor"."companyName" ASC;
Executing (default): SELECT "kpNumber" FROM "kps" AS "kp" ORDER BY CAST("kpNumber" AS INTEGER) DESC LIMIT 1;
Executing (default): SELECT "id", "companyName", "contactPerson", "phone", "email", "notes", "createdAt", "updatedAt" FROM "Contractors" AS "Contractor" ORDER BY "Contractor"."companyName" ASC;
Executing (default): SELECT "kpNumber" FROM "kps" AS "kp" ORDER BY CAST("kpNumber" AS INTEGER) DESC LIMIT 1;
Executing (default): SELECT "Event"."id", "Event"."title", "Event"."contractorId", "Event"."eventDate", "Event"."startTime", "Event"."endTime", "Event"."startEvent", "Event"."endEvent", "Event"."startTimeStartEvent", "Event"."endTimeStartEvent", "Event"."startTimeEndEvent", "Event"."endTimeEndEvent", "Event"."location", "Event"."status", "Event"."countOfPerson", "Event"."notes", "Event"."createdAt", "Event"."updatedAt", "Contractor"."id" AS "Contractor.id", "Contractor"."companyName" AS "Contractor.companyName", "Contractor"."contactPerson" AS "Contractor.contactPerson" FROM "Events" AS "Event" LEFT OUTER JOIN "Contractors" AS "Contractor" ON "Event"."contractorId" = "Contractor"."id" ORDER BY "Event"."eventDate" ASC, "Event"."startTime" ASC;
Executing (default): SELECT "kpNumber" FROM "kps" AS "kp" ORDER BY CAST("kpNumber" AS INTEGER) DESC LIMIT 1;
Executing (default): SELECT "kpNumber" FROM "kps" AS "kp" ORDER BY CAST("kpNumber" AS INTEGER) DESC LIMIT 1;
Executing (default): SELECT "id", "email", "password", "name", "job", "tel", "photo", "role", "createdAt", "updatedAt" FROM "Users" AS "User" WHERE "User"."id" = 1;
Executing (default): SELECT "id", "email", "password", "name", "job", "tel", "photo", "role", "createdAt", "updatedAt" FROM "Users" AS "User" WHERE "User"."id" = 1;
Executing (default): SELECT "id", "email", "password", "name", "job", "tel", "photo", "role", "createdAt", "updatedAt" FROM "Users" AS "User" WHERE "User"."id" = 1;
Executing (default): SELECT "id", "email", "password", "name", "job", "tel", "photo", "role", "createdAt", "updatedAt" FROM "Users" AS "User" WHERE "User"."id" = 1;
Executing (default): SELECT "kpNumber" FROM "kps" AS "kp" ORDER BY CAST("kpNumber" AS INTEGER) DESC LIMIT 1;
Executing (default): SELECT "id", "companyName", "contactPerson", "phone", "email", "notes", "createdAt", "updatedAt" FROM "Contractors" AS "Contractor" ORDER BY "Contractor"."companyName" ASC;
Executing (default): SELECT "kpNumber" FROM "kps" AS "kp" ORDER BY CAST("kpNumber" AS INTEGER) DESC LIMIT 1;
Executing (default): SELECT "Event"."id", "Event"."title", "Event"."contractorId", "Event"."eventDate", "Event"."startTime", "Event"."endTime", "Event"."startEvent", "Event"."endEvent", "Event"."startTimeStartEvent", "Event"."endTimeStartEvent", "Event"."startTimeEndEvent", "Event"."endTimeEndEvent", "Event"."location", "Event"."status", "Event"."countOfPerson", "Event"."notes", "Event"."createdAt", "Event"."updatedAt", "Contractor"."id" AS "Contractor.id", "Contractor"."companyName" AS "Contractor.companyName", "Contractor"."contactPerson" AS "Contractor.contactPerson" FROM "Events" AS "Event" LEFT OUTER JOIN "Contractors" AS "Contractor" ON "Event"."contractorId" = "Contractor"."id" ORDER BY "Event"."eventDate" ASC, "Event"."startTime" ASC;
Executing (default): SELECT "id", "companyName", "contactPerson", "phone", "email", "notes", "createdAt", "updatedAt" FROM "Contractors" AS "Contractor" ORDER BY "Contractor"."companyName" ASC;
Executing (default): SELECT "Event"."id", "Event"."title", "Event"."contractorId", "Event"."eventDate", "Event"."startTime", "Event"."endTime", "Event"."startEvent", "Event"."endEvent", "Event"."startTimeStartEvent", "Event"."endTimeStartEvent", "Event"."startTimeEndEvent", "Event"."endTimeEndEvent", "Event"."location", "Event"."status", "Event"."countOfPerson", "Event"."notes", "Event"."createdAt", "Event"."updatedAt", "Contractor"."id" AS "Contractor.id", "Contractor"."companyName" AS "Contractor.companyName", "Contractor"."contactPerson" AS "Contractor.contactPerson" FROM "Events" AS "Event" LEFT OUTER JOIN "Contractors" AS "Contractor" ON "Event"."contractorId" = "Contractor"."id" ORDER BY "Event"."eventDate" ASC, "Event"."startTime" ASC;
